season,round,circuit,driver_id,driver_name,constructor,grid_pos,finish_pos,status,points,laps_completed,dnf
2018,1,Albert Park Grand Prix Circuit,vettel,Sebastian Vettel,Ferrari,3,1,Finished,25.0,58,0
2018,1,Albert Park Grand Prix Circuit,hamilton,Lewis Hamilton,Mercedes,1,2,Finished,18.0,58,0
2018,1,Albert Park Grand Prix Circuit,raikkonen,Kimi Räikkönen,Ferrari,2,3,Finished,15.0,58,0
2018,1,Albert Park Grand Prix Circuit,ricciardo,Daniel Ricciardo,Red Bull,8,4,Finished,12.0,58,0
2018,1,Albert Park Grand Prix Circuit,alonso,Fernando Alonso,McLaren,10,5,Finished,10.0,58,0
2018,1,Albert Park Grand Prix Circuit,max_verstappen,Max Verstappen,Red Bull,4,6,Finished,8.0,58,0
2018,1,Albert Park Grand Prix Circuit,hulkenberg,Nico Hülkenberg,Renault,7,7,Finished,6.0,58,0
2018,1,Albert Park Grand Prix Circuit,bottas,Valtteri Bottas,Mercedes,15,8,Finished,4.0,58,0
2018,1,Albert Park Grand Prix Circuit,vandoorne,Stoffel Vandoorne,McLaren,11,9,Finished,2.0,58,0
2018,1,Albert Park Grand Prix Circuit,sainz,Carlos Sainz,Renault,9,10,Finished,1.0,58,0
2018,1,Albert Park Grand Prix Circuit,perez,Sergio Pérez,Force India,12,11,Finished,0.0,58,0
2018,1,Albert Park Grand Prix Circuit,ocon,Esteban Ocon,Force India,14,12,Finished,0.0,58,0
2018,1,Albert Park Grand Prix Circuit,leclerc,Charles Leclerc,Sauber,18,13,Finished,0.0,58,0
2018,1,Albert Park Grand Prix Circuit,stroll,Lance Stroll,Williams,13,14,Finished,0.0,58,0
2018,1,Albert Park Grand Prix Circuit,brendon_hartley,Brendon Hartley,Toro Rosso,16,15,+1 Lap,0.0,57,0
2018,1,Albert Park Grand Prix Circuit,grosjean,Romain Grosjean,Haas F1 Team,6,16,Wheel,0.0,24,1
2018,1,Albert Park Grand Prix Circuit,kevin_magnussen,Kevin Magnussen,Haas F1 Team,5,17,Wheel,0.0,22,1
2018,1,Albert Park Grand Prix Circuit,gasly,Pierre Gasly,Toro Rosso,20,18,Engine,0.0,13,1
2018,1,Albert Park Grand Prix Circuit,ericsson,Marcus Ericsson,Sauber,17,19,Steering,0.0,5,1
2018,1,Albert Park Grand Prix Circuit,sirotkin,Sergey Sirotkin,Williams,19,20,Brakes,0.0,4,1
2018,2,Bahrain International Circuit,vettel,Sebastian Vettel,Ferrari,1,1,Finished,25.0,57,0
2018,2,Bahrain International Circuit,bottas,Valtteri Bottas,Mercedes,3,2,Finished,18.0,57,0
2018,2,Bahrain International Circuit,hamilton,Lewis Hamilton,Mercedes,9,3,Finished,15.0,57,0
2018,2,Bahrain International Circuit,gasly,Pierre Gasly,Toro Rosso,5,4,Finished,12.0,57,0
2018,2,Bahrain International Circuit,kevin_magnussen,Kevin Magnussen,Haas F1 Team,6,5,Finished,10.0,57,0
2018,2,Bahrain International Circuit,hulkenberg,Nico Hülkenberg,Renault,7,6,Finished,8.0,57,0
2018,2,Bahrain International Circuit,alonso,Fernando Alonso,McLaren,13,7,+1 Lap,6.0,56,0
2018,2,Bahrain International Circuit,vandoorne,Stoffel Vandoorne,McLaren,14,8,+1 Lap,4.0,56,0
2018,2,Bahrain International Circuit,ericsson,Marcus Ericsson,Sauber,17,9,+1 Lap,2.0,56,0
2018,2,Bahrain International Circuit,ocon,Esteban Ocon,Force India,8,10,+1 Lap,1.0,56,0
2018,2,Bahrain International Circuit,sainz,Carlos Sainz,Renault,10,11,+1 Lap,0.0,56,0
2018,2,Bahrain International Circuit,leclerc,Charles Leclerc,Sauber,19,12,+1 Lap,0.0,56,0
2018,2,Bahrain International Circuit,grosjean,Romain Grosjean,Haas F1 Team,16,13,+1 Lap,0.0,56,0
2018,2,Bahrain International Circuit,stroll,Lance Stroll,Williams,20,14,+1 Lap,0.0,56,0
2018,2,Bahrain International Circuit,sirotkin,Sergey Sirotkin,Williams,18,15,+1 Lap,0.0,56,0
2018,2,Bahrain International Circuit,perez,Sergio Pérez,Force India,12,16,+1 Lap,0.0,56,0
2018,2,Bahrain International Circuit,brendon_hartley,Brendon Hartley,Toro Rosso,11,17,+1 Lap,0.0,56,0
2018,2,Bahrain International Circuit,raikkonen,Kimi Räikkönen,Ferrari,2,18,Wheel,0.0,35,1
2018,2,Bahrain International Circuit,max_verstappen,Max Verstappen,Red Bull,15,19,Puncture,0.0,3,1
2018,2,Bahrain International Circuit,ricciardo,Daniel Ricciardo,Red Bull,4,20,Electrical,0.0,1,1
2018,3,Shanghai International Circuit,ricciardo,Daniel Ricciardo,Red Bull,6,1,Finished,25.0,56,0
2018,3,Shanghai International Circuit,bottas,Valtteri Bottas,Mercedes,3,2,Finished,18.0,56,0
2018,3,Shanghai International Circuit,raikkonen,Kimi Räikkönen,Ferrari,2,3,Finished,15.0,56,0
2018,3,Shanghai International Circuit,hamilton,Lewis Hamilton,Mercedes,4,4,Finished,12.0,56,0
2018,3,Shanghai International Circuit,max_verstappen,Max Verstappen,Red Bull,5,5,Finished,10.0,56,0
2018,3,Shanghai International Circuit,hulkenberg,Nico Hülkenberg,Renault,7,6,Finished,8.0,56,0
2018,3,Shanghai International Circuit,alonso,Fernando Alonso,McLaren,13,7,Finished,6.0,56,0
2018,3,Shanghai International Circuit,vettel,Sebastian Vettel,Ferrari,1,8,Finished,4.0,56,0
2018,3,Shanghai International Circuit,sainz,Carlos Sainz,Renault,9,9,Finished,2.0,56,0
2018,3,Shanghai International Circuit,kevin_magnussen,Kevin Magnussen,Haas F1 Team,11,10,Finished,1.0,56,0
2018,3,Shanghai International Circuit,ocon,Esteban Ocon,Force India,12,11,Finished,0.0,56,0
2018,3,Shanghai International Circuit,perez,Sergio Pérez,Force India,8,12,Finished,0.0,56,0
2018,3,Shanghai International Circuit,vandoorne,Stoffel Vandoorne,McLaren,14,13,Finished,0.0,56,0
2018,3,Shanghai International Circuit,stroll,Lance Stroll,Williams,18,14,Finished,0.0,56,0
2018,3,Shanghai International Circuit,sirotkin,Sergey Sirotkin,Williams,16,15,Finished,0.0,56,0
2018,3,Shanghai International Circuit,ericsson,Marcus Ericsson,Sauber,20,16,Finished,0.0,56,0
2018,3,Shanghai International Circuit,grosjean,Romain Grosjean,Haas F1 Team,10,17,Finished,0.0,56,0
2018,3,Shanghai International Circuit,gasly,Pierre Gasly,Toro Rosso,17,18,Finished,0.0,56,0
2018,3,Shanghai International Circuit,leclerc,Charles Leclerc,Sauber,19,19,Finished,0.0,56,0
2018,3,Shanghai International Circuit,brendon_hartley,Brendon Hartley,Toro Rosso,15,20,Collision damage,0.0,51,1
2018,4,Baku City Circuit,hamilton,Lewis Hamilton,Mercedes,2,1,Finished,25.0,51,0
2018,4,Baku City Circuit,raikkonen,Kimi Räikkönen,Ferrari,6,2,Finished,18.0,51,0
2018,4,Baku City Circuit,perez,Sergio Pérez,Force India,8,3,Finished,15.0,51,0
2018,4,Baku City Circuit,vettel,Sebastian Vettel,Ferrari,1,4,Finished,12.0,51,0
2018,4,Baku City Circuit,sainz,Carlos Sainz,Renault,9,5,Finished,10.0,51,0
2018,4,Baku City Circuit,leclerc,Charles Leclerc,Sauber,13,6,Finished,8.0,51,0
2018,4,Baku City Circuit,alonso,Fernando Alonso,McLaren,12,7,Finished,6.0,51,0
2018,4,Baku City Circuit,stroll,Lance Stroll,Williams,10,8,Finished,4.0,51,0
2018,4,Baku City Circuit,vandoorne,Stoffel Vandoorne,McLaren,16,9,Finished,2.0,51,0
2018,4,Baku City Circuit,brendon_hartley,Brendon Hartley,Toro Rosso,19,10,Finished,1.0,51,0
2018,4,Baku City Circuit,ericsson,Marcus Ericsson,Sauber,18,11,Finished,0.0,51,0
2018,4,Baku City Circuit,gasly,Pierre Gasly,Toro Rosso,17,12,Finished,0.0,51,0
2018,4,Baku City Circuit,kevin_magnussen,Kevin Magnussen,Haas F1 Team,15,13,Finished,0.0,51,0
2018,4,Baku City Circuit,bottas,Valtteri Bottas,Mercedes,3,14,Puncture,0.0,48,1
2018,4,Baku City Circuit,grosjean,Romain Grosjean,Haas F1 Team,20,15,Accident,0.0,42,1
2018,4,Baku City Circuit,max_verstappen,Max Verstappen,Red Bull,5,16,Collision,0.0,39,1
2018,4,Baku City Circuit,ricciardo,Daniel Ricciardo,Red Bull,4,17,Collision,0.0,39,1
2018,4,Baku City Circuit,hulkenberg,Nico Hülkenberg,Renault,14,18,Accident,0.0,10,1
2018,4,Baku City Circuit,ocon,Esteban Ocon,Force India,7,19,Collision,0.0,0,1
2018,4,Baku City Circuit,sirotkin,Sergey Sirotkin,Williams,11,20,Collision,0.0,0,1
2018,5,Circuit de Barcelona-Catalunya,hamilton,Lewis Hamilton,Mercedes,1,1,Finished,25.0,66,0
2018,5,Circuit de Barcelona-Catalunya,bottas,Valtteri Bottas,Mercedes,2,2,Finished,18.0,66,0
2018,5,Circuit de Barcelona-Catalunya,max_verstappen,Max Verstappen,Red Bull,5,3,Finished,15.0,66,0
2018,5,Circuit de Barcelona-Catalunya,vettel,Sebastian Vettel,Ferrari,3,4,Finished,12.0,66,0
2018,5,Circuit de Barcelona-Catalunya,ricciardo,Daniel Ricciardo,Red Bull,6,5,Finished,10.0,66,0
2018,5,Circuit de Barcelona-Catalunya,kevin_magnussen,Kevin Magnussen,Haas F1 Team,7,6,+1 Lap,8.0,65,0
2018,5,Circuit de Barcelona-Catalunya,sainz,Carlos Sainz,Renault,9,7,+1 Lap,6.0,65,0
2018,5,Circuit de Barcelona-Catalunya,alonso,Fernando Alonso,McLaren,8,8,+1 Lap,4.0,65,0
2018,5,Circuit de Barcelona-Catalunya,perez,Sergio Pérez,Force India,15,9,+2 Laps,2.0,64,0
2018,5,Circuit de Barcelona-Catalunya,leclerc,Charles Leclerc,Sauber,14,10,+2 Laps,1.0,64,0
2018,5,Circuit de Barcelona-Catalunya,stroll,Lance Stroll,Williams,18,11,+2 Laps,0.0,64,0
2018,5,Circuit de Barcelona-Catalunya,brendon_hartley,Brendon Hartley,Toro Rosso,20,12,+2 Laps,0.0,64,0
2018,5,Circuit de Barcelona-Catalunya,ericsson,Marcus Ericsson,Sauber,17,13,+2 Laps,0.0,64,0
2018,5,Circuit de Barcelona-Catalunya,sirotkin,Sergey Sirotkin,Williams,19,14,+3 Laps,0.0,63,0
2018,5,Circuit de Barcelona-Catalunya,vandoorne,Stoffel Vandoorne,McLaren,11,15,Gearbox,0.0,45,1
2018,5,Circuit de Barcelona-Catalunya,ocon,Esteban Ocon,Force India,13,16,Oil leak,0.0,38,1
2018,5,Circuit de Barcelona-Catalunya,raikkonen,Kimi Räikkönen,Ferrari,4,17,Turbo,0.0,25,1
2018,5,Circuit de Barcelona-Catalunya,grosjean,Romain Grosjean,Haas F1 Team,10,18,Collision,0.0,0,1
2018,5,Circuit de Barcelona-Catalunya,gasly,Pierre Gasly,Toro Rosso,12,19,Collision,0.0,0,1
2018,5,Circuit de Barcelona-Catalunya,hulkenberg,Nico Hülkenberg,Renault,16,20,Collision,0.0,0,1
2018,6,Circuit de Monaco,ricciardo,Daniel Ricciardo,Red Bull,1,1,Finished,25.0,78,0
2018,6,Circuit de Monaco,vettel,Sebastian Vettel,Ferrari,2,2,Finished,18.0,78,0
2018,6,Circuit de Monaco,hamilton,Lewis Hamilton,Mercedes,3,3,Finished,15.0,78,0
2018,6,Circuit de Monaco,raikkonen,Kimi Räikkönen,Ferrari,4,4,Finished,12.0,78,0
2018,6,Circuit de Monaco,bottas,Valtteri Bottas,Mercedes,5,5,Finished,10.0,78,0
2018,6,Circuit de Monaco,ocon,Esteban Ocon,Force India,6,6,Finished,8.0,78,0
2018,6,Circuit de Monaco,gasly,Pierre Gasly,Toro Rosso,10,7,Finished,6.0,78,0
2018,6,Circuit de Monaco,hulkenberg,Nico Hülkenberg,Renault,11,8,Finished,4.0,78,0
2018,6,Circuit de Monaco,max_verstappen,Max Verstappen,Red Bull,20,9,Finished,2.0,78,0
2018,6,Circuit de Monaco,sainz,Carlos Sainz,Renault,8,10,Finished,1.0,78,0
2018,6,Circuit de Monaco,ericsson,Marcus Ericsson,Sauber,16,11,Finished,0.0,78,0
2018,6,Circuit de Monaco,perez,Sergio Pérez,Force India,9,12,Finished,0.0,78,0
2018,6,Circuit de Monaco,kevin_magnussen,Kevin Magnussen,Haas F1 Team,19,13,Finished,0.0,78,0
2018,6,Circuit de Monaco,vandoorne,Stoffel Vandoorne,McLaren,12,14,+1 Lap,0.0,77,0
2018,6,Circuit de Monaco,grosjean,Romain Grosjean,Haas F1 Team,18,15,+1 Lap,0.0,77,0
2018,6,Circuit de Monaco,sirotkin,Sergey Sirotkin,Williams,13,16,+1 Lap,0.0,77,0
2018,6,Circuit de Monaco,stroll,Lance Stroll,Williams,17,17,+2 Laps,0.0,76,0
2018,6,Circuit de Monaco,leclerc,Charles Leclerc,Sauber,14,18,Collision,0.0,70,1
2018,6,Circuit de Monaco,brendon_hartley,Brendon Hartley,Toro Rosso,15,19,Collision,0.0,70,1
2018,6,Circuit de Monaco,alonso,Fernando Alonso,McLaren,7,20,Gearbox,0.0,52,1
2018,7,Circuit Gilles Villeneuve,vettel,Sebastian Vettel,Ferrari,1,1,Finished,25.0,68,0
2018,7,Circuit Gilles Villeneuve,bottas,Valtteri Bottas,Mercedes,2,2,Finished,18.0,68,0
2018,7,Circuit Gilles Villeneuve,max_verstappen,Max Verstappen,Red Bull,3,3,Finished,15.0,68,0
2018,7,Circuit Gilles Villeneuve,ricciardo,Daniel Ricciardo,Red Bull,6,4,Finished,12.0,68,0
2018,7,Circuit Gilles Villeneuve,hamilton,Lewis Hamilton,Mercedes,4,5,Finished,10.0,68,0
2018,7,Circuit Gilles Villeneuve,raikkonen,Kimi Räikkönen,Ferrari,5,6,Finished,8.0,68,0
2018,7,Circuit Gilles Villeneuve,hulkenberg,Nico Hülkenberg,Renault,7,7,+1 Lap,6.0,67,0
2018,7,Circuit Gilles Villeneuve,sainz,Carlos Sainz,Renault,9,8,+1 Lap,4.0,67,0
2018,7,Circuit Gilles Villeneuve,ocon,Esteban Ocon,Force India,8,9,+1 Lap,2.0,67,0
2018,7,Circuit Gilles Villeneuve,leclerc,Charles Leclerc,Sauber,13,10,+1 Lap,1.0,67,0
2018,7,Circuit Gilles Villeneuve,gasly,Pierre Gasly,Toro Rosso,16,11,+1 Lap,0.0,67,0
2018,7,Circuit Gilles Villeneuve,grosjean,Romain Grosjean,Haas F1 Team,20,12,+1 Lap,0.0,67,0
2018,7,Circuit Gilles Villeneuve,kevin_magnussen,Kevin Magnussen,Haas F1 Team,11,13,+1 Lap,0.0,67,0
2018,7,Circuit Gilles Villeneuve,perez,Sergio Pérez,Force India,10,14,+1 Lap,0.0,67,0
2018,7,Circuit Gilles Villeneuve,ericsson,Marcus Ericsson,Sauber,19,15,+2 Laps,0.0,66,0
2018,7,Circuit Gilles Villeneuve,vandoorne,Stoffel Vandoorne,McLaren,15,16,+2 Laps,0.0,66,0
2018,7,Circuit Gilles Villeneuve,sirotkin,Sergey Sirotkin,Williams,18,17,+2 Laps,0.0,66,0
2018,7,Circuit Gilles Villeneuve,alonso,Fernando Alonso,McLaren,14,18,Exhaust,0.0,40,1
2018,7,Circuit Gilles Villeneuve,brendon_hartley,Brendon Hartley,Toro Rosso,12,19,Collision,0.0,0,1
2018,7,Circuit Gilles Villeneuve,stroll,Lance Stroll,Williams,17,20,Collision,0.0,0,1
2018,8,Circuit Paul Ricard,hamilton,Lewis Hamilton,Mercedes,1,1,Finished,25.0,53,0
2018,8,Circuit Paul Ricard,max_verstappen,Max Verstappen,Red Bull,4,2,Finished,18.0,53,0
2018,8,Circuit Paul Ricard,raikkonen,Kimi Räikkönen,Ferrari,6,3,Finished,15.0,53,0
2018,8,Circuit Paul Ricard,ricciardo,Daniel Ricciardo,Red Bull,5,4,Finished,12.0,53,0
2018,8,Circuit Paul Ricard,vettel,Sebastian Vettel,Ferrari,3,5,Finished,10.0,53,0
2018,8,Circuit Paul Ricard,kevin_magnussen,Kevin Magnussen,Haas F1 Team,9,6,Finished,8.0,53,0
2018,8,Circuit Paul Ricard,bottas,Valtteri Bottas,Mercedes,2,7,Finished,6.0,53,0
2018,8,Circuit Paul Ricard,sainz,Carlos Sainz,Renault,7,8,Finished,4.0,53,0
2018,8,Circuit Paul Ricard,hulkenberg,Nico Hülkenberg,Renault,12,9,Finished,2.0,53,0
2018,8,Circuit Paul Ricard,leclerc,Charles Leclerc,Sauber,8,10,Finished,1.0,53,0
2018,8,Circuit Paul Ricard,grosjean,Romain Grosjean,Haas F1 Team,10,11,+1 Lap,0.0,52,0
2018,8,Circuit Paul Ricard,vandoorne,Stoffel Vandoorne,McLaren,17,12,+1 Lap,0.0,52,0
2018,8,Circuit Paul Ricard,ericsson,Marcus Ericsson,Sauber,15,13,+1 Lap,0.0,52,0
2018,8,Circuit Paul Ricard,brendon_hartley,Brendon Hartley,Toro Rosso,20,14,+1 Lap,0.0,52,0
2018,8,Circuit Paul Ricard,sirotkin,Sergey Sirotkin,Williams,18,15,+1 Lap,0.0,52,0
2018,8,Circuit Paul Ricard,alonso,Fernando Alonso,McLaren,16,16,Wheel,0.0,50,1
2018,8,Circuit Paul Ricard,stroll,Lance Stroll,Williams,19,17,Puncture,0.0,48,1
2018,8,Circuit Paul Ricard,perez,Sergio Pérez,Force India,13,18,Engine,0.0,27,1
2018,8,Circuit Paul Ricard,ocon,Esteban Ocon,Force India,11,19,Collision,0.0,0,1
2018,8,Circuit Paul Ricard,gasly,Pierre Gasly,Toro Rosso,14,20,Collision,0.0,0,1
2018,9,Red Bull Ring,max_verstappen,Max Verstappen,Red Bull,4,1,Finished,25.0,71,0
2018,9,Red Bull Ring,raikkonen,Kimi Räikkönen,Ferrari,3,2,Finished,18.0,71,0
2018,9,Red Bull Ring,vettel,Sebastian Vettel,Ferrari,6,3,Finished,15.0,71,0
2018,9,Red Bull Ring,grosjean,Romain Grosjean,Haas F1 Team,5,4,+1 Lap,12.0,70,0
2018,9,Red Bull Ring,kevin_magnussen,Kevin Magnussen,Haas F1 Team,8,5,+1 Lap,10.0,70,0
2018,9,Red Bull Ring,ocon,Esteban Ocon,Force India,11,6,+1 Lap,8.0,70,0
2018,9,Red Bull Ring,perez,Sergio Pérez,Force India,16,7,+1 Lap,6.0,70,0
2018,9,Red Bull Ring,alonso,Fernando Alonso,McLaren,13,8,+1 Lap,4.0,70,0
2018,9,Red Bull Ring,leclerc,Charles Leclerc,Sauber,18,9,+1 Lap,2.0,70,0
2018,9,Red Bull Ring,ericsson,Marcus Ericsson,Sauber,20,10,+1 Lap,1.0,70,0
2018,9,Red Bull Ring,gasly,Pierre Gasly,Toro Rosso,12,11,+1 Lap,0.0,70,0
2018,9,Red Bull Ring,sainz,Carlos Sainz,Renault,9,12,+1 Lap,0.0,70,0
2018,9,Red Bull Ring,sirotkin,Sergey Sirotkin,Williams,17,13,+2 Laps,0.0,69,0
2018,9,Red Bull Ring,stroll,Lance Stroll,Williams,14,14,+2 Laps,0.0,69,0
2018,9,Red Bull Ring,vandoorne,Stoffel Vandoorne,McLaren,15,15,Collision damage,0.0,65,1
2018,9,Red Bull Ring,hamilton,Lewis Hamilton,Mercedes,2,16,Fuel pressure,0.0,62,1
2018,9,Red Bull Ring,brendon_hartley,Brendon Hartley,Toro Rosso,19,17,Hydraulics,0.0,54,1
2018,9,Red Bull Ring,ricciardo,Daniel Ricciardo,Red Bull,7,18,Exhaust,0.0,53,1
2018,9,Red Bull Ring,bottas,Valtteri Bottas,Mercedes,1,19,Hydraulics,0.0,13,1
2018,9,Red Bull Ring,hulkenberg,Nico Hülkenberg,Renault,10,20,Engine,0.0,11,1
2018,10,Silverstone Circuit,vettel,Sebastian Vettel,Ferrari,2,1,Finished,25.0,52,0
2018,10,Silverstone Circuit,hamilton,Lewis Hamilton,Mercedes,1,2,Finished,18.0,52,0
2018,10,Silverstone Circuit,raikkonen,Kimi Räikkönen,Ferrari,3,3,Finished,15.0,52,0
2018,10,Silverstone Circuit,bottas,Valtteri Bottas,Mercedes,4,4,Finished,12.0,52,0
2018,10,Silverstone Circuit,ricciardo,Daniel Ricciardo,Red Bull,6,5,Finished,10.0,52,0
2018,10,Silverstone Circuit,hulkenberg,Nico Hülkenberg,Renault,11,6,Finished,8.0,52,0
2018,10,Silverstone Circuit,ocon,Esteban Ocon,Force India,10,7,Finished,6.0,52,0
2018,10,Silverstone Circuit,alonso,Fernando Alonso,McLaren,13,8,Finished,4.0,52,0
2018,10,Silverstone Circuit,kevin_magnussen,Kevin Magnussen,Haas F1 Team,7,9,Finished,2.0,52,0
2018,10,Silverstone Circuit,perez,Sergio Pérez,Force India,12,10,Finished,1.0,52,0
2018,10,Silverstone Circuit,vandoorne,Stoffel Vandoorne,McLaren,17,11,Finished,0.0,52,0
2018,10,Silverstone Circuit,stroll,Lance Stroll,Williams,19,12,Finished,0.0,52,0
2018,10,Silverstone Circuit,gasly,Pierre Gasly,Toro Rosso,14,13,Finished,0.0,52,0
2018,10,Silverstone Circuit,sirotkin,Sergey Sirotkin,Williams,18,14,Finished,0.0,52,0
2018,10,Silverstone Circuit,max_verstappen,Max Verstappen,Red Bull,5,15,Brakes,0.0,46,1
2018,10,Silverstone Circuit,grosjean,Romain Grosjean,Haas F1 Team,8,16,Collision,0.0,37,1
2018,10,Silverstone Circuit,sainz,Carlos Sainz,Renault,16,17,Collision,0.0,37,1
2018,10,Silverstone Circuit,ericsson,Marcus Ericsson,Sauber,15,18,Accident,0.0,31,1
2018,10,Silverstone Circuit,leclerc,Charles Leclerc,Sauber,9,19,Tyre,0.0,18,1
2018,10,Silverstone Circuit,brendon_hartley,Brendon Hartley,Toro Rosso,0,20,Power Unit,0.0,1,1
2018,11,Hockenheimring,hamilton,Lewis Hamilton,Mercedes,14,1,Finished,25.0,67,0
2018,11,Hockenheimring,bottas,Valtteri Bottas,Mercedes,2,2,Finished,18.0,67,0
2018,11,Hockenheimring,raikkonen,Kimi Räikkönen,Ferrari,3,3,Finished,15.0,67,0
2018,11,Hockenheimring,max_verstappen,Max Verstappen,Red Bull,4,4,Finished,12.0,67,0
2018,11,Hockenheimring,hulkenberg,Nico Hülkenberg,Renault,7,5,Finished,10.0,67,0
2018,11,Hockenheimring,grosjean,Romain Grosjean,Haas F1 Team,6,6,Finished,8.0,67,0
2018,11,Hockenheimring,perez,Sergio Pérez,Force India,10,7,Finished,6.0,67,0
2018,11,Hockenheimring,ocon,Esteban Ocon,Force India,15,8,Finished,4.0,67,0
2018,11,Hockenheimring,ericsson,Marcus Ericsson,Sauber,13,9,Finished,2.0,67,0
2018,11,Hockenheimring,brendon_hartley,Brendon Hartley,Toro Rosso,17,10,Finished,1.0,67,0
2018,11,Hockenheimring,kevin_magnussen,Kevin Magnussen,Haas F1 Team,5,11,Finished,0.0,67,0
2018,11,Hockenheimring,sainz,Carlos Sainz,Renault,8,12,Finished,0.0,67,0
2018,11,Hockenheimring,vandoorne,Stoffel Vandoorne,McLaren,19,13,Finished,0.0,67,0
2018,11,Hockenheimring,gasly,Pierre Gasly,Toro Rosso,16,14,+1 Lap,0.0,66,0
2018,11,Hockenheimring,leclerc,Charles Leclerc,Sauber,9,15,+1 Lap,0.0,66,0
2018,11,Hockenheimring,alonso,Fernando Alonso,McLaren,11,16,Retired,0.0,65,1
2018,11,Hockenheimring,stroll,Lance Stroll,Williams,18,17,Engine,0.0,53,1
2018,11,Hockenheimring,vettel,Sebastian Vettel,Ferrari,1,18,Accident,0.0,51,1
2018,11,Hockenheimring,sirotkin,Sergey Sirotkin,Williams,12,19,Engine,0.0,51,1
2018,11,Hockenheimring,ricciardo,Daniel Ricciardo,Red Bull,20,20,Engine,0.0,27,1
2018,12,Hungaroring,hamilton,Lewis Hamilton,Mercedes,1,1,Finished,25.0,70,0
2018,12,Hungaroring,vettel,Sebastian Vettel,Ferrari,4,2,Finished,18.0,70,0
2018,12,Hungaroring,raikkonen,Kimi Räikkönen,Ferrari,3,3,Finished,15.0,70,0
2018,12,Hungaroring,ricciardo,Daniel Ricciardo,Red Bull,12,4,Finished,12.0,70,0
2018,12,Hungaroring,bottas,Valtteri Bottas,Mercedes,2,5,Finished,10.0,70,0
2018,12,Hungaroring,gasly,Pierre Gasly,Toro Rosso,6,6,Finished,8.0,70,0
2018,12,Hungaroring,kevin_magnussen,Kevin Magnussen,Haas F1 Team,9,7,+1 Lap,6.0,69,0
2018,12,Hungaroring,alonso,Fernando Alonso,McLaren,11,8,+1 Lap,4.0,69,0
2018,12,Hungaroring,sainz,Carlos Sainz,Renault,5,9,+1 Lap,2.0,69,0
2018,12,Hungaroring,grosjean,Romain Grosjean,Haas F1 Team,10,10,+1 Lap,1.0,69,0
2018,12,Hungaroring,brendon_hartley,Brendon Hartley,Toro Rosso,8,11,+1 Lap,0.0,69,0
2018,12,Hungaroring,hulkenberg,Nico Hülkenberg,Renault,13,12,+1 Lap,0.0,69,0
2018,12,Hungaroring,ocon,Esteban Ocon,Force India,18,13,+1 Lap,0.0,69,0
2018,12,Hungaroring,perez,Sergio Pérez,Force India,19,14,+1 Lap,0.0,69,0
2018,12,Hungaroring,ericsson,Marcus Ericsson,Sauber,14,15,+2 Laps,0.0,68,0
2018,12,Hungaroring,sirotkin,Sergey Sirotkin,Williams,20,16,+2 Laps,0.0,68,0
2018,12,Hungaroring,stroll,Lance Stroll,Williams,15,17,+2 Laps,0.0,68,0
2018,12,Hungaroring,vandoorne,Stoffel Vandoorne,McLaren,16,18,Gearbox,0.0,49,1
2018,12,Hungaroring,max_verstappen,Max Verstappen,Red Bull,7,19,Power loss,0.0,5,1
2018,12,Hungaroring,leclerc,Charles Leclerc,Sauber,17,20,Suspension,0.0,0,1
2018,13,Circuit de Spa-Francorchamps,vettel,Sebastian Vettel,Ferrari,2,1,Finished,25.0,44,0
2018,13,Circuit de Spa-Francorchamps,hamilton,Lewis Hamilton,Mercedes,1,2,Finished,18.0,44,0
2018,13,Circuit de Spa-Francorchamps,max_verstappen,Max Verstappen,Red Bull,7,3,Finished,15.0,44,0
2018,13,Circuit de Spa-Francorchamps,bottas,Valtteri Bottas,Mercedes,19,4,Finished,12.0,44,0
2018,13,Circuit de Spa-Francorchamps,perez,Sergio Pérez,Force India,4,5,Finished,10.0,44,0
2018,13,Circuit de Spa-Francorchamps,ocon,Esteban Ocon,Force India,3,6,Finished,8.0,44,0
2018,13,Circuit de Spa-Francorchamps,grosjean,Romain Grosjean,Haas F1 Team,5,7,Finished,6.0,44,0
2018,13,Circuit de Spa-Francorchamps,kevin_magnussen,Kevin Magnussen,Haas F1 Team,9,8,Finished,4.0,44,0
2018,13,Circuit de Spa-Francorchamps,gasly,Pierre Gasly,Toro Rosso,10,9,Finished,2.0,44,0
2018,13,Circuit de Spa-Francorchamps,ericsson,Marcus Ericsson,Sauber,13,10,+1 Lap,1.0,43,0
2018,13,Circuit de Spa-Francorchamps,sainz,Carlos Sainz,Renault,14,11,+1 Lap,0.0,43,0
2018,13,Circuit de Spa-Francorchamps,sirotkin,Sergey Sirotkin,Williams,16,12,+1 Lap,0.0,43,0
2018,13,Circuit de Spa-Francorchamps,stroll,Lance Stroll,Williams,17,13,+1 Lap,0.0,43,0
2018,13,Circuit de Spa-Francorchamps,brendon_hartley,Brendon Hartley,Toro Rosso,11,14,+1 Lap,0.0,43,0
2018,13,Circuit de Spa-Francorchamps,vandoorne,Stoffel Vandoorne,McLaren,18,15,+1 Lap,0.0,43,0
2018,13,Circuit de Spa-Francorchamps,ricciardo,Daniel Ricciardo,Red Bull,8,16,Retired,0.0,28,1
2018,13,Circuit de Spa-Francorchamps,raikkonen,Kimi Räikkönen,Ferrari,6,17,Brakes,0.0,8,1
2018,13,Circuit de Spa-Francorchamps,leclerc,Charles Leclerc,Sauber,12,18,Accident,0.0,0,1
2018,13,Circuit de Spa-Francorchamps,alonso,Fernando Alonso,McLaren,15,19,Accident,0.0,0,1
2018,13,Circuit de Spa-Francorchamps,hulkenberg,Nico Hülkenberg,Renault,20,20,Accident,0.0,0,1
2018,14,Autodromo Nazionale di Monza,hamilton,Lewis Hamilton,Mercedes,3,1,Finished,25.0,53,0
2018,14,Autodromo Nazionale di Monza,raikkonen,Kimi Räikkönen,Ferrari,1,2,Finished,18.0,53,0
2018,14,Autodromo Nazionale di Monza,bottas,Valtteri Bottas,Mercedes,4,3,Finished,15.0,53,0
2018,14,Autodromo Nazionale di Monza,vettel,Sebastian Vettel,Ferrari,2,4,Finished,12.0,53,0
2018,14,Autodromo Nazionale di Monza,max_verstappen,Max Verstappen,Red Bull,5,5,Finished,10.0,53,0
2018,14,Autodromo Nazionale di Monza,ocon,Esteban Ocon,Force India,8,6,Finished,8.0,53,0
2018,14,Autodromo Nazionale di Monza,perez,Sergio Pérez,Force India,14,7,Finished,6.0,53,0
2018,14,Autodromo Nazionale di Monza,sainz,Carlos Sainz,Renault,7,8,Finished,4.0,53,0
2018,14,Autodromo Nazionale di Monza,stroll,Lance Stroll,Williams,10,9,+1 Lap,2.0,52,0
2018,14,Autodromo Nazionale di Monza,sirotkin,Sergey Sirotkin,Williams,12,10,+1 Lap,1.0,52,0
2018,14,Autodromo Nazionale di Monza,leclerc,Charles Leclerc,Sauber,15,11,+1 Lap,0.0,52,0
2018,14,Autodromo Nazionale di Monza,vandoorne,Stoffel Vandoorne,McLaren,17,12,+1 Lap,0.0,52,0
2018,14,Autodromo Nazionale di Monza,hulkenberg,Nico Hülkenberg,Renault,20,13,+1 Lap,0.0,52,0
2018,14,Autodromo Nazionale di Monza,gasly,Pierre Gasly,Toro Rosso,9,14,+1 Lap,0.0,52,0
2018,14,Autodromo Nazionale di Monza,ericsson,Marcus Ericsson,Sauber,18,15,+1 Lap,0.0,52,0
2018,14,Autodromo Nazionale di Monza,kevin_magnussen,Kevin Magnussen,Haas F1 Team,11,16,+1 Lap,0.0,52,0
2018,14,Autodromo Nazionale di Monza,ricciardo,Daniel Ricciardo,Red Bull,19,17,Engine,0.0,23,1
2018,14,Autodromo Nazionale di Monza,alonso,Fernando Alonso,McLaren,13,18,Engine,0.0,9,1
2018,14,Autodromo Nazionale di Monza,brendon_hartley,Brendon Hartley,Toro Rosso,16,19,Brakes,0.0,0,1
2018,14,Autodromo Nazionale di Monza,grosjean,Romain Grosjean,Haas F1 Team,6,20,Disqualified,0.0,53,1
2018,15,Marina Bay Street Circuit,hamilton,Lewis Hamilton,Mercedes,1,1,Finished,25.0,61,0
2018,15,Marina Bay Street Circuit,max_verstappen,Max Verstappen,Red Bull,2,2,Finished,18.0,61,0
2018,15,Marina Bay Street Circuit,vettel,Sebastian Vettel,Ferrari,3,3,Finished,15.0,61,0
2018,15,Marina Bay Street Circuit,bottas,Valtteri Bottas,Mercedes,4,4,Finished,12.0,61,0
2018,15,Marina Bay Street Circuit,raikkonen,Kimi Räikkönen,Ferrari,5,5,Finished,10.0,61,0
2018,15,Marina Bay Street Circuit,ricciardo,Daniel Ricciardo,Red Bull,6,6,Finished,8.0,61,0
2018,15,Marina Bay Street Circuit,alonso,Fernando Alonso,McLaren,11,7,Finished,6.0,61,0
2018,15,Marina Bay Street Circuit,sainz,Carlos Sainz,Renault,12,8,+1 Lap,4.0,60,0
2018,15,Marina Bay Street Circuit,leclerc,Charles Leclerc,Sauber,13,9,+1 Lap,2.0,60,0
2018,15,Marina Bay Street Circuit,hulkenberg,Nico Hülkenberg,Renault,10,10,+1 Lap,1.0,60,0
2018,15,Marina Bay Street Circuit,ericsson,Marcus Ericsson,Sauber,14,11,+1 Lap,0.0,60,0
2018,15,Marina Bay Street Circuit,vandoorne,Stoffel Vandoorne,McLaren,18,12,+1 Lap,0.0,60,0
2018,15,Marina Bay Street Circuit,gasly,Pierre Gasly,Toro Rosso,15,13,+1 Lap,0.0,60,0
2018,15,Marina Bay Street Circuit,stroll,Lance Stroll,Williams,20,14,+1 Lap,0.0,60,0
2018,15,Marina Bay Street Circuit,grosjean,Romain Grosjean,Haas F1 Team,8,15,+1 Lap,0.0,60,0
2018,15,Marina Bay Street Circuit,perez,Sergio Pérez,Force India,7,16,+1 Lap,0.0,60,0
2018,15,Marina Bay Street Circuit,brendon_hartley,Brendon Hartley,Toro Rosso,17,17,+1 Lap,0.0,60,0
2018,15,Marina Bay Street Circuit,kevin_magnussen,Kevin Magnussen,Haas F1 Team,16,18,+2 Laps,0.0,59,0
2018,15,Marina Bay Street Circuit,sirotkin,Sergey Sirotkin,Williams,19,19,+2 Laps,0.0,59,0
2018,15,Marina Bay Street Circuit,ocon,Esteban Ocon,Force India,9,20,Collision,0.0,0,1
2018,16,Sochi Autodrom,hamilton,Lewis Hamilton,Mercedes,2,1,Finished,25.0,53,0
2018,16,Sochi Autodrom,bottas,Valtteri Bottas,Mercedes,1,2,Finished,18.0,53,0
2018,16,Sochi Autodrom,vettel,Sebastian Vettel,Ferrari,3,3,Finished,15.0,53,0
2018,16,Sochi Autodrom,raikkonen,Kimi Räikkönen,Ferrari,4,4,Finished,12.0,53,0
2018,16,Sochi Autodrom,max_verstappen,Max Verstappen,Red Bull,19,5,Finished,10.0,53,0
2018,16,Sochi Autodrom,ricciardo,Daniel Ricciardo,Red Bull,18,6,Finished,8.0,53,0
2018,16,Sochi Autodrom,leclerc,Charles Leclerc,Sauber,7,7,Finished,6.0,53,0
2018,16,Sochi Autodrom,kevin_magnussen,Kevin Magnussen,Haas F1 Team,5,8,+1 Lap,4.0,52,0
2018,16,Sochi Autodrom,ocon,Esteban Ocon,Force India,6,9,+1 Lap,2.0,52,0
2018,16,Sochi Autodrom,perez,Sergio Pérez,Force India,8,10,+1 Lap,1.0,52,0
2018,16,Sochi Autodrom,grosjean,Romain Grosjean,Haas F1 Team,9,11,+1 Lap,0.0,52,0
2018,16,Sochi Autodrom,hulkenberg,Nico Hülkenberg,Renault,12,12,+1 Lap,0.0,52,0
2018,16,Sochi Autodrom,ericsson,Marcus Ericsson,Sauber,10,13,+1 Lap,0.0,52,0
2018,16,Sochi Autodrom,alonso,Fernando Alonso,McLaren,16,14,+1 Lap,0.0,52,0
2018,16,Sochi Autodrom,stroll,Lance Stroll,Williams,14,15,+1 Lap,0.0,52,0
2018,16,Sochi Autodrom,vandoorne,Stoffel Vandoorne,McLaren,15,16,+2 Laps,0.0,51,0
2018,16,Sochi Autodrom,sainz,Carlos Sainz,Renault,11,17,+2 Laps,0.0,51,0
2018,16,Sochi Autodrom,sirotkin,Sergey Sirotkin,Williams,13,18,+2 Laps,0.0,51,0
2018,16,Sochi Autodrom,gasly,Pierre Gasly,Toro Rosso,17,19,Brakes,0.0,4,1
2018,16,Sochi Autodrom,brendon_hartley,Brendon Hartley,Toro Rosso,20,20,Brakes,0.0,4,1
2018,17,Suzuka Circuit,hamilton,Lewis Hamilton,Mercedes,1,1,Finished,25.0,53,0
2018,17,Suzuka Circuit,bottas,Valtteri Bottas,Mercedes,2,2,Finished,18.0,53,0
2018,17,Suzuka Circuit,max_verstappen,Max Verstappen,Red Bull,3,3,Finished,15.0,53,0
2018,17,Suzuka Circuit,ricciardo,Daniel Ricciardo,Red Bull,15,4,Finished,12.0,53,0
2018,17,Suzuka Circuit,raikkonen,Kimi Räikkönen,Ferrari,4,5,Finished,10.0,53,0
2018,17,Suzuka Circuit,vettel,Sebastian Vettel,Ferrari,8,6,Finished,8.0,53,0
2018,17,Suzuka Circuit,perez,Sergio Pérez,Force India,9,7,Finished,6.0,53,0
2018,17,Suzuka Circuit,grosjean,Romain Grosjean,Haas F1 Team,5,8,Finished,4.0,53,0
2018,17,Suzuka Circuit,ocon,Esteban Ocon,Force India,11,9,Finished,2.0,53,0
2018,17,Suzuka Circuit,sainz,Carlos Sainz,Renault,13,10,+1 Lap,1.0,52,0
2018,17,Suzuka Circuit,gasly,Pierre Gasly,Toro Rosso,7,11,+1 Lap,0.0,52,0
2018,17,Suzuka Circuit,ericsson,Marcus Ericsson,Sauber,20,12,+1 Lap,0.0,52,0
2018,17,Suzuka Circuit,brendon_hartley,Brendon Hartley,Toro Rosso,6,13,+1 Lap,0.0,52,0
2018,17,Suzuka Circuit,alonso,Fernando Alonso,McLaren,18,14,+1 Lap,0.0,52,0
2018,17,Suzuka Circuit,vandoorne,Stoffel Vandoorne,McLaren,19,15,+1 Lap,0.0,52,0
2018,17,Suzuka Circuit,sirotkin,Sergey Sirotkin,Williams,17,16,+1 Lap,0.0,52,0
2018,17,Suzuka Circuit,stroll,Lance Stroll,Williams,14,17,+1 Lap,0.0,52,0
2018,17,Suzuka Circuit,leclerc,Charles Leclerc,Sauber,10,18,Mechanical,0.0,38,1
2018,17,Suzuka Circuit,hulkenberg,Nico Hülkenberg,Renault,16,19,Engine,0.0,37,1
2018,17,Suzuka Circuit,kevin_magnussen,Kevin Magnussen,Haas F1 Team,12,20,Collision damage,0.0,8,1
2018,18,Circuit of the Americas,raikkonen,Kimi Räikkönen,Ferrari,2,1,Finished,25.0,56,0
2018,18,Circuit of the Americas,max_verstappen,Max Verstappen,Red Bull,18,2,Finished,18.0,56,0
2018,18,Circuit of the Americas,hamilton,Lewis Hamilton,Mercedes,1,3,Finished,15.0,56,0
2018,18,Circuit of the Americas,vettel,Sebastian Vettel,Ferrari,5,4,Finished,12.0,56,0
2018,18,Circuit of the Americas,bottas,Valtteri Bottas,Mercedes,3,5,Finished,10.0,56,0
2018,18,Circuit of the Americas,hulkenberg,Nico Hülkenberg,Renault,7,6,Finished,8.0,56,0
2018,18,Circuit of the Americas,sainz,Carlos Sainz,Renault,11,7,Finished,6.0,56,0
2018,18,Circuit of the Americas,perez,Sergio Pérez,Force India,10,8,Finished,4.0,56,0
2018,18,Circuit of the Americas,brendon_hartley,Brendon Hartley,Toro Rosso,20,9,+1 Lap,2.0,55,0
2018,18,Circuit of the Americas,ericsson,Marcus Ericsson,Sauber,16,10,+1 Lap,1.0,55,0
2018,18,Circuit of the Americas,vandoorne,Stoffel Vandoorne,McLaren,17,11,+1 Lap,0.0,55,0
2018,18,Circuit of the Americas,gasly,Pierre Gasly,Toro Rosso,19,12,+1 Lap,0.0,55,0
2018,18,Circuit of the Americas,sirotkin,Sergey Sirotkin,Williams,14,13,+1 Lap,0.0,55,0
2018,18,Circuit of the Americas,stroll,Lance Stroll,Williams,15,14,+2 Laps,0.0,54,0
2018,18,Circuit of the Americas,leclerc,Charles Leclerc,Sauber,9,15,Collision damage,0.0,31,1
2018,18,Circuit of the Americas,ricciardo,Daniel Ricciardo,Red Bull,4,16,Battery,0.0,8,1
2018,18,Circuit of the Americas,grosjean,Romain Grosjean,Haas F1 Team,8,17,Collision damage,0.0,2,1
2018,18,Circuit of the Americas,alonso,Fernando Alonso,McLaren,13,18,Collision,0.0,1,1
2018,18,Circuit of the Americas,ocon,Esteban Ocon,Force India,6,19,Disqualified,0.0,56,1
2018,18,Circuit of the Americas,kevin_magnussen,Kevin Magnussen,Haas F1 Team,12,20,Disqualified,0.0,56,1
2018,19,Autódromo Hermanos Rodríguez,max_verstappen,Max Verstappen,Red Bull,2,1,Finished,25.0,71,0
2018,19,Autódromo Hermanos Rodríguez,vettel,Sebastian Vettel,Ferrari,4,2,Finished,18.0,71,0
2018,19,Autódromo Hermanos Rodríguez,raikkonen,Kimi Räikkönen,Ferrari,6,3,Finished,15.0,71,0
2018,19,Autódromo Hermanos Rodríguez,hamilton,Lewis Hamilton,Mercedes,3,4,Finished,12.0,71,0
2018,19,Autódromo Hermanos Rodríguez,bottas,Valtteri Bottas,Mercedes,5,5,+1 Lap,10.0,70,0
2018,19,Autódromo Hermanos Rodríguez,hulkenberg,Nico Hülkenberg,Renault,7,6,+2 Laps,8.0,69,0
2018,19,Autódromo Hermanos Rodríguez,leclerc,Charles Leclerc,Sauber,9,7,+2 Laps,6.0,69,0
2018,19,Autódromo Hermanos Rodríguez,vandoorne,Stoffel Vandoorne,McLaren,15,8,+2 Laps,4.0,69,0
2018,19,Autódromo Hermanos Rodríguez,ericsson,Marcus Ericsson,Sauber,10,9,+2 Laps,2.0,69,0
2018,19,Autódromo Hermanos Rodríguez,gasly,Pierre Gasly,Toro Rosso,20,10,+2 Laps,1.0,69,0
2018,19,Autódromo Hermanos Rodríguez,ocon,Esteban Ocon,Force India,11,11,+2 Laps,0.0,69,0
2018,19,Autódromo Hermanos Rodríguez,stroll,Lance Stroll,Williams,17,12,+2 Laps,0.0,69,0
2018,19,Autódromo Hermanos Rodríguez,sirotkin,Sergey Sirotkin,Williams,19,13,+2 Laps,0.0,69,0
2018,19,Autódromo Hermanos Rodríguez,brendon_hartley,Brendon Hartley,Toro Rosso,14,14,+2 Laps,0.0,69,0
2018,19,Autódromo Hermanos Rodríguez,kevin_magnussen,Kevin Magnussen,Haas F1 Team,16,15,+2 Laps,0.0,69,0
2018,19,Autódromo Hermanos Rodríguez,grosjean,Romain Grosjean,Haas F1 Team,18,16,+3 Laps,0.0,68,0
2018,19,Autódromo Hermanos Rodríguez,ricciardo,Daniel Ricciardo,Red Bull,1,17,Engine,0.0,61,1
2018,19,Autódromo Hermanos Rodríguez,perez,Sergio Pérez,Force India,13,18,Brakes,0.0,38,1
2018,19,Autódromo Hermanos Rodríguez,sainz,Carlos Sainz,Renault,8,19,Suspension,0.0,28,1
2018,19,Autódromo Hermanos Rodríguez,alonso,Fernando Alonso,McLaren,12,20,Engine,0.0,3,1
2018,20,Autódromo José Carlos Pace,hamilton,Lewis Hamilton,Mercedes,1,1,Finished,25.0,71,0
2018,20,Autódromo José Carlos Pace,max_verstappen,Max Verstappen,Red Bull,5,2,Finished,18.0,71,0
2018,20,Autódromo José Carlos Pace,raikkonen,Kimi Räikkönen,Ferrari,4,3,Finished,15.0,71,0
2018,20,Autódromo José Carlos Pace,ricciardo,Daniel Ricciardo,Red Bull,11,4,Finished,12.0,71,0
2018,20,Autódromo José Carlos Pace,bottas,Valtteri Bottas,Mercedes,3,5,Finished,10.0,71,0
2018,20,Autódromo José Carlos Pace,vettel,Sebastian Vettel,Ferrari,2,6,Finished,8.0,71,0
2018,20,Autódromo José Carlos Pace,leclerc,Charles Leclerc,Sauber,7,7,Finished,6.0,71,0
2018,20,Autódromo José Carlos Pace,grosjean,Romain Grosjean,Haas F1 Team,8,8,Finished,4.0,71,0
2018,20,Autódromo José Carlos Pace,kevin_magnussen,Kevin Magnussen,Haas F1 Team,10,9,Finished,2.0,71,0
2018,20,Autódromo José Carlos Pace,perez,Sergio Pérez,Force India,12,10,+1 Lap,1.0,70,0
2018,20,Autódromo José Carlos Pace,brendon_hartley,Brendon Hartley,Toro Rosso,16,11,+1 Lap,0.0,70,0
2018,20,Autódromo José Carlos Pace,sainz,Carlos Sainz,Renault,15,12,+1 Lap,0.0,70,0
2018,20,Autódromo José Carlos Pace,gasly,Pierre Gasly,Toro Rosso,9,13,+1 Lap,0.0,70,0
2018,20,Autódromo José Carlos Pace,vandoorne,Stoffel Vandoorne,McLaren,20,14,+1 Lap,0.0,70,0
2018,20,Autódromo José Carlos Pace,ocon,Esteban Ocon,Force India,18,15,+1 Lap,0.0,70,0
2018,20,Autódromo José Carlos Pace,sirotkin,Sergey Sirotkin,Williams,14,16,+2 Laps,0.0,69,0
2018,20,Autódromo José Carlos Pace,alonso,Fernando Alonso,McLaren,17,17,+2 Laps,0.0,69,0
2018,20,Autódromo José Carlos Pace,stroll,Lance Stroll,Williams,19,18,+2 Laps,0.0,69,0
2018,20,Autódromo José Carlos Pace,hulkenberg,Nico Hülkenberg,Renault,13,19,Overheating,0.0,32,1
2018,20,Autódromo José Carlos Pace,ericsson,Marcus Ericsson,Sauber,6,20,Collision,0.0,20,1
2018,21,Yas Marina Circuit,hamilton,Lewis Hamilton,Mercedes,1,1,Finished,25.0,55,0
2018,21,Yas Marina Circuit,vettel,Sebastian Vettel,Ferrari,3,2,Finished,18.0,55,0
2018,21,Yas Marina Circuit,max_verstappen,Max Verstappen,Red Bull,6,3,Finished,15.0,55,0
2018,21,Yas Marina Circuit,ricciardo,Daniel Ricciardo,Red Bull,5,4,Finished,12.0,55,0
2018,21,Yas Marina Circuit,bottas,Valtteri Bottas,Mercedes,2,5,Finished,10.0,55,0
2018,21,Yas Marina Circuit,sainz,Carlos Sainz,Renault,11,6,Finished,8.0,55,0
2018,21,Yas Marina Circuit,leclerc,Charles Leclerc,Sauber,8,7,Finished,6.0,55,0
2018,21,Yas Marina Circuit,perez,Sergio Pérez,Force India,14,8,Finished,4.0,55,0
2018,21,Yas Marina Circuit,grosjean,Romain Grosjean,Haas F1 Team,7,9,+1 Lap,2.0,54,0
2018,21,Yas Marina Circuit,kevin_magnussen,Kevin Magnussen,Haas F1 Team,13,10,+1 Lap,1.0,54,0
2018,21,Yas Marina Circuit,alonso,Fernando Alonso,McLaren,15,11,+1 Lap,0.0,54,0
2018,21,Yas Marina Circuit,brendon_hartley,Brendon Hartley,Toro Rosso,16,12,+1 Lap,0.0,54,0
2018,21,Yas Marina Circuit,stroll,Lance Stroll,Williams,20,13,+1 Lap,0.0,54,0
2018,21,Yas Marina Circuit,vandoorne,Stoffel Vandoorne,McLaren,18,14,+1 Lap,0.0,54,0
2018,21,Yas Marina Circuit,sirotkin,Sergey Sirotkin,Williams,19,15,+1 Lap,0.0,54,0
2018,21,Yas Marina Circuit,gasly,Pierre Gasly,Toro Rosso,17,16,Engine,0.0,46,1
2018,21,Yas Marina Circuit,ocon,Esteban Ocon,Force India,9,17,Engine,0.0,44,1
2018,21,Yas Marina Circuit,ericsson,Marcus Ericsson,Sauber,12,18,Power loss,0.0,24,1
2018,21,Yas Marina Circuit,raikkonen,Kimi Räikkönen,Ferrari,4,19,Power loss,0.0,6,1
2018,21,Yas Marina Circuit,hulkenberg,Nico Hülkenberg,Renault,10,20,Collision,0.0,0,1
2019,1,Albert Park Grand Prix Circuit,bottas,Valtteri Bottas,Mercedes,2,1,Finished,26.0,58,0
2019,1,Albert Park Grand Prix Circuit,hamilton,Lewis Hamilton,Mercedes,1,2,Finished,18.0,58,0
2019,1,Albert Park Grand Prix Circuit,max_verstappen,Max Verstappen,Red Bull,4,3,Finished,15.0,58,0
2019,1,Albert Park Grand Prix Circuit,vettel,Sebastian Vettel,Ferrari,3,4,Finished,12.0,58,0
2019,1,Albert Park Grand Prix Circuit,leclerc,Charles Leclerc,Ferrari,5,5,Finished,10.0,58,0
2019,1,Albert Park Grand Prix Circuit,kevin_magnussen,Kevin Magnussen,Haas F1 Team,7,6,Finished,8.0,58,0
2019,1,Albert Park Grand Prix Circuit,hulkenberg,Nico Hülkenberg,Renault,11,7,+1 Lap,6.0,57,0
2019,1,Albert Park Grand Prix Circuit,raikkonen,Kimi Räikkönen,Alfa Romeo,9,8,+1 Lap,4.0,57,0
2019,1,Albert Park Grand Prix Circuit,stroll,Lance Stroll,Racing Point,16,9,+1 Lap,2.0,57,0
2019,1,Albert Park Grand Prix Circuit,kvyat,Daniil Kvyat,Toro Rosso,15,10,+1 Lap,1.0,57,0
2019,1,Albert Park Grand Prix Circuit,gasly,Pierre Gasly,Red Bull,17,11,+1 Lap,0.0,57,0
2019,1,Albert Park Grand Prix Circuit,norris,Lando Norris,McLaren,8,12,+1 Lap,0.0,57,0
2019,1,Albert Park Grand Prix Circuit,perez,Sergio Pérez,Racing Point,10,13,+1 Lap,0.0,57,0
2019,1,Albert Park Grand Prix Circuit,albon,Alexander Albon,Toro Rosso,13,14,+1 Lap,0.0,57,0
2019,1,Albert Park Grand Prix Circuit,giovinazzi,Antonio Giovinazzi,Alfa Romeo,14,15,+1 Lap,0.0,57,0
2019,1,Albert Park Grand Prix Circuit,russell,George Russell,Williams,19,16,+2 Laps,0.0,56,0
2019,1,Albert Park Grand Prix Circuit,kubica,Robert Kubica,Williams,20,17,+3 Laps,0.0,55,0
2019,1,Albert Park Grand Prix Circuit,grosjean,Romain Grosjean,Haas F1 Team,6,18,Wheel,0.0,29,1
2019,1,Albert Park Grand Prix Circuit,ricciardo,Daniel Ricciardo,Renault,12,19,Damage,0.0,28,1
2019,1,Albert Park Grand Prix Circuit,sainz,Carlos Sainz,McLaren,18,20,Engine,0.0,9,1
2019,2,Bahrain International Circuit,hamilton,Lewis Hamilton,Mercedes,3,1,Finished,25.0,57,0
2019,2,Bahrain International Circuit,bottas,Valtteri Bottas,Mercedes,4,2,Finished,18.0,57,0
2019,2,Bahrain International Circuit,leclerc,Charles Leclerc,Ferrari,1,3,Finished,16.0,57,0
2019,2,Bahrain International Circuit,max_verstappen,Max Verstappen,Red Bull,5,4,Finished,12.0,57,0
2019,2,Bahrain International Circuit,vettel,Sebastian Vettel,Ferrari,2,5,Finished,10.0,57,0
2019,2,Bahrain International Circuit,norris,Lando Norris,McLaren,9,6,Finished,8.0,57,0
2019,2,Bahrain International Circuit,raikkonen,Kimi Räikkönen,Alfa Romeo,8,7,Finished,6.0,57,0
2019,2,Bahrain International Circuit,gasly,Pierre Gasly,Red Bull,13,8,Finished,4.0,57,0
2019,2,Bahrain International Circuit,albon,Alexander Albon,Toro Rosso,12,9,Finished,2.0,57,0
2019,2,Bahrain International Circuit,perez,Sergio Pérez,Racing Point,14,10,Finished,1.0,57,0
2019,2,Bahrain International Circuit,giovinazzi,Antonio Giovinazzi,Alfa Romeo,16,11,Finished,0.0,57,0
2019,2,Bahrain International Circuit,kvyat,Daniil Kvyat,Toro Rosso,15,12,+1 Lap,0.0,56,0
2019,2,Bahrain International Circuit,kevin_magnussen,Kevin Magnussen,Haas F1 Team,6,13,+1 Lap,0.0,56,0
2019,2,Bahrain International Circuit,stroll,Lance Stroll,Racing Point,18,14,+1 Lap,0.0,56,0
2019,2,Bahrain International Circuit,russell,George Russell,Williams,19,15,+1 Lap,0.0,56,0
2019,2,Bahrain International Circuit,kubica,Robert Kubica,Williams,20,16,+2 Laps,0.0,55,0
2019,2,Bahrain International Circuit,hulkenberg,Nico Hülkenberg,Renault,17,17,Engine,0.0,53,1
2019,2,Bahrain International Circuit,ricciardo,Daniel Ricciardo,Renault,10,18,Out of fuel,0.0,53,1
2019,2,Bahrain International Circuit,sainz,Carlos Sainz,McLaren,7,19,Collision damage,0.0,53,1
2019,2,Bahrain International Circuit,grosjean,Romain Grosjean,Haas F1 Team,11,20,Retired,0.0,16,1
2019,3,Shanghai International Circuit,hamilton,Lewis Hamilton,Mercedes,2,1,Finished,25.0,56,0
2019,3,Shanghai International Circuit,bottas,Valtteri Bottas,Mercedes,1,2,Finished,18.0,56,0
2019,3,Shanghai International Circuit,vettel,Sebastian Vettel,Ferrari,3,3,Finished,15.0,56,0
2019,3,Shanghai International Circuit,max_verstappen,Max Verstappen,Red Bull,5,4,Finished,12.0,56,0
2019,3,Shanghai International Circuit,leclerc,Charles Leclerc,Ferrari,4,5,Finished,10.0,56,0
2019,3,Shanghai International Circuit,gasly,Pierre Gasly,Red Bull,6,6,Finished,9.0,56,0
2019,3,Shanghai International Circuit,ricciardo,Daniel Ricciardo,Renault,7,7,+1 Lap,6.0,55,0
2019,3,Shanghai International Circuit,perez,Sergio Pérez,Racing Point,12,8,+1 Lap,4.0,55,0
2019,3,Shanghai International Circuit,raikkonen,Kimi Räikkönen,Alfa Romeo,13,9,+1 Lap,2.0,55,0
2019,3,Shanghai International Circuit,albon,Alexander Albon,Toro Rosso,0,10,+1 Lap,1.0,55,0
2019,3,Shanghai International Circuit,grosjean,Romain Grosjean,Haas F1 Team,10,11,+1 Lap,0.0,55,0
2019,3,Shanghai International Circuit,stroll,Lance Stroll,Racing Point,16,12,+1 Lap,0.0,55,0
2019,3,Shanghai International Circuit,kevin_magnussen,Kevin Magnussen,Haas F1 Team,9,13,+1 Lap,0.0,55,0
2019,3,Shanghai International Circuit,sainz,Carlos Sainz,McLaren,14,14,+1 Lap,0.0,55,0
2019,3,Shanghai International Circuit,giovinazzi,Antonio Giovinazzi,Alfa Romeo,19,15,+1 Lap,0.0,55,0
2019,3,Shanghai International Circuit,russell,George Russell,Williams,17,16,+2 Laps,0.0,54,0
2019,3,Shanghai International Circuit,kubica,Robert Kubica,Williams,18,17,+2 Laps,0.0,54,0
2019,3,Shanghai International Circuit,norris,Lando Norris,McLaren,15,18,Collision,0.0,50,1
2019,3,Shanghai International Circuit,kvyat,Daniil Kvyat,Toro Rosso,11,19,Collision,0.0,41,1
2019,3,Shanghai International Circuit,hulkenberg,Nico Hülkenberg,Renault,8,20,Power Unit,0.0,16,1
2019,4,Baku City Circuit,bottas,Valtteri Bottas,Mercedes,1,1,Finished,25.0,51,0
2019,4,Baku City Circuit,hamilton,Lewis Hamilton,Mercedes,2,2,Finished,18.0,51,0
2019,4,Baku City Circuit,vettel,Sebastian Vettel,Ferrari,3,3,Finished,15.0,51,0
2019,4,Baku City Circuit,max_verstappen,Max Verstappen,Red Bull,4,4,Finished,12.0,51,0
2019,4,Baku City Circuit,leclerc,Charles Leclerc,Ferrari,8,5,Finished,11.0,51,0
2019,4,Baku City Circuit,perez,Sergio Pérez,Racing Point,5,6,Finished,8.0,51,0
2019,4,Baku City Circuit,sainz,Carlos Sainz,McLaren,9,7,Finished,6.0,51,0
2019,4,Baku City Circuit,norris,Lando Norris,McLaren,7,8,Finished,4.0,51,0
2019,4,Baku City Circuit,stroll,Lance Stroll,Racing Point,13,9,Finished,2.0,51,0
2019,4,Baku City Circuit,raikkonen,Kimi Räikkönen,Alfa Romeo,0,10,+1 Lap,1.0,50,0
2019,4,Baku City Circuit,albon,Alexander Albon,Toro Rosso,11,11,+1 Lap,0.0,50,0
2019,4,Baku City Circuit,giovinazzi,Antonio Giovinazzi,Alfa Romeo,17,12,+1 Lap,0.0,50,0
2019,4,Baku City Circuit,kevin_magnussen,Kevin Magnussen,Haas F1 Team,12,13,+1 Lap,0.0,50,0
2019,4,Baku City Circuit,hulkenberg,Nico Hülkenberg,Renault,15,14,+1 Lap,0.0,50,0
2019,4,Baku City Circuit,russell,George Russell,Williams,16,15,+2 Laps,0.0,49,0
2019,4,Baku City Circuit,kubica,Robert Kubica,Williams,0,16,+2 Laps,0.0,49,0
2019,4,Baku City Circuit,gasly,Pierre Gasly,Red Bull,0,17,Transmission,0.0,38,1
2019,4,Baku City Circuit,grosjean,Romain Grosjean,Haas F1 Team,14,18,Brakes,0.0,38,1
2019,4,Baku City Circuit,kvyat,Daniil Kvyat,Toro Rosso,6,19,Collision,0.0,33,1
2019,4,Baku City Circuit,ricciardo,Daniel Ricciardo,Renault,10,20,Collision,0.0,31,1
2019,5,Circuit de Barcelona-Catalunya,hamilton,Lewis Hamilton,Mercedes,2,1,Finished,26.0,66,0
2019,5,Circuit de Barcelona-Catalunya,bottas,Valtteri Bottas,Mercedes,1,2,Finished,18.0,66,0
2019,5,Circuit de Barcelona-Catalunya,max_verstappen,Max Verstappen,Red Bull,4,3,Finished,15.0,66,0
2019,5,Circuit de Barcelona-Catalunya,vettel,Sebastian Vettel,Ferrari,3,4,Finished,12.0,66,0
2019,5,Circuit de Barcelona-Catalunya,leclerc,Charles Leclerc,Ferrari,5,5,Finished,10.0,66,0
2019,5,Circuit de Barcelona-Catalunya,gasly,Pierre Gasly,Red Bull,6,6,Finished,8.0,66,0
2019,5,Circuit de Barcelona-Catalunya,kevin_magnussen,Kevin Magnussen,Haas F1 Team,8,7,Finished,6.0,66,0
2019,5,Circuit de Barcelona-Catalunya,sainz,Carlos Sainz,McLaren,12,8,Finished,4.0,66,0
2019,5,Circuit de Barcelona-Catalunya,kvyat,Daniil Kvyat,Toro Rosso,9,9,Finished,2.0,66,0
2019,5,Circuit de Barcelona-Catalunya,grosjean,Romain Grosjean,Haas F1 Team,7,10,Finished,1.0,66,0
2019,5,Circuit de Barcelona-Catalunya,albon,Alexander Albon,Toro Rosso,11,11,Finished,0.0,66,0
2019,5,Circuit de Barcelona-Catalunya,ricciardo,Daniel Ricciardo,Renault,13,12,Finished,0.0,66,0
2019,5,Circuit de Barcelona-Catalunya,hulkenberg,Nico Hülkenberg,Renault,0,13,Finished,0.0,66,0
2019,5,Circuit de Barcelona-Catalunya,raikkonen,Kimi Räikkönen,Alfa Romeo,14,14,Finished,0.0,66,0
2019,5,Circuit de Barcelona-Catalunya,perez,Sergio Pérez,Racing Point,15,15,Finished,0.0,66,0
2019,5,Circuit de Barcelona-Catalunya,giovinazzi,Antonio Giovinazzi,Alfa Romeo,18,16,Finished,0.0,66,0
2019,5,Circuit de Barcelona-Catalunya,russell,George Russell,Williams,19,17,+1 Lap,0.0,65,0
2019,5,Circuit de Barcelona-Catalunya,kubica,Robert Kubica,Williams,17,18,+1 Lap,0.0,65,0
2019,5,Circuit de Barcelona-Catalunya,stroll,Lance Stroll,Racing Point,16,19,Collision,0.0,44,1
2019,5,Circuit de Barcelona-Catalunya,norris,Lando Norris,McLaren,10,20,Collision,0.0,44,1
2019,6,Circuit de Monaco,hamilton,Lewis Hamilton,Mercedes,1,1,Finished,25.0,78,0
2019,6,Circuit de Monaco,vettel,Sebastian Vettel,Ferrari,4,2,Finished,18.0,78,0
2019,6,Circuit de Monaco,bottas,Valtteri Bottas,Mercedes,2,3,Finished,15.0,78,0
2019,6,Circuit de Monaco,max_verstappen,Max Verstappen,Red Bull,3,4,Finished,12.0,78,0
2019,6,Circuit de Monaco,gasly,Pierre Gasly,Red Bull,8,5,Finished,11.0,78,0
2019,6,Circuit de Monaco,sainz,Carlos Sainz,McLaren,9,6,Finished,8.0,78,0
2019,6,Circuit de Monaco,kvyat,Daniil Kvyat,Toro Rosso,7,7,Finished,6.0,78,0
2019,6,Circuit de Monaco,albon,Alexander Albon,Toro Rosso,10,8,Finished,4.0,78,0
2019,6,Circuit de Monaco,ricciardo,Daniel Ricciardo,Renault,6,9,Finished,2.0,78,0
2019,6,Circuit de Monaco,grosjean,Romain Grosjean,Haas F1 Team,13,10,Finished,1.0,78,0
2019,6,Circuit de Monaco,norris,Lando Norris,McLaren,12,11,Finished,0.0,78,0
2019,6,Circuit de Monaco,perez,Sergio Pérez,Racing Point,16,12,+1 Lap,0.0,77,0
2019,6,Circuit de Monaco,hulkenberg,Nico Hülkenberg,Renault,11,13,+1 Lap,0.0,77,0
2019,6,Circuit de Monaco,kevin_magnussen,Kevin Magnussen,Haas F1 Team,5,14,+1 Lap,0.0,77,0
2019,6,Circuit de Monaco,russell,George Russell,Williams,19,15,+1 Lap,0.0,77,0
2019,6,Circuit de Monaco,stroll,Lance Stroll,Racing Point,17,16,+1 Lap,0.0,77,0
2019,6,Circuit de Monaco,raikkonen,Kimi Räikkönen,Alfa Romeo,14,17,+1 Lap,0.0,77,0
2019,6,Circuit de Monaco,kubica,Robert Kubica,Williams,20,18,+1 Lap,0.0,77,0
2019,6,Circuit de Monaco,giovinazzi,Antonio Giovinazzi,Alfa Romeo,18,19,+2 Laps,0.0,76,0
2019,6,Circuit de Monaco,leclerc,Charles Leclerc,Ferrari,15,20,Collision,0.0,16,1
2019,7,Circuit Gilles Villeneuve,hamilton,Lewis Hamilton,Mercedes,2,1,Finished,25.0,70,0
2019,7,Circuit Gilles Villeneuve,vettel,Sebastian Vettel,Ferrari,1,2,Finished,18.0,70,0
2019,7,Circuit Gilles Villeneuve,leclerc,Charles Leclerc,Ferrari,3,3,Finished,15.0,70,0
2019,7,Circuit Gilles Villeneuve,bottas,Valtteri Bottas,Mercedes,6,4,Finished,13.0,70,0
2019,7,Circuit Gilles Villeneuve,max_verstappen,Max Verstappen,Red Bull,9,5,Finished,10.0,70,0
2019,7,Circuit Gilles Villeneuve,ricciardo,Daniel Ricciardo,Renault,4,6,+1 Lap,8.0,69,0
2019,7,Circuit Gilles Villeneuve,hulkenberg,Nico Hülkenberg,Renault,7,7,+1 Lap,6.0,69,0
2019,7,Circuit Gilles Villeneuve,gasly,Pierre Gasly,Red Bull,5,8,+1 Lap,4.0,69,0
2019,7,Circuit Gilles Villeneuve,stroll,Lance Stroll,Racing Point,17,9,+1 Lap,2.0,69,0
2019,7,Circuit Gilles Villeneuve,kvyat,Daniil Kvyat,Toro Rosso,10,10,+1 Lap,1.0,69,0
2019,7,Circuit Gilles Villeneuve,sainz,Carlos Sainz,McLaren,11,11,+1 Lap,0.0,69,0
2019,7,Circuit Gilles Villeneuve,perez,Sergio Pérez,Racing Point,15,12,+1 Lap,0.0,69,0
2019,7,Circuit Gilles Villeneuve,giovinazzi,Antonio Giovinazzi,Alfa Romeo,12,13,+1 Lap,0.0,69,0
2019,7,Circuit Gilles Villeneuve,grosjean,Romain Grosjean,Haas F1 Team,14,14,+1 Lap,0.0,69,0
2019,7,Circuit Gilles Villeneuve,raikkonen,Kimi Räikkönen,Alfa Romeo,16,15,+1 Lap,0.0,69,0
2019,7,Circuit Gilles Villeneuve,russell,George Russell,Williams,18,16,+2 Laps,0.0,68,0
2019,7,Circuit Gilles Villeneuve,kevin_magnussen,Kevin Magnussen,Haas F1 Team,0,17,+2 Laps,0.0,68,0
2019,7,Circuit Gilles Villeneuve,kubica,Robert Kubica,Williams,19,18,+3 Laps,0.0,67,0
2019,7,Circuit Gilles Villeneuve,albon,Alexander Albon,Toro Rosso,13,19,Collision damage,0.0,59,1
2019,7,Circuit Gilles Villeneuve,norris,Lando Norris,McLaren,8,20,Suspension,0.0,8,1
2019,8,Circuit Paul Ricard,hamilton,Lewis Hamilton,Mercedes,1,1,Finished,25.0,53,0
2019,8,Circuit Paul Ricard,bottas,Valtteri Bottas,Mercedes,2,2,Finished,18.0,53,0
2019,8,Circuit Paul Ricard,leclerc,Charles Leclerc,Ferrari,3,3,Finished,15.0,53,0
2019,8,Circuit Paul Ricard,max_verstappen,Max Verstappen,Red Bull,4,4,Finished,12.0,53,0
2019,8,Circuit Paul Ricard,vettel,Sebastian Vettel,Ferrari,7,5,Finished,11.0,53,0
2019,8,Circuit Paul Ricard,sainz,Carlos Sainz,McLaren,6,6,Finished,8.0,53,0
2019,8,Circuit Paul Ricard,raikkonen,Kimi Räikkönen,Alfa Romeo,12,7,+1 Lap,6.0,52,0
2019,8,Circuit Paul Ricard,hulkenberg,Nico Hülkenberg,Renault,13,8,+1 Lap,4.0,52,0
2019,8,Circuit Paul Ricard,norris,Lando Norris,McLaren,5,9,+1 Lap,2.0,52,0
2019,8,Circuit Paul Ricard,gasly,Pierre Gasly,Red Bull,9,10,+1 Lap,1.0,52,0
2019,8,Circuit Paul Ricard,ricciardo,Daniel Ricciardo,Renault,8,11,+1 Lap,0.0,52,0
2019,8,Circuit Paul Ricard,perez,Sergio Pérez,Racing Point,14,12,+1 Lap,0.0,52,0
2019,8,Circuit Paul Ricard,stroll,Lance Stroll,Racing Point,17,13,+1 Lap,0.0,52,0
2019,8,Circuit Paul Ricard,kvyat,Daniil Kvyat,Toro Rosso,19,14,+1 Lap,0.0,52,0
2019,8,Circuit Paul Ricard,albon,Alexander Albon,Toro Rosso,11,15,+1 Lap,0.0,52,0
2019,8,Circuit Paul Ricard,giovinazzi,Antonio Giovinazzi,Alfa Romeo,10,16,+1 Lap,0.0,52,0
2019,8,Circuit Paul Ricard,kevin_magnussen,Kevin Magnussen,Haas F1 Team,15,17,+1 Lap,0.0,52,0
2019,8,Circuit Paul Ricard,kubica,Robert Kubica,Williams,18,18,+2 Laps,0.0,51,0
2019,8,Circuit Paul Ricard,russell,George Russell,Williams,20,19,+2 Laps,0.0,51,0
2019,8,Circuit Paul Ricard,grosjean,Romain Grosjean,Haas F1 Team,16,20,Retired,0.0,44,1
2019,9,Red Bull Ring,max_verstappen,Max Verstappen,Red Bull,2,1,Finished,26.0,71,0
2019,9,Red Bull Ring,leclerc,Charles Leclerc,Ferrari,1,2,Finished,18.0,71,0
2019,9,Red Bull Ring,bottas,Valtteri Bottas,Mercedes,3,3,Finished,15.0,71,0
2019,9,Red Bull Ring,vettel,Sebastian Vettel,Ferrari,9,4,Finished,12.0,71,0
2019,9,Red Bull Ring,hamilton,Lewis Hamilton,Mercedes,4,5,Finished,10.0,71,0
2019,9,Red Bull Ring,norris,Lando Norris,McLaren,5,6,+1 Lap,8.0,70,0
2019,9,Red Bull Ring,gasly,Pierre Gasly,Red Bull,8,7,+1 Lap,6.0,70,0
2019,9,Red Bull Ring,sainz,Carlos Sainz,McLaren,19,8,+1 Lap,4.0,70,0
2019,9,Red Bull Ring,raikkonen,Kimi Räikkönen,Alfa Romeo,6,9,+1 Lap,2.0,70,0
2019,9,Red Bull Ring,giovinazzi,Antonio Giovinazzi,Alfa Romeo,7,10,+1 Lap,1.0,70,0
2019,9,Red Bull Ring,perez,Sergio Pérez,Racing Point,13,11,+1 Lap,0.0,70,0
2019,9,Red Bull Ring,ricciardo,Daniel Ricciardo,Renault,12,12,+1 Lap,0.0,70,0
2019,9,Red Bull Ring,hulkenberg,Nico Hülkenberg,Renault,15,13,+1 Lap,0.0,70,0
2019,9,Red Bull Ring,stroll,Lance Stroll,Racing Point,14,14,+1 Lap,0.0,70,0
2019,9,Red Bull Ring,albon,Alexander Albon,Toro Rosso,18,15,+1 Lap,0.0,70,0
2019,9,Red Bull Ring,grosjean,Romain Grosjean,Haas F1 Team,11,16,+1 Lap,0.0,70,0
2019,9,Red Bull Ring,kvyat,Daniil Kvyat,Toro Rosso,16,17,+1 Lap,0.0,70,0
2019,9,Red Bull Ring,russell,George Russell,Williams,0,18,+2 Laps,0.0,69,0
2019,9,Red Bull Ring,kevin_magnussen,Kevin Magnussen,Haas F1 Team,10,19,+2 Laps,0.0,69,0
2019,9,Red Bull Ring,kubica,Robert Kubica,Williams,17,20,+3 Laps,0.0,68,0
2019,10,Silverstone Circuit,hamilton,Lewis Hamilton,Mercedes,2,1,Finished,26.0,52,0
2019,10,Silverstone Circuit,bottas,Valtteri Bottas,Mercedes,1,2,Finished,18.0,52,0
2019,10,Silverstone Circuit,leclerc,Charles Leclerc,Ferrari,3,3,Finished,15.0,52,0
2019,10,Silverstone Circuit,gasly,Pierre Gasly,Red Bull,5,4,Finished,12.0,52,0
2019,10,Silverstone Circuit,max_verstappen,Max Verstappen,Red Bull,4,5,Finished,10.0,52,0
2019,10,Silverstone Circuit,sainz,Carlos Sainz,McLaren,13,6,Finished,8.0,52,0
2019,10,Silverstone Circuit,ricciardo,Daniel Ricciardo,Renault,7,7,Finished,6.0,52,0
2019,10,Silverstone Circuit,raikkonen,Kimi Räikkönen,Alfa Romeo,12,8,Finished,4.0,52,0
2019,10,Silverstone Circuit,kvyat,Daniil Kvyat,Toro Rosso,17,9,Finished,2.0,52,0
2019,10,Silverstone Circuit,hulkenberg,Nico Hülkenberg,Renault,10,10,Finished,1.0,52,0
2019,10,Silverstone Circuit,norris,Lando Norris,McLaren,8,11,Finished,0.0,52,0
2019,10,Silverstone Circuit,albon,Alexander Albon,Toro Rosso,9,12,Finished,0.0,52,0
2019,10,Silverstone Circuit,stroll,Lance Stroll,Racing Point,18,13,Finished,0.0,52,0
2019,10,Silverstone Circuit,russell,George Russell,Williams,19,14,+1 Lap,0.0,51,0
2019,10,Silverstone Circuit,kubica,Robert Kubica,Williams,20,15,+1 Lap,0.0,51,0
2019,10,Silverstone Circuit,vettel,Sebastian Vettel,Ferrari,6,16,+1 Lap,0.0,51,0
2019,10,Silverstone Circuit,perez,Sergio Pérez,Racing Point,15,17,+1 Lap,0.0,51,0
2019,10,Silverstone Circuit,giovinazzi,Antonio Giovinazzi,Alfa Romeo,11,18,Spun off,0.0,18,1
2019,10,Silverstone Circuit,grosjean,Romain Grosjean,Haas F1 Team,14,19,Collision,0.0,9,1
2019,10,Silverstone Circuit,kevin_magnussen,Kevin Magnussen,Haas F1 Team,16,20,Collision,0.0,6,1
2019,11,Hockenheimring,max_verstappen,Max Verstappen,Red Bull,2,1,Finished,26.0,64,0
2019,11,Hockenheimring,vettel,Sebastian Vettel,Ferrari,20,2,Finished,18.0,64,0
2019,11,Hockenheimring,kvyat,Daniil Kvyat,Toro Rosso,14,3,Finished,15.0,64,0
2019,11,Hockenheimring,stroll,Lance Stroll,Racing Point,15,4,Finished,12.0,64,0
2019,11,Hockenheimring,sainz,Carlos Sainz,McLaren,7,5,Finished,10.0,64,0
2019,11,Hockenheimring,albon,Alexander Albon,Toro Rosso,16,6,Finished,8.0,64,0
2019,11,Hockenheimring,grosjean,Romain Grosjean,Haas F1 Team,6,7,Finished,6.0,64,0
2019,11,Hockenheimring,kevin_magnussen,Kevin Magnussen,Haas F1 Team,12,8,Finished,4.0,64,0
2019,11,Hockenheimring,hamilton,Lewis Hamilton,Mercedes,1,9,Finished,2.0,64,0
2019,11,Hockenheimring,kubica,Robert Kubica,Williams,18,10,Finished,1.0,64,0
2019,11,Hockenheimring,russell,George Russell,Williams,17,11,Finished,0.0,64,0
2019,11,Hockenheimring,raikkonen,Kimi Räikkönen,Alfa Romeo,5,12,Finished,0.0,64,0
2019,11,Hockenheimring,giovinazzi,Antonio Giovinazzi,Alfa Romeo,11,13,Finished,0.0,64,0
2019,11,Hockenheimring,gasly,Pierre Gasly,Red Bull,4,14,Collision,0.0,61,1
2019,11,Hockenheimring,bottas,Valtteri Bottas,Mercedes,3,15,Accident,0.0,56,1
2019,11,Hockenheimring,hulkenberg,Nico Hülkenberg,Renault,9,16,Accident,0.0,39,1
2019,11,Hockenheimring,leclerc,Charles Leclerc,Ferrari,10,17,Accident,0.0,27,1
2019,11,Hockenheimring,norris,Lando Norris,McLaren,19,18,Power loss,0.0,25,1
2019,11,Hockenheimring,ricciardo,Daniel Ricciardo,Renault,13,19,Exhaust,0.0,13,1
2019,11,Hockenheimring,perez,Sergio Pérez,Racing Point,8,20,Spun off,0.0,1,1
2019,12,Hungaroring,hamilton,Lewis Hamilton,Mercedes,3,1,Finished,25.0,70,0
2019,12,Hungaroring,max_verstappen,Max Verstappen,Red Bull,1,2,Finished,19.0,70,0
2019,12,Hungaroring,vettel,Sebastian Vettel,Ferrari,5,3,Finished,15.0,70,0
2019,12,Hungaroring,leclerc,Charles Leclerc,Ferrari,4,4,Finished,12.0,70,0
2019,12,Hungaroring,sainz,Carlos Sainz,McLaren,8,5,+1 Lap,10.0,69,0
2019,12,Hungaroring,gasly,Pierre Gasly,Red Bull,6,6,+1 Lap,8.0,69,0
2019,12,Hungaroring,raikkonen,Kimi Räikkönen,Alfa Romeo,10,7,+1 Lap,6.0,69,0
2019,12,Hungaroring,bottas,Valtteri Bottas,Mercedes,2,8,+1 Lap,4.0,69,0
2019,12,Hungaroring,norris,Lando Norris,McLaren,7,9,+1 Lap,2.0,69,0
2019,12,Hungaroring,albon,Alexander Albon,Toro Rosso,12,10,+1 Lap,1.0,69,0
2019,12,Hungaroring,perez,Sergio Pérez,Racing Point,16,11,+1 Lap,0.0,69,0
2019,12,Hungaroring,hulkenberg,Nico Hülkenberg,Renault,11,12,+1 Lap,0.0,69,0
2019,12,Hungaroring,kevin_magnussen,Kevin Magnussen,Haas F1 Team,14,13,+1 Lap,0.0,69,0
2019,12,Hungaroring,ricciardo,Daniel Ricciardo,Renault,20,14,+1 Lap,0.0,69,0
2019,12,Hungaroring,kvyat,Daniil Kvyat,Toro Rosso,13,15,+2 Laps,0.0,68,0
2019,12,Hungaroring,russell,George Russell,Williams,15,16,+2 Laps,0.0,68,0
2019,12,Hungaroring,stroll,Lance Stroll,Racing Point,18,17,+2 Laps,0.0,68,0
2019,12,Hungaroring,giovinazzi,Antonio Giovinazzi,Alfa Romeo,17,18,+2 Laps,0.0,68,0
2019,12,Hungaroring,kubica,Robert Kubica,Williams,19,19,+3 Laps,0.0,67,0
2019,12,Hungaroring,grosjean,Romain Grosjean,Haas F1 Team,9,20,Water pressure,0.0,49,1
2019,13,Circuit de Spa-Francorchamps,leclerc,Charles Leclerc,Ferrari,1,1,Finished,25.0,44,0
2019,13,Circuit de Spa-Francorchamps,hamilton,Lewis Hamilton,Mercedes,3,2,Finished,18.0,44,0
2019,13,Circuit de Spa-Francorchamps,bottas,Valtteri Bottas,Mercedes,4,3,Finished,15.0,44,0
2019,13,Circuit de Spa-Francorchamps,vettel,Sebastian Vettel,Ferrari,2,4,Finished,13.0,44,0
2019,13,Circuit de Spa-Francorchamps,albon,Alexander Albon,Red Bull,17,5,Finished,10.0,44,0
2019,13,Circuit de Spa-Francorchamps,perez,Sergio Pérez,Racing Point,7,6,Finished,8.0,44,0
2019,13,Circuit de Spa-Francorchamps,kvyat,Daniil Kvyat,Toro Rosso,19,7,Finished,6.0,44,0
2019,13,Circuit de Spa-Francorchamps,hulkenberg,Nico Hülkenberg,Renault,12,8,Finished,4.0,44,0
2019,13,Circuit de Spa-Francorchamps,gasly,Pierre Gasly,Toro Rosso,13,9,Finished,2.0,44,0
2019,13,Circuit de Spa-Francorchamps,stroll,Lance Stroll,Racing Point,16,10,Finished,1.0,44,0
2019,13,Circuit de Spa-Francorchamps,norris,Lando Norris,McLaren,11,11,Engine,0.0,43,1
2019,13,Circuit de Spa-Francorchamps,kevin_magnussen,Kevin Magnussen,Haas F1 Team,8,12,+1 Lap,0.0,43,0
2019,13,Circuit de Spa-Francorchamps,grosjean,Romain Grosjean,Haas F1 Team,9,13,+1 Lap,0.0,43,0
2019,13,Circuit de Spa-Francorchamps,ricciardo,Daniel Ricciardo,Renault,10,14,+1 Lap,0.0,43,0
2019,13,Circuit de Spa-Francorchamps,russell,George Russell,Williams,14,15,+1 Lap,0.0,43,0
2019,13,Circuit de Spa-Francorchamps,raikkonen,Kimi Räikkönen,Alfa Romeo,6,16,+1 Lap,0.0,43,0
2019,13,Circuit de Spa-Francorchamps,kubica,Robert Kubica,Williams,0,17,+1 Lap,0.0,43,0
2019,13,Circuit de Spa-Francorchamps,giovinazzi,Antonio Giovinazzi,Alfa Romeo,18,18,Accident,0.0,42,1
2019,13,Circuit de Spa-Francorchamps,sainz,Carlos Sainz,McLaren,15,19,Power loss,0.0,1,1
2019,13,Circuit de Spa-Francorchamps,max_verstappen,Max Verstappen,Red Bull,5,20,Accident,0.0,0,1
2019,14,Autodromo Nazionale di Monza,leclerc,Charles Leclerc,Ferrari,1,1,Finished,25.0,53,0
2019,14,Autodromo Nazionale di Monza,bottas,Valtteri Bottas,Mercedes,3,2,Finished,18.0,53,0
2019,14,Autodromo Nazionale di Monza,hamilton,Lewis Hamilton,Mercedes,2,3,Finished,16.0,53,0
2019,14,Autodromo Nazionale di Monza,ricciardo,Daniel Ricciardo,Renault,5,4,Finished,12.0,53,0
2019,14,Autodromo Nazionale di Monza,hulkenberg,Nico Hülkenberg,Renault,6,5,Finished,10.0,53,0
2019,14,Autodromo Nazionale di Monza,albon,Alexander Albon,Red Bull,8,6,Finished,8.0,53,0
2019,14,Autodromo Nazionale di Monza,perez,Sergio Pérez,Racing Point,18,7,Finished,6.0,53,0
2019,14,Autodromo Nazionale di Monza,max_verstappen,Max Verstappen,Red Bull,19,8,Finished,4.0,53,0
2019,14,Autodromo Nazionale di Monza,giovinazzi,Antonio Giovinazzi,Alfa Romeo,10,9,+1 Lap,2.0,52,0
2019,14,Autodromo Nazionale di Monza,norris,Lando Norris,McLaren,16,10,+1 Lap,1.0,52,0
2019,14,Autodromo Nazionale di Monza,gasly,Pierre Gasly,Toro Rosso,17,11,+1 Lap,0.0,52,0
2019,14,Autodromo Nazionale di Monza,stroll,Lance Stroll,Racing Point,9,12,+1 Lap,0.0,52,0
2019,14,Autodromo Nazionale di Monza,vettel,Sebastian Vettel,Ferrari,4,13,+1 Lap,0.0,52,0
2019,14,Autodromo Nazionale di Monza,russell,George Russell,Williams,14,14,+1 Lap,0.0,52,0
2019,14,Autodromo Nazionale di Monza,raikkonen,Kimi Räikkönen,Alfa Romeo,0,15,+1 Lap,0.0,52,0
2019,14,Autodromo Nazionale di Monza,grosjean,Romain Grosjean,Haas F1 Team,13,16,+1 Lap,0.0,52,0
2019,14,Autodromo Nazionale di Monza,kubica,Robert Kubica,Williams,15,17,+2 Laps,0.0,51,0
2019,14,Autodromo Nazionale di Monza,kevin_magnussen,Kevin Magnussen,Haas F1 Team,11,18,Hydraulics,0.0,43,1
2019,14,Autodromo Nazionale di Monza,kvyat,Daniil Kvyat,Toro Rosso,12,19,Engine,0.0,29,1
2019,14,Autodromo Nazionale di Monza,sainz,Carlos Sainz,McLaren,7,20,Wheel,0.0,27,1
2019,15,Marina Bay Street Circuit,vettel,Sebastian Vettel,Ferrari,3,1,Finished,25.0,61,0
2019,15,Marina Bay Street Circuit,leclerc,Charles Leclerc,Ferrari,1,2,Finished,18.0,61,0
2019,15,Marina Bay Street Circuit,max_verstappen,Max Verstappen,Red Bull,4,3,Finished,15.0,61,0
2019,15,Marina Bay Street Circuit,hamilton,Lewis Hamilton,Mercedes,2,4,Finished,12.0,61,0
2019,15,Marina Bay Street Circuit,bottas,Valtteri Bottas,Mercedes,5,5,Finished,10.0,61,0
2019,15,Marina Bay Street Circuit,albon,Alexander Albon,Red Bull,6,6,Finished,8.0,61,0
2019,15,Marina Bay Street Circuit,norris,Lando Norris,McLaren,9,7,Finished,6.0,61,0
2019,15,Marina Bay Street Circuit,gasly,Pierre Gasly,Toro Rosso,11,8,Finished,4.0,61,0
2019,15,Marina Bay Street Circuit,hulkenberg,Nico Hülkenberg,Renault,8,9,Finished,2.0,61,0
2019,15,Marina Bay Street Circuit,giovinazzi,Antonio Giovinazzi,Alfa Romeo,10,10,Finished,1.0,61,0
2019,15,Marina Bay Street Circuit,grosjean,Romain Grosjean,Haas F1 Team,17,11,Finished,0.0,61,0
2019,15,Marina Bay Street Circuit,sainz,Carlos Sainz,McLaren,7,12,Finished,0.0,61,0
2019,15,Marina Bay Street Circuit,stroll,Lance Stroll,Racing Point,16,13,Finished,0.0,61,0
2019,15,Marina Bay Street Circuit,ricciardo,Daniel Ricciardo,Renault,20,14,Finished,0.0,61,0
2019,15,Marina Bay Street Circuit,kvyat,Daniil Kvyat,Toro Rosso,14,15,Finished,0.0,61,0
2019,15,Marina Bay Street Circuit,kubica,Robert Kubica,Williams,19,16,Finished,0.0,61,0
2019,15,Marina Bay Street Circuit,kevin_magnussen,Kevin Magnussen,Haas F1 Team,13,17,Finished,0.0,61,0
2019,15,Marina Bay Street Circuit,raikkonen,Kimi Räikkönen,Alfa Romeo,12,18,Collision,0.0,49,1
2019,15,Marina Bay Street Circuit,perez,Sergio Pérez,Racing Point,15,19,Engine,0.0,42,1
2019,15,Marina Bay Street Circuit,russell,George Russell,Williams,18,20,Collision,0.0,34,1
2019,16,Sochi Autodrom,hamilton,Lewis Hamilton,Mercedes,2,1,Finished,26.0,53,0
2019,16,Sochi Autodrom,bottas,Valtteri Bottas,Mercedes,4,2,Finished,18.0,53,0
2019,16,Sochi Autodrom,leclerc,Charles Leclerc,Ferrari,1,3,Finished,15.0,53,0
2019,16,Sochi Autodrom,max_verstappen,Max Verstappen,Red Bull,9,4,Finished,12.0,53,0
2019,16,Sochi Autodrom,albon,Alexander Albon,Red Bull,0,5,Finished,10.0,53,0
2019,16,Sochi Autodrom,sainz,Carlos Sainz,McLaren,5,6,Finished,8.0,53,0
2019,16,Sochi Autodrom,perez,Sergio Pérez,Racing Point,11,7,Finished,6.0,53,0
2019,16,Sochi Autodrom,norris,Lando Norris,McLaren,7,8,Finished,4.0,53,0
2019,16,Sochi Autodrom,kevin_magnussen,Kevin Magnussen,Haas F1 Team,13,9,Finished,2.0,53,0
2019,16,Sochi Autodrom,hulkenberg,Nico Hülkenberg,Renault,6,10,Finished,1.0,53,0
2019,16,Sochi Autodrom,stroll,Lance Stroll,Racing Point,14,11,Finished,0.0,53,0
2019,16,Sochi Autodrom,kvyat,Daniil Kvyat,Toro Rosso,19,12,Finished,0.0,53,0
2019,16,Sochi Autodrom,raikkonen,Kimi Räikkönen,Alfa Romeo,15,13,Finished,0.0,53,0
2019,16,Sochi Autodrom,gasly,Pierre Gasly,Toro Rosso,16,14,Finished,0.0,53,0
2019,16,Sochi Autodrom,giovinazzi,Antonio Giovinazzi,Alfa Romeo,12,15,Finished,0.0,53,0
2019,16,Sochi Autodrom,kubica,Robert Kubica,Williams,18,16,Brakes,0.0,28,1
2019,16,Sochi Autodrom,russell,George Russell,Williams,17,17,Brakes,0.0,27,1
2019,16,Sochi Autodrom,vettel,Sebastian Vettel,Ferrari,3,18,Power loss,0.0,26,1
2019,16,Sochi Autodrom,ricciardo,Daniel Ricciardo,Renault,10,19,Collision,0.0,24,1
2019,16,Sochi Autodrom,grosjean,Romain Grosjean,Haas F1 Team,8,20,Collision,0.0,0,1
2019,17,Suzuka Circuit,bottas,Valtteri Bottas,Mercedes,3,1,Finished,25.0,52,0
2019,17,Suzuka Circuit,vettel,Sebastian Vettel,Ferrari,1,2,Finished,18.0,52,0
2019,17,Suzuka Circuit,hamilton,Lewis Hamilton,Mercedes,4,3,Finished,16.0,52,0
2019,17,Suzuka Circuit,albon,Alexander Albon,Red Bull,6,4,Finished,12.0,52,0
2019,17,Suzuka Circuit,sainz,Carlos Sainz,McLaren,7,5,Finished,10.0,52,0
2019,17,Suzuka Circuit,leclerc,Charles Leclerc,Ferrari,2,6,+1 Lap,8.0,51,0
2019,17,Suzuka Circuit,gasly,Pierre Gasly,Toro Rosso,9,7,+1 Lap,6.0,51,0
2019,17,Suzuka Circuit,perez,Sergio Pérez,Racing Point,17,8,+1 Lap,4.0,51,0
2019,17,Suzuka Circuit,stroll,Lance Stroll,Racing Point,12,9,+1 Lap,2.0,51,0
2019,17,Suzuka Circuit,kvyat,Daniil Kvyat,Toro Rosso,14,10,+1 Lap,1.0,51,0
2019,17,Suzuka Circuit,norris,Lando Norris,McLaren,8,11,+1 Lap,0.0,51,0
2019,17,Suzuka Circuit,raikkonen,Kimi Räikkönen,Alfa Romeo,13,12,+1 Lap,0.0,51,0
2019,17,Suzuka Circuit,grosjean,Romain Grosjean,Haas F1 Team,10,13,+1 Lap,0.0,51,0
2019,17,Suzuka Circuit,giovinazzi,Antonio Giovinazzi,Alfa Romeo,11,14,+1 Lap,0.0,51,0
2019,17,Suzuka Circuit,kevin_magnussen,Kevin Magnussen,Haas F1 Team,19,15,+1 Lap,0.0,51,0
2019,17,Suzuka Circuit,russell,George Russell,Williams,18,16,+2 Laps,0.0,50,0
2019,17,Suzuka Circuit,kubica,Robert Kubica,Williams,0,17,+2 Laps,0.0,50,0
2019,17,Suzuka Circuit,max_verstappen,Max Verstappen,Red Bull,5,18,Brakes,0.0,14,1
2019,17,Suzuka Circuit,ricciardo,Daniel Ricciardo,Renault,16,19,Disqualified,0.0,51,1
2019,17,Suzuka Circuit,hulkenberg,Nico Hülkenberg,Renault,15,20,Disqualified,0.0,51,1
2019,18,Autódromo Hermanos Rodríguez,hamilton,Lewis Hamilton,Mercedes,3,1,Finished,25.0,71,0
2019,18,Autódromo Hermanos Rodríguez,vettel,Sebastian Vettel,Ferrari,2,2,Finished,18.0,71,0
2019,18,Autódromo Hermanos Rodríguez,bottas,Valtteri Bottas,Mercedes,6,3,Finished,15.0,71,0
2019,18,Autódromo Hermanos Rodríguez,leclerc,Charles Leclerc,Ferrari,1,4,Finished,13.0,71,0
2019,18,Autódromo Hermanos Rodríguez,albon,Alexander Albon,Red Bull,5,5,Finished,10.0,71,0
2019,18,Autódromo Hermanos Rodríguez,max_verstappen,Max Verstappen,Red Bull,4,6,Finished,8.0,71,0
2019,18,Autódromo Hermanos Rodríguez,perez,Sergio Pérez,Racing Point,11,7,Finished,6.0,71,0
2019,18,Autódromo Hermanos Rodríguez,ricciardo,Daniel Ricciardo,Renault,13,8,Finished,4.0,71,0
2019,18,Autódromo Hermanos Rodríguez,gasly,Pierre Gasly,Toro Rosso,10,9,+1 Lap,2.0,70,0
2019,18,Autódromo Hermanos Rodríguez,hulkenberg,Nico Hülkenberg,Renault,12,10,+1 Lap,1.0,70,0
2019,18,Autódromo Hermanos Rodríguez,kvyat,Daniil Kvyat,Toro Rosso,9,11,+1 Lap,0.0,70,0
2019,18,Autódromo Hermanos Rodríguez,stroll,Lance Stroll,Racing Point,16,12,+1 Lap,0.0,70,0
2019,18,Autódromo Hermanos Rodríguez,sainz,Carlos Sainz,McLaren,7,13,+1 Lap,0.0,70,0
2019,18,Autódromo Hermanos Rodríguez,giovinazzi,Antonio Giovinazzi,Alfa Romeo,15,14,+1 Lap,0.0,70,0
2019,18,Autódromo Hermanos Rodríguez,kevin_magnussen,Kevin Magnussen,Haas F1 Team,17,15,+2 Laps,0.0,69,0
2019,18,Autódromo Hermanos Rodríguez,russell,George Russell,Williams,19,16,+2 Laps,0.0,69,0
2019,18,Autódromo Hermanos Rodríguez,grosjean,Romain Grosjean,Haas F1 Team,18,17,+2 Laps,0.0,69,0
2019,18,Autódromo Hermanos Rodríguez,kubica,Robert Kubica,Williams,20,18,+2 Laps,0.0,69,0
2019,18,Autódromo Hermanos Rodríguez,raikkonen,Kimi Räikkönen,Alfa Romeo,14,19,Overheating,0.0,58,1
2019,18,Autódromo Hermanos Rodríguez,norris,Lando Norris,McLaren,8,20,Withdrew,0.0,48,1
2019,19,Circuit of the Americas,bottas,Valtteri Bottas,Mercedes,1,1,Finished,25.0,56,0
2019,19,Circuit of the Americas,hamilton,Lewis Hamilton,Mercedes,5,2,Finished,18.0,56,0
2019,19,Circuit of the Americas,max_verstappen,Max Verstappen,Red Bull,3,3,Finished,15.0,56,0
2019,19,Circuit of the Americas,leclerc,Charles Leclerc,Ferrari,4,4,Finished,13.0,56,0
2019,19,Circuit of the Americas,albon,Alexander Albon,Red Bull,6,5,Finished,10.0,56,0
2019,19,Circuit of the Americas,ricciardo,Daniel Ricciardo,Renault,9,6,Finished,8.0,56,0
2019,19,Circuit of the Americas,norris,Lando Norris,McLaren,8,7,Finished,6.0,56,0
2019,19,Circuit of the Americas,sainz,Carlos Sainz,McLaren,7,8,+1 Lap,4.0,55,0
2019,19,Circuit of the Americas,hulkenberg,Nico Hülkenberg,Renault,11,9,+1 Lap,2.0,55,0
2019,19,Circuit of the Americas,perez,Sergio Pérez,Racing Point,0,10,+1 Lap,1.0,55,0
2019,19,Circuit of the Americas,raikkonen,Kimi Räikkönen,Alfa Romeo,17,11,+1 Lap,0.0,55,0
2019,19,Circuit of the Americas,kvyat,Daniil Kvyat,Toro Rosso,13,12,+1 Lap,0.0,55,0
2019,19,Circuit of the Americas,stroll,Lance Stroll,Racing Point,14,13,+1 Lap,0.0,55,0
2019,19,Circuit of the Americas,giovinazzi,Antonio Giovinazzi,Alfa Romeo,16,14,+1 Lap,0.0,55,0
2019,19,Circuit of the Americas,grosjean,Romain Grosjean,Haas F1 Team,15,15,+1 Lap,0.0,55,0
2019,19,Circuit of the Americas,gasly,Pierre Gasly,Toro Rosso,10,16,Suspension,0.0,54,1
2019,19,Circuit of the Americas,russell,George Russell,Williams,18,17,+2 Laps,0.0,54,0
2019,19,Circuit of the Americas,kevin_magnussen,Kevin Magnussen,Haas F1 Team,12,18,Brakes,0.0,52,1
2019,19,Circuit of the Americas,kubica,Robert Kubica,Williams,19,19,Oil leak,0.0,31,1
2019,19,Circuit of the Americas,vettel,Sebastian Vettel,Ferrari,2,20,Suspension,0.0,7,1
2019,20,Autódromo José Carlos Pace,max_verstappen,Max Verstappen,Red Bull,1,1,Finished,25.0,71,0
2019,20,Autódromo José Carlos Pace,gasly,Pierre Gasly,Toro Rosso,6,2,Finished,18.0,71,0
2019,20,Autódromo José Carlos Pace,sainz,Carlos Sainz,McLaren,20,3,Finished,15.0,71,0
2019,20,Autódromo José Carlos Pace,raikkonen,Kimi Räikkönen,Alfa Romeo,8,4,Finished,12.0,71,0
2019,20,Autódromo José Carlos Pace,giovinazzi,Antonio Giovinazzi,Alfa Romeo,12,5,Finished,10.0,71,0
2019,20,Autódromo José Carlos Pace,ricciardo,Daniel Ricciardo,Renault,11,6,Finished,8.0,71,0
2019,20,Autódromo José Carlos Pace,hamilton,Lewis Hamilton,Mercedes,3,7,Finished,6.0,71,0
2019,20,Autódromo José Carlos Pace,norris,Lando Norris,McLaren,10,8,Finished,4.0,71,0
2019,20,Autódromo José Carlos Pace,perez,Sergio Pérez,Racing Point,15,9,Finished,2.0,71,0
2019,20,Autódromo José Carlos Pace,kvyat,Daniil Kvyat,Toro Rosso,16,10,Finished,1.0,71,0
2019,20,Autódromo José Carlos Pace,kevin_magnussen,Kevin Magnussen,Haas F1 Team,9,11,Finished,0.0,71,0
2019,20,Autódromo José Carlos Pace,russell,George Russell,Williams,18,12,Finished,0.0,71,0
2019,20,Autódromo José Carlos Pace,grosjean,Romain Grosjean,Haas F1 Team,7,13,Finished,0.0,71,0
2019,20,Autódromo José Carlos Pace,albon,Alexander Albon,Red Bull,5,14,Finished,0.0,71,0
2019,20,Autódromo José Carlos Pace,hulkenberg,Nico Hülkenberg,Renault,13,15,Finished,0.0,71,0
2019,20,Autódromo José Carlos Pace,kubica,Robert Kubica,Williams,19,16,+1 Lap,0.0,70,0
2019,20,Autódromo José Carlos Pace,vettel,Sebastian Vettel,Ferrari,2,17,Collision,0.0,65,1
2019,20,Autódromo José Carlos Pace,leclerc,Charles Leclerc,Ferrari,14,18,Collision,0.0,65,1
2019,20,Autódromo José Carlos Pace,stroll,Lance Stroll,Racing Point,17,19,Suspension,0.0,65,1
2019,20,Autódromo José Carlos Pace,bottas,Valtteri Bottas,Mercedes,4,20,Power Unit,0.0,51,1
2019,21,Yas Marina Circuit,hamilton,Lewis Hamilton,Mercedes,1,1,Finished,26.0,55,0
2019,21,Yas Marina Circuit,max_verstappen,Max Verstappen,Red Bull,2,2,Finished,18.0,55,0
2019,21,Yas Marina Circuit,leclerc,Charles Leclerc,Ferrari,3,3,Finished,15.0,55,0
2019,21,Yas Marina Circuit,bottas,Valtteri Bottas,Mercedes,20,4,Finished,12.0,55,0
2019,21,Yas Marina Circuit,vettel,Sebastian Vettel,Ferrari,4,5,Finished,10.0,55,0
2019,21,Yas Marina Circuit,albon,Alexander Albon,Red Bull,5,6,Finished,8.0,55,0
2019,21,Yas Marina Circuit,perez,Sergio Pérez,Racing Point,10,7,+1 Lap,6.0,54,0
2019,21,Yas Marina Circuit,norris,Lando Norris,McLaren,6,8,+1 Lap,4.0,54,0
2019,21,Yas Marina Circuit,kvyat,Daniil Kvyat,Toro Rosso,13,9,+1 Lap,2.0,54,0
2019,21,Yas Marina Circuit,sainz,Carlos Sainz,McLaren,8,10,+1 Lap,1.0,54,0
2019,21,Yas Marina Circuit,ricciardo,Daniel Ricciardo,Renault,7,11,+1 Lap,0.0,54,0
2019,21,Yas Marina Circuit,hulkenberg,Nico Hülkenberg,Renault,9,12,+1 Lap,0.0,54,0
2019,21,Yas Marina Circuit,raikkonen,Kimi Räikkönen,Alfa Romeo,17,13,+1 Lap,0.0,54,0
2019,21,Yas Marina Circuit,kevin_magnussen,Kevin Magnussen,Haas F1 Team,14,14,+1 Lap,0.0,54,0
2019,21,Yas Marina Circuit,grosjean,Romain Grosjean,Haas F1 Team,15,15,+1 Lap,0.0,54,0
2019,21,Yas Marina Circuit,giovinazzi,Antonio Giovinazzi,Alfa Romeo,16,16,+1 Lap,0.0,54,0
2019,21,Yas Marina Circuit,russell,George Russell,Williams,18,17,+1 Lap,0.0,54,0
2019,21,Yas Marina Circuit,gasly,Pierre Gasly,Toro Rosso,11,18,+2 Laps,0.0,53,0
2019,21,Yas Marina Circuit,kubica,Robert Kubica,Williams,19,19,+2 Laps,0.0,53,0
2019,21,Yas Marina Circuit,stroll,Lance Stroll,Racing Point,12,20,Brakes,0.0,45,1
2020,1,Red Bull Ring,bottas,Valtteri Bottas,Mercedes,1,1,Finished,25.0,71,0
2020,1,Red Bull Ring,leclerc,Charles Leclerc,Ferrari,7,2,Finished,18.0,71,0
2020,1,Red Bull Ring,norris,Lando Norris,McLaren,3,3,Finished,16.0,71,0
2020,1,Red Bull Ring,hamilton,Lewis Hamilton,Mercedes,5,4,Finished,12.0,71,0
2020,1,Red Bull Ring,sainz,Carlos Sainz,McLaren,8,5,Finished,10.0,71,0
2020,1,Red Bull Ring,perez,Sergio Pérez,Racing Point,6,6,Finished,8.0,71,0
2020,1,Red Bull Ring,gasly,Pierre Gasly,AlphaTauri,12,7,Finished,6.0,71,0
2020,1,Red Bull Ring,ocon,Esteban Ocon,Renault,14,8,Finished,4.0,71,0
2020,1,Red Bull Ring,giovinazzi,Antonio Giovinazzi,Alfa Romeo,18,9,Finished,2.0,71,0
2020,1,Red Bull Ring,vettel,Sebastian Vettel,Ferrari,11,10,Finished,1.0,71,0
2020,1,Red Bull Ring,latifi,Nicholas Latifi,Williams,20,11,Finished,0.0,71,0
2020,1,Red Bull Ring,kvyat,Daniil Kvyat,AlphaTauri,13,12,Suspension,0.0,69,1
2020,1,Red Bull Ring,albon,Alexander Albon,Red Bull,4,13,Electronics,0.0,67,1
2020,1,Red Bull Ring,raikkonen,Kimi Räikkönen,Alfa Romeo,19,14,Wheel,0.0,53,1
2020,1,Red Bull Ring,russell,George Russell,Williams,17,15,Fuel pressure,0.0,49,1
2020,1,Red Bull Ring,grosjean,Romain Grosjean,Haas F1 Team,15,16,Brakes,0.0,49,1
2020,1,Red Bull Ring,kevin_magnussen,Kevin Magnussen,Haas F1 Team,16,17,Brakes,0.0,24,1
2020,1,Red Bull Ring,stroll,Lance Stroll,Racing Point,9,18,Engine,0.0,20,1
2020,1,Red Bull Ring,ricciardo,Daniel Ricciardo,Renault,10,19,Overheating,0.0,17,1
2020,1,Red Bull Ring,max_verstappen,Max Verstappen,Red Bull,2,20,Electronics,0.0,11,1
2020,2,Red Bull Ring,hamilton,Lewis Hamilton,Mercedes,1,1,Finished,25.0,71,0
2020,2,Red Bull Ring,bottas,Valtteri Bottas,Mercedes,4,2,Finished,18.0,71,0
2020,2,Red Bull Ring,max_verstappen,Max Verstappen,Red Bull,2,3,Finished,15.0,71,0
2020,2,Red Bull Ring,albon,Alexander Albon,Red Bull,6,4,Finished,12.0,71,0
2020,2,Red Bull Ring,norris,Lando Norris,McLaren,9,5,Finished,10.0,71,0
2020,2,Red Bull Ring,perez,Sergio Pérez,Racing Point,17,6,Finished,8.0,71,0
2020,2,Red Bull Ring,stroll,Lance Stroll,Racing Point,12,7,Finished,6.0,71,0
2020,2,Red Bull Ring,ricciardo,Daniel Ricciardo,Renault,8,8,Finished,4.0,71,0
2020,2,Red Bull Ring,sainz,Carlos Sainz,McLaren,3,9,+1 Lap,3.0,70,0
2020,2,Red Bull Ring,kvyat,Daniil Kvyat,AlphaTauri,13,10,+1 Lap,1.0,70,0
2020,2,Red Bull Ring,raikkonen,Kimi Räikkönen,Alfa Romeo,16,11,+1 Lap,0.0,70,0
2020,2,Red Bull Ring,kevin_magnussen,Kevin Magnussen,Haas F1 Team,15,12,+1 Lap,0.0,70,0
2020,2,Red Bull Ring,grosjean,Romain Grosjean,Haas F1 Team,0,13,+1 Lap,0.0,70,0
2020,2,Red Bull Ring,giovinazzi,Antonio Giovinazzi,Alfa Romeo,19,14,+1 Lap,0.0,70,0
2020,2,Red Bull Ring,gasly,Pierre Gasly,AlphaTauri,7,15,+1 Lap,0.0,70,0
2020,2,Red Bull Ring,russell,George Russell,Williams,11,16,+2 Laps,0.0,69,0
2020,2,Red Bull Ring,latifi,Nicholas Latifi,Williams,18,17,+2 Laps,0.0,69,0
2020,2,Red Bull Ring,ocon,Esteban Ocon,Renault,5,18,Overheating,0.0,25,1
2020,2,Red Bull Ring,leclerc,Charles Leclerc,Ferrari,14,19,Collision damage,0.0,4,1
2020,2,Red Bull Ring,vettel,Sebastian Vettel,Ferrari,10,20,Collision damage,0.0,1,1
2020,3,Hungaroring,hamilton,Lewis Hamilton,Mercedes,1,1,Finished,26.0,70,0
2020,3,Hungaroring,max_verstappen,Max Verstappen,Red Bull,7,2,Finished,18.0,70,0
2020,3,Hungaroring,bottas,Valtteri Bottas,Mercedes,2,3,Finished,15.0,70,0
2020,3,Hungaroring,stroll,Lance Stroll,Racing Point,3,4,Finished,12.0,70,0
2020,3,Hungaroring,albon,Alexander Albon,Red Bull,13,5,Finished,10.0,70,0
2020,3,Hungaroring,vettel,Sebastian Vettel,Ferrari,5,6,+1 Lap,8.0,69,0
2020,3,Hungaroring,perez,Sergio Pérez,Racing Point,4,7,+1 Lap,6.0,69,0
2020,3,Hungaroring,ricciardo,Daniel Ricciardo,Renault,11,8,+1 Lap,4.0,69,0
2020,3,Hungaroring,sainz,Carlos Sainz,McLaren,9,9,+1 Lap,2.0,69,0
2020,3,Hungaroring,kevin_magnussen,Kevin Magnussen,Haas F1 Team,0,10,+1 Lap,1.0,69,0
2020,3,Hungaroring,leclerc,Charles Leclerc,Ferrari,6,11,+1 Lap,0.0,69,0
2020,3,Hungaroring,kvyat,Daniil Kvyat,AlphaTauri,17,12,+1 Lap,0.0,69,0
2020,3,Hungaroring,norris,Lando Norris,McLaren,8,13,+1 Lap,0.0,69,0
2020,3,Hungaroring,ocon,Esteban Ocon,Renault,14,14,+1 Lap,0.0,69,0
2020,3,Hungaroring,raikkonen,Kimi Räikkönen,Alfa Romeo,20,15,+1 Lap,0.0,69,0
2020,3,Hungaroring,grosjean,Romain Grosjean,Haas F1 Team,0,16,+1 Lap,0.0,69,0
2020,3,Hungaroring,giovinazzi,Antonio Giovinazzi,Alfa Romeo,19,17,+1 Lap,0.0,69,0
2020,3,Hungaroring,russell,George Russell,Williams,12,18,+1 Lap,0.0,69,0
2020,3,Hungaroring,latifi,Nicholas Latifi,Williams,15,19,+5 Laps,0.0,65,0
2020,3,Hungaroring,gasly,Pierre Gasly,AlphaTauri,10,20,Engine,0.0,15,1
2020,4,Silverstone Circuit,hamilton,Lewis Hamilton,Mercedes,1,1,Finished,25.0,52,0
2020,4,Silverstone Circuit,max_verstappen,Max Verstappen,Red Bull,3,2,Finished,19.0,52,0
2020,4,Silverstone Circuit,leclerc,Charles Leclerc,Ferrari,4,3,Finished,15.0,52,0
2020,4,Silverstone Circuit,ricciardo,Daniel Ricciardo,Renault,8,4,Finished,12.0,52,0
2020,4,Silverstone Circuit,norris,Lando Norris,McLaren,5,5,Finished,10.0,52,0
2020,4,Silverstone Circuit,ocon,Esteban Ocon,Renault,9,6,Finished,8.0,52,0
2020,4,Silverstone Circuit,gasly,Pierre Gasly,AlphaTauri,11,7,Finished,6.0,52,0
2020,4,Silverstone Circuit,albon,Alexander Albon,Red Bull,12,8,Finished,4.0,52,0
2020,4,Silverstone Circuit,stroll,Lance Stroll,Racing Point,6,9,Finished,2.0,52,0
2020,4,Silverstone Circuit,vettel,Sebastian Vettel,Ferrari,10,10,Finished,1.0,52,0
2020,4,Silverstone Circuit,bottas,Valtteri Bottas,Mercedes,2,11,Finished,0.0,52,0
2020,4,Silverstone Circuit,russell,George Russell,Williams,20,12,Finished,0.0,52,0
2020,4,Silverstone Circuit,sainz,Carlos Sainz,McLaren,7,13,Finished,0.0,52,0
2020,4,Silverstone Circuit,giovinazzi,Antonio Giovinazzi,Alfa Romeo,15,14,Finished,0.0,52,0
2020,4,Silverstone Circuit,latifi,Nicholas Latifi,Williams,18,15,Finished,0.0,52,0
2020,4,Silverstone Circuit,grosjean,Romain Grosjean,Haas F1 Team,17,16,Finished,0.0,52,0
2020,4,Silverstone Circuit,raikkonen,Kimi Räikkönen,Alfa Romeo,16,17,+1 Lap,0.0,51,0
2020,4,Silverstone Circuit,kvyat,Daniil Kvyat,AlphaTauri,19,18,Accident,0.0,11,1
2020,4,Silverstone Circuit,kevin_magnussen,Kevin Magnussen,Haas F1 Team,14,19,Collision,0.0,1,1
2020,4,Silverstone Circuit,hulkenberg,Nico Hülkenberg,Racing Point,13,20,Power Unit,0.0,0,1
2020,5,Silverstone Circuit,max_verstappen,Max Verstappen,Red Bull,4,1,Finished,25.0,52,0
2020,5,Silverstone Circuit,hamilton,Lewis Hamilton,Mercedes,2,2,Finished,19.0,52,0
2020,5,Silverstone Circuit,bottas,Valtteri Bottas,Mercedes,1,3,Finished,15.0,52,0
2020,5,Silverstone Circuit,leclerc,Charles Leclerc,Ferrari,8,4,Finished,12.0,52,0
2020,5,Silverstone Circuit,albon,Alexander Albon,Red Bull,9,5,Finished,10.0,52,0
2020,5,Silverstone Circuit,stroll,Lance Stroll,Racing Point,6,6,Finished,8.0,52,0
2020,5,Silverstone Circuit,hulkenberg,Nico Hülkenberg,Racing Point,3,7,Finished,6.0,52,0
2020,5,Silverstone Circuit,ocon,Esteban Ocon,Renault,14,8,Finished,4.0,52,0
2020,5,Silverstone Circuit,norris,Lando Norris,McLaren,10,9,Finished,2.0,52,0
2020,5,Silverstone Circuit,kvyat,Daniil Kvyat,AlphaTauri,16,10,Finished,1.0,52,0
2020,5,Silverstone Circuit,gasly,Pierre Gasly,AlphaTauri,7,11,Finished,0.0,52,0
2020,5,Silverstone Circuit,vettel,Sebastian Vettel,Ferrari,11,12,Finished,0.0,52,0
2020,5,Silverstone Circuit,sainz,Carlos Sainz,McLaren,12,13,Finished,0.0,52,0
2020,5,Silverstone Circuit,ricciardo,Daniel Ricciardo,Renault,5,14,+1 Lap,0.0,51,0
2020,5,Silverstone Circuit,raikkonen,Kimi Räikkönen,Alfa Romeo,20,15,+1 Lap,0.0,51,0
2020,5,Silverstone Circuit,grosjean,Romain Grosjean,Haas F1 Team,13,16,+1 Lap,0.0,51,0
2020,5,Silverstone Circuit,giovinazzi,Antonio Giovinazzi,Alfa Romeo,19,17,+1 Lap,0.0,51,0
2020,5,Silverstone Circuit,russell,George Russell,Williams,15,18,+1 Lap,0.0,51,0
2020,5,Silverstone Circuit,latifi,Nicholas Latifi,Williams,18,19,+1 Lap,0.0,51,0
2020,5,Silverstone Circuit,kevin_magnussen,Kevin Magnussen,Haas F1 Team,17,20,Retired,0.0,43,1
2020,6,Circuit de Barcelona-Catalunya,hamilton,Lewis Hamilton,Mercedes,1,1,Finished,25.0,66,0
2020,6,Circuit de Barcelona-Catalunya,max_verstappen,Max Verstappen,Red Bull,3,2,Finished,18.0,66,0
2020,6,Circuit de Barcelona-Catalunya,bottas,Valtteri Bottas,Mercedes,2,3,Finished,16.0,66,0
2020,6,Circuit de Barcelona-Catalunya,stroll,Lance Stroll,Racing Point,5,4,+1 Lap,12.0,65,0
2020,6,Circuit de Barcelona-Catalunya,perez,Sergio Pérez,Racing Point,4,5,+1 Lap,10.0,65,0
2020,6,Circuit de Barcelona-Catalunya,sainz,Carlos Sainz,McLaren,7,6,+1 Lap,8.0,65,0
2020,6,Circuit de Barcelona-Catalunya,vettel,Sebastian Vettel,Ferrari,11,7,+1 Lap,6.0,65,0
2020,6,Circuit de Barcelona-Catalunya,albon,Alexander Albon,Red Bull,6,8,+1 Lap,4.0,65,0
2020,6,Circuit de Barcelona-Catalunya,gasly,Pierre Gasly,AlphaTauri,10,9,+1 Lap,2.0,65,0
2020,6,Circuit de Barcelona-Catalunya,norris,Lando Norris,McLaren,8,10,+1 Lap,1.0,65,0
2020,6,Circuit de Barcelona-Catalunya,ricciardo,Daniel Ricciardo,Renault,13,11,+1 Lap,0.0,65,0
2020,6,Circuit de Barcelona-Catalunya,kvyat,Daniil Kvyat,AlphaTauri,12,12,+1 Lap,0.0,65,0
2020,6,Circuit de Barcelona-Catalunya,ocon,Esteban Ocon,Renault,15,13,+1 Lap,0.0,65,0
2020,6,Circuit de Barcelona-Catalunya,raikkonen,Kimi Räikkönen,Alfa Romeo,14,14,+1 Lap,0.0,65,0
2020,6,Circuit de Barcelona-Catalunya,kevin_magnussen,Kevin Magnussen,Haas F1 Team,16,15,+1 Lap,0.0,65,0
2020,6,Circuit de Barcelona-Catalunya,giovinazzi,Antonio Giovinazzi,Alfa Romeo,20,16,+1 Lap,0.0,65,0
2020,6,Circuit de Barcelona-Catalunya,russell,George Russell,Williams,18,17,+1 Lap,0.0,65,0
2020,6,Circuit de Barcelona-Catalunya,latifi,Nicholas Latifi,Williams,19,18,+2 Laps,0.0,64,0
2020,6,Circuit de Barcelona-Catalunya,grosjean,Romain Grosjean,Haas F1 Team,17,19,+2 Laps,0.0,64,0
2020,6,Circuit de Barcelona-Catalunya,leclerc,Charles Leclerc,Ferrari,9,20,Electronics,0.0,38,1
2020,7,Circuit de Spa-Francorchamps,hamilton,Lewis Hamilton,Mercedes,1,1,Finished,25.0,44,0
2020,7,Circuit de Spa-Francorchamps,bottas,Valtteri Bottas,Mercedes,2,2,Finished,18.0,44,0
2020,7,Circuit de Spa-Francorchamps,max_verstappen,Max Verstappen,Red Bull,3,3,Finished,15.0,44,0
2020,7,Circuit de Spa-Francorchamps,ricciardo,Daniel Ricciardo,Renault,4,4,Finished,13.0,44,0
2020,7,Circuit de Spa-Francorchamps,ocon,Esteban Ocon,Renault,6,5,Finished,10.0,44,0
2020,7,Circuit de Spa-Francorchamps,albon,Alexander Albon,Red Bull,5,6,Finished,8.0,44,0
2020,7,Circuit de Spa-Francorchamps,norris,Lando Norris,McLaren,10,7,Finished,6.0,44,0
2020,7,Circuit de Spa-Francorchamps,gasly,Pierre Gasly,AlphaTauri,12,8,Finished,4.0,44,0
2020,7,Circuit de Spa-Francorchamps,stroll,Lance Stroll,Racing Point,9,9,Finished,2.0,44,0
2020,7,Circuit de Spa-Francorchamps,perez,Sergio Pérez,Racing Point,8,10,Finished,1.0,44,0
2020,7,Circuit de Spa-Francorchamps,kvyat,Daniil Kvyat,AlphaTauri,11,11,Finished,0.0,44,0
2020,7,Circuit de Spa-Francorchamps,raikkonen,Kimi Räikkönen,Alfa Romeo,16,12,Finished,0.0,44,0
2020,7,Circuit de Spa-Francorchamps,vettel,Sebastian Vettel,Ferrari,14,13,Finished,0.0,44,0
2020,7,Circuit de Spa-Francorchamps,leclerc,Charles Leclerc,Ferrari,13,14,Finished,0.0,44,0
2020,7,Circuit de Spa-Francorchamps,grosjean,Romain Grosjean,Haas F1 Team,17,15,Finished,0.0,44,0
2020,7,Circuit de Spa-Francorchamps,latifi,Nicholas Latifi,Williams,19,16,Finished,0.0,44,0
2020,7,Circuit de Spa-Francorchamps,kevin_magnussen,Kevin Magnussen,Haas F1 Team,20,17,Finished,0.0,44,0
2020,7,Circuit de Spa-Francorchamps,giovinazzi,Antonio Giovinazzi,Alfa Romeo,18,18,Accident,0.0,9,1
2020,7,Circuit de Spa-Francorchamps,russell,George Russell,Williams,15,19,Debris,0.0,9,1
2020,7,Circuit de Spa-Francorchamps,sainz,Carlos Sainz,McLaren,7,20,Exhaust,0.0,0,1
2020,8,Autodromo Nazionale di Monza,gasly,Pierre Gasly,AlphaTauri,10,1,Finished,25.0,53,0
2020,8,Autodromo Nazionale di Monza,sainz,Carlos Sainz,McLaren,3,2,Finished,18.0,53,0
2020,8,Autodromo Nazionale di Monza,stroll,Lance Stroll,Racing Point,8,3,Finished,15.0,53,0
2020,8,Autodromo Nazionale di Monza,norris,Lando Norris,McLaren,6,4,Finished,12.0,53,0
2020,8,Autodromo Nazionale di Monza,bottas,Valtteri Bottas,Mercedes,2,5,Finished,10.0,53,0
2020,8,Autodromo Nazionale di Monza,ricciardo,Daniel Ricciardo,Renault,7,6,Finished,8.0,53,0
2020,8,Autodromo Nazionale di Monza,hamilton,Lewis Hamilton,Mercedes,1,7,Finished,7.0,53,0
2020,8,Autodromo Nazionale di Monza,ocon,Esteban Ocon,Renault,12,8,Finished,4.0,53,0
2020,8,Autodromo Nazionale di Monza,kvyat,Daniil Kvyat,AlphaTauri,11,9,Finished,2.0,53,0
2020,8,Autodromo Nazionale di Monza,perez,Sergio Pérez,Racing Point,4,10,Finished,1.0,53,0
2020,8,Autodromo Nazionale di Monza,latifi,Nicholas Latifi,Williams,20,11,Finished,0.0,53,0
2020,8,Autodromo Nazionale di Monza,grosjean,Romain Grosjean,Haas F1 Team,16,12,Finished,0.0,53,0
2020,8,Autodromo Nazionale di Monza,raikkonen,Kimi Räikkönen,Alfa Romeo,14,13,Finished,0.0,53,0
2020,8,Autodromo Nazionale di Monza,russell,George Russell,Williams,19,14,Finished,0.0,53,0
2020,8,Autodromo Nazionale di Monza,albon,Alexander Albon,Red Bull,9,15,Finished,0.0,53,0
2020,8,Autodromo Nazionale di Monza,giovinazzi,Antonio Giovinazzi,Alfa Romeo,18,16,Finished,0.0,53,0
2020,8,Autodromo Nazionale di Monza,max_verstappen,Max Verstappen,Red Bull,5,17,Power Unit,0.0,30,1
2020,8,Autodromo Nazionale di Monza,leclerc,Charles Leclerc,Ferrari,13,18,Accident,0.0,23,1
2020,8,Autodromo Nazionale di Monza,kevin_magnussen,Kevin Magnussen,Haas F1 Team,15,19,Power Unit,0.0,17,1
2020,8,Autodromo Nazionale di Monza,vettel,Sebastian Vettel,Ferrari,17,20,Brakes,0.0,6,1
2020,9,Autodromo Internazionale del Mugello,hamilton,Lewis Hamilton,Mercedes,1,1,Finished,26.0,59,0
2020,9,Autodromo Internazionale del Mugello,bottas,Valtteri Bottas,Mercedes,2,2,Finished,18.0,59,0
2020,9,Autodromo Internazionale del Mugello,albon,Alexander Albon,Red Bull,4,3,Finished,15.0,59,0
2020,9,Autodromo Internazionale del Mugello,ricciardo,Daniel Ricciardo,Renault,8,4,Finished,12.0,59,0
2020,9,Autodromo Internazionale del Mugello,perez,Sergio Pérez,Racing Point,7,5,Finished,10.0,59,0
2020,9,Autodromo Internazionale del Mugello,norris,Lando Norris,McLaren,11,6,Finished,8.0,59,0
2020,9,Autodromo Internazionale del Mugello,kvyat,Daniil Kvyat,AlphaTauri,12,7,Finished,6.0,59,0
2020,9,Autodromo Internazionale del Mugello,leclerc,Charles Leclerc,Ferrari,5,8,Finished,4.0,59,0
2020,9,Autodromo Internazionale del Mugello,raikkonen,Kimi Räikkönen,Alfa Romeo,13,9,Finished,2.0,59,0
2020,9,Autodromo Internazionale del Mugello,vettel,Sebastian Vettel,Ferrari,14,10,Finished,1.0,59,0
2020,9,Autodromo Internazionale del Mugello,russell,George Russell,Williams,18,11,Finished,0.0,59,0
2020,9,Autodromo Internazionale del Mugello,grosjean,Romain Grosjean,Haas F1 Team,15,12,Finished,0.0,59,0
2020,9,Autodromo Internazionale del Mugello,stroll,Lance Stroll,Racing Point,6,13,Puncture,0.0,42,1
2020,9,Autodromo Internazionale del Mugello,ocon,Esteban Ocon,Renault,10,14,Brakes,0.0,7,1
2020,9,Autodromo Internazionale del Mugello,latifi,Nicholas Latifi,Williams,19,15,Collision,0.0,6,1
2020,9,Autodromo Internazionale del Mugello,kevin_magnussen,Kevin Magnussen,Haas F1 Team,20,16,Collision,0.0,5,1
2020,9,Autodromo Internazionale del Mugello,giovinazzi,Antonio Giovinazzi,Alfa Romeo,17,17,Collision,0.0,5,1
2020,9,Autodromo Internazionale del Mugello,sainz,Carlos Sainz,McLaren,9,18,Collision,0.0,5,1
2020,9,Autodromo Internazionale del Mugello,max_verstappen,Max Verstappen,Red Bull,3,19,Collision,0.0,0,1
2020,9,Autodromo Internazionale del Mugello,gasly,Pierre Gasly,AlphaTauri,16,20,Collision,0.0,0,1
2020,10,Sochi Autodrom,bottas,Valtteri Bottas,Mercedes,3,1,Finished,26.0,53,0
2020,10,Sochi Autodrom,max_verstappen,Max Verstappen,Red Bull,2,2,Finished,18.0,53,0
2020,10,Sochi Autodrom,hamilton,Lewis Hamilton,Mercedes,1,3,Finished,15.0,53,0
2020,10,Sochi Autodrom,perez,Sergio Pérez,Racing Point,4,4,Finished,12.0,53,0
2020,10,Sochi Autodrom,ricciardo,Daniel Ricciardo,Renault,5,5,Finished,10.0,53,0
2020,10,Sochi Autodrom,leclerc,Charles Leclerc,Ferrari,10,6,Finished,8.0,53,0
2020,10,Sochi Autodrom,ocon,Esteban Ocon,Renault,7,7,Finished,6.0,53,0
2020,10,Sochi Autodrom,kvyat,Daniil Kvyat,AlphaTauri,11,8,Finished,4.0,53,0
2020,10,Sochi Autodrom,gasly,Pierre Gasly,AlphaTauri,9,9,Finished,2.0,53,0
2020,10,Sochi Autodrom,albon,Alexander Albon,Red Bull,15,10,Finished,1.0,53,0
2020,10,Sochi Autodrom,giovinazzi,Antonio Giovinazzi,Alfa Romeo,17,11,+1 Lap,0.0,52,0
2020,10,Sochi Autodrom,kevin_magnussen,Kevin Magnussen,Haas F1 Team,18,12,+1 Lap,0.0,52,0
2020,10,Sochi Autodrom,vettel,Sebastian Vettel,Ferrari,14,13,+1 Lap,0.0,52,0
2020,10,Sochi Autodrom,raikkonen,Kimi Räikkönen,Alfa Romeo,19,14,+1 Lap,0.0,52,0
2020,10,Sochi Autodrom,norris,Lando Norris,McLaren,8,15,+1 Lap,0.0,52,0
2020,10,Sochi Autodrom,latifi,Nicholas Latifi,Williams,20,16,+1 Lap,0.0,52,0
2020,10,Sochi Autodrom,grosjean,Romain Grosjean,Haas F1 Team,16,17,+1 Lap,0.0,52,0
2020,10,Sochi Autodrom,russell,George Russell,Williams,13,18,+1 Lap,0.0,52,0
2020,10,Sochi Autodrom,sainz,Carlos Sainz,McLaren,6,19,Accident,0.0,0,1
2020,10,Sochi Autodrom,stroll,Lance Stroll,Racing Point,12,20,Collision,0.0,0,1
2020,11,Nürburgring,hamilton,Lewis Hamilton,Mercedes,2,1,Finished,25.0,60,0
2020,11,Nürburgring,max_verstappen,Max Verstappen,Red Bull,3,2,Finished,19.0,60,0
2020,11,Nürburgring,ricciardo,Daniel Ricciardo,Renault,6,3,Finished,15.0,60,0
2020,11,Nürburgring,perez,Sergio Pérez,Racing Point,9,4,Finished,12.0,60,0
2020,11,Nürburgring,sainz,Carlos Sainz,McLaren,10,5,Finished,10.0,60,0
2020,11,Nürburgring,gasly,Pierre Gasly,AlphaTauri,12,6,Finished,8.0,60,0
2020,11,Nürburgring,leclerc,Charles Leclerc,Ferrari,4,7,Finished,6.0,60,0
2020,11,Nürburgring,hulkenberg,Nico Hülkenberg,Racing Point,20,8,Finished,4.0,60,0
2020,11,Nürburgring,grosjean,Romain Grosjean,Haas F1 Team,16,9,Finished,2.0,60,0
2020,11,Nürburgring,giovinazzi,Antonio Giovinazzi,Alfa Romeo,14,10,Finished,1.0,60,0
2020,11,Nürburgring,vettel,Sebastian Vettel,Ferrari,11,11,Finished,0.0,60,0
2020,11,Nürburgring,raikkonen,Kimi Räikkönen,Alfa Romeo,19,12,Finished,0.0,60,0
2020,11,Nürburgring,kevin_magnussen,Kevin Magnussen,Haas F1 Team,15,13,Finished,0.0,60,0
2020,11,Nürburgring,latifi,Nicholas Latifi,Williams,18,14,Finished,0.0,60,0
2020,11,Nürburgring,kvyat,Daniil Kvyat,AlphaTauri,13,15,Finished,0.0,60,0
2020,11,Nürburgring,norris,Lando Norris,McLaren,8,16,Power Unit,0.0,42,1
2020,11,Nürburgring,albon,Alexander Albon,Red Bull,5,17,Radiator,0.0,23,1
2020,11,Nürburgring,ocon,Esteban Ocon,Renault,7,18,Gearbox,0.0,22,1
2020,11,Nürburgring,bottas,Valtteri Bottas,Mercedes,1,19,Power Unit,0.0,18,1
2020,11,Nürburgring,russell,George Russell,Williams,17,20,Collision,0.0,12,1
2020,12,Autódromo Internacional do Algarve,hamilton,Lewis Hamilton,Mercedes,1,1,Finished,26.0,66,0
2020,12,Autódromo Internacional do Algarve,bottas,Valtteri Bottas,Mercedes,2,2,Finished,18.0,66,0
2020,12,Autódromo Internacional do Algarve,max_verstappen,Max Verstappen,Red Bull,3,3,Finished,15.0,66,0
2020,12,Autódromo Internacional do Algarve,leclerc,Charles Leclerc,Ferrari,4,4,Finished,12.0,66,0
2020,12,Autódromo Internacional do Algarve,gasly,Pierre Gasly,AlphaTauri,9,5,+1 Lap,10.0,65,0
2020,12,Autódromo Internacional do Algarve,sainz,Carlos Sainz,McLaren,7,6,+1 Lap,8.0,65,0
2020,12,Autódromo Internacional do Algarve,perez,Sergio Pérez,Racing Point,5,7,+1 Lap,6.0,65,0
2020,12,Autódromo Internacional do Algarve,ocon,Esteban Ocon,Renault,11,8,+1 Lap,4.0,65,0
2020,12,Autódromo Internacional do Algarve,ricciardo,Daniel Ricciardo,Renault,10,9,+1 Lap,2.0,65,0
2020,12,Autódromo Internacional do Algarve,vettel,Sebastian Vettel,Ferrari,15,10,+1 Lap,1.0,65,0
2020,12,Autódromo Internacional do Algarve,raikkonen,Kimi Räikkönen,Alfa Romeo,16,11,+1 Lap,0.0,65,0
2020,12,Autódromo Internacional do Algarve,albon,Alexander Albon,Red Bull,6,12,+1 Lap,0.0,65,0
2020,12,Autódromo Internacional do Algarve,norris,Lando Norris,McLaren,8,13,+1 Lap,0.0,65,0
2020,12,Autódromo Internacional do Algarve,russell,George Russell,Williams,14,14,+1 Lap,0.0,65,0
2020,12,Autódromo Internacional do Algarve,giovinazzi,Antonio Giovinazzi,Alfa Romeo,17,15,+1 Lap,0.0,65,0
2020,12,Autódromo Internacional do Algarve,kevin_magnussen,Kevin Magnussen,Haas F1 Team,19,16,+1 Lap,0.0,65,0
2020,12,Autódromo Internacional do Algarve,grosjean,Romain Grosjean,Haas F1 Team,18,17,+1 Lap,0.0,65,0
2020,12,Autódromo Internacional do Algarve,latifi,Nicholas Latifi,Williams,20,18,+2 Laps,0.0,64,0
2020,12,Autódromo Internacional do Algarve,kvyat,Daniil Kvyat,AlphaTauri,13,19,+2 Laps,0.0,64,0
2020,12,Autódromo Internacional do Algarve,stroll,Lance Stroll,Racing Point,12,20,Collision damage,0.0,51,1
2020,13,Autodromo Enzo e Dino Ferrari,hamilton,Lewis Hamilton,Mercedes,2,1,Finished,26.0,63,0
2020,13,Autodromo Enzo e Dino Ferrari,bottas,Valtteri Bottas,Mercedes,1,2,Finished,18.0,63,0
2020,13,Autodromo Enzo e Dino Ferrari,ricciardo,Daniel Ricciardo,Renault,5,3,Finished,15.0,63,0
2020,13,Autodromo Enzo e Dino Ferrari,kvyat,Daniil Kvyat,AlphaTauri,8,4,Finished,12.0,63,0
2020,13,Autodromo Enzo e Dino Ferrari,leclerc,Charles Leclerc,Ferrari,7,5,Finished,10.0,63,0
2020,13,Autodromo Enzo e Dino Ferrari,perez,Sergio Pérez,Racing Point,11,6,Finished,8.0,63,0
2020,13,Autodromo Enzo e Dino Ferrari,sainz,Carlos Sainz,McLaren,10,7,Finished,6.0,63,0
2020,13,Autodromo Enzo e Dino Ferrari,norris,Lando Norris,McLaren,9,8,Finished,4.0,63,0
2020,13,Autodromo Enzo e Dino Ferrari,raikkonen,Kimi Räikkönen,Alfa Romeo,18,9,Finished,2.0,63,0
2020,13,Autodromo Enzo e Dino Ferrari,giovinazzi,Antonio Giovinazzi,Alfa Romeo,20,10,Finished,1.0,63,0
2020,13,Autodromo Enzo e Dino Ferrari,latifi,Nicholas Latifi,Williams,19,11,Finished,0.0,63,0
2020,13,Autodromo Enzo e Dino Ferrari,vettel,Sebastian Vettel,Ferrari,14,12,Finished,0.0,63,0
2020,13,Autodromo Enzo e Dino Ferrari,stroll,Lance Stroll,Racing Point,15,13,Finished,0.0,63,0
2020,13,Autodromo Enzo e Dino Ferrari,grosjean,Romain Grosjean,Haas F1 Team,16,14,Finished,0.0,63,0
2020,13,Autodromo Enzo e Dino Ferrari,albon,Alexander Albon,Red Bull,6,15,Finished,0.0,63,0
2020,13,Autodromo Enzo e Dino Ferrari,russell,George Russell,Williams,13,16,Accident,0.0,51,1
2020,13,Autodromo Enzo e Dino Ferrari,max_verstappen,Max Verstappen,Red Bull,3,17,Puncture,0.0,50,1
2020,13,Autodromo Enzo e Dino Ferrari,kevin_magnussen,Kevin Magnussen,Haas F1 Team,17,18,Illness,0.0,47,1
2020,13,Autodromo Enzo e Dino Ferrari,ocon,Esteban Ocon,Renault,12,19,Gearbox,0.0,27,1
2020,13,Autodromo Enzo e Dino Ferrari,gasly,Pierre Gasly,AlphaTauri,4,20,Water pressure,0.0,8,1
2020,14,Istanbul Park,hamilton,Lewis Hamilton,Mercedes,6,1,Finished,25.0,58,0
2020,14,Istanbul Park,perez,Sergio Pérez,Racing Point,3,2,Finished,18.0,58,0
2020,14,Istanbul Park,vettel,Sebastian Vettel,Ferrari,11,3,Finished,15.0,58,0
2020,14,Istanbul Park,leclerc,Charles Leclerc,Ferrari,12,4,Finished,12.0,58,0
2020,14,Istanbul Park,sainz,Carlos Sainz,McLaren,15,5,Finished,10.0,58,0
2020,14,Istanbul Park,max_verstappen,Max Verstappen,Red Bull,2,6,Finished,8.0,58,0
2020,14,Istanbul Park,albon,Alexander Albon,Red Bull,4,7,Finished,6.0,58,0
2020,14,Istanbul Park,norris,Lando Norris,McLaren,14,8,Finished,5.0,58,0
2020,14,Istanbul Park,stroll,Lance Stroll,Racing Point,1,9,Finished,2.0,58,0
2020,14,Istanbul Park,ricciardo,Daniel Ricciardo,Renault,5,10,Finished,1.0,58,0
2020,14,Istanbul Park,ocon,Esteban Ocon,Renault,7,11,+1 Lap,0.0,57,0
2020,14,Istanbul Park,kvyat,Daniil Kvyat,AlphaTauri,16,12,+1 Lap,0.0,57,0
2020,14,Istanbul Park,gasly,Pierre Gasly,AlphaTauri,19,13,+1 Lap,0.0,57,0
2020,14,Istanbul Park,bottas,Valtteri Bottas,Mercedes,9,14,+1 Lap,0.0,57,0
2020,14,Istanbul Park,raikkonen,Kimi Räikkönen,Alfa Romeo,8,15,+1 Lap,0.0,57,0
2020,14,Istanbul Park,russell,George Russell,Williams,0,16,+1 Lap,0.0,57,0
2020,14,Istanbul Park,kevin_magnussen,Kevin Magnussen,Haas F1 Team,13,17,Withdrew,0.0,55,1
2020,14,Istanbul Park,grosjean,Romain Grosjean,Haas F1 Team,17,18,Collision damage,0.0,49,1
2020,14,Istanbul Park,latifi,Nicholas Latifi,Williams,0,19,Collision damage,0.0,39,1
2020,14,Istanbul Park,giovinazzi,Antonio Giovinazzi,Alfa Romeo,10,20,Gearbox,0.0,11,1
2020,15,Bahrain International Circuit,hamilton,Lewis Hamilton,Mercedes,1,1,Finished,25.0,57,0
2020,15,Bahrain International Circuit,max_verstappen,Max Verstappen,Red Bull,3,2,Finished,19.0,57,0
2020,15,Bahrain International Circuit,albon,Alexander Albon,Red Bull,4,3,Finished,15.0,57,0
2020,15,Bahrain International Circuit,norris,Lando Norris,McLaren,9,4,Finished,12.0,57,0
2020,15,Bahrain International Circuit,sainz,Carlos Sainz,McLaren,15,5,Finished,10.0,57,0
2020,15,Bahrain International Circuit,gasly,Pierre Gasly,AlphaTauri,8,6,Finished,8.0,57,0
2020,15,Bahrain International Circuit,ricciardo,Daniel Ricciardo,Renault,6,7,Finished,6.0,57,0
2020,15,Bahrain International Circuit,bottas,Valtteri Bottas,Mercedes,2,8,Finished,4.0,57,0
2020,15,Bahrain International Circuit,ocon,Esteban Ocon,Renault,7,9,Finished,2.0,57,0
2020,15,Bahrain International Circuit,leclerc,Charles Leclerc,Ferrari,12,10,+1 Lap,1.0,56,0
2020,15,Bahrain International Circuit,kvyat,Daniil Kvyat,AlphaTauri,10,11,+1 Lap,0.0,56,0
2020,15,Bahrain International Circuit,russell,George Russell,Williams,14,12,+1 Lap,0.0,56,0
2020,15,Bahrain International Circuit,vettel,Sebastian Vettel,Ferrari,11,13,+1 Lap,0.0,56,0
2020,15,Bahrain International Circuit,latifi,Nicholas Latifi,Williams,20,14,+1 Lap,0.0,56,0
2020,15,Bahrain International Circuit,raikkonen,Kimi Räikkönen,Alfa Romeo,17,15,+1 Lap,0.0,56,0
2020,15,Bahrain International Circuit,giovinazzi,Antonio Giovinazzi,Alfa Romeo,16,16,+1 Lap,0.0,56,0
2020,15,Bahrain International Circuit,kevin_magnussen,Kevin Magnussen,Haas F1 Team,18,17,+1 Lap,0.0,56,0
2020,15,Bahrain International Circuit,perez,Sergio Pérez,Racing Point,5,18,Engine,0.0,53,1
2020,15,Bahrain International Circuit,stroll,Lance Stroll,Racing Point,13,19,Collision,0.0,2,1
2020,15,Bahrain International Circuit,grosjean,Romain Grosjean,Haas F1 Team,19,20,Collision,0.0,0,1
2020,16,Bahrain International Circuit,perez,Sergio Pérez,Racing Point,5,1,Finished,25.0,87,0
2020,16,Bahrain International Circuit,ocon,Esteban Ocon,Renault,11,2,Finished,18.0,87,0
2020,16,Bahrain International Circuit,stroll,Lance Stroll,Racing Point,10,3,Finished,15.0,87,0
2020,16,Bahrain International Circuit,sainz,Carlos Sainz,McLaren,8,4,Finished,12.0,87,0
2020,16,Bahrain International Circuit,ricciardo,Daniel Ricciardo,Renault,7,5,Finished,10.0,87,0
2020,16,Bahrain International Circuit,albon,Alexander Albon,Red Bull,12,6,Finished,8.0,87,0
2020,16,Bahrain International Circuit,kvyat,Daniil Kvyat,AlphaTauri,6,7,Finished,6.0,87,0
2020,16,Bahrain International Circuit,bottas,Valtteri Bottas,Mercedes,1,8,Finished,4.0,87,0
2020,16,Bahrain International Circuit,russell,George Russell,Mercedes,2,9,Finished,3.0,87,0
2020,16,Bahrain International Circuit,norris,Lando Norris,McLaren,19,10,Finished,1.0,87,0
2020,16,Bahrain International Circuit,gasly,Pierre Gasly,AlphaTauri,9,11,Finished,0.0,87,0
2020,16,Bahrain International Circuit,vettel,Sebastian Vettel,Ferrari,13,12,Finished,0.0,87,0
2020,16,Bahrain International Circuit,giovinazzi,Antonio Giovinazzi,Alfa Romeo,14,13,Finished,0.0,87,0
2020,16,Bahrain International Circuit,raikkonen,Kimi Räikkönen,Alfa Romeo,18,14,Finished,0.0,87,0
2020,16,Bahrain International Circuit,kevin_magnussen,Kevin Magnussen,Haas F1 Team,15,15,Finished,0.0,87,0
2020,16,Bahrain International Circuit,aitken,Jack Aitken,Williams,17,16,Finished,0.0,87,0
2020,16,Bahrain International Circuit,pietro_fittipaldi,Pietro Fittipaldi,Haas F1 Team,20,17,Finished,0.0,87,0
2020,16,Bahrain International Circuit,latifi,Nicholas Latifi,Williams,16,18,Engine,0.0,52,1
2020,16,Bahrain International Circuit,max_verstappen,Max Verstappen,Red Bull,3,19,Accident,0.0,0,1
2020,16,Bahrain International Circuit,leclerc,Charles Leclerc,Ferrari,4,20,Collision,0.0,0,1
2020,17,Yas Marina Circuit,max_verstappen,Max Verstappen,Red Bull,1,1,Finished,25.0,55,0
2020,17,Yas Marina Circuit,bottas,Valtteri Bottas,Mercedes,2,2,Finished,18.0,55,0
2020,17,Yas Marina Circuit,hamilton,Lewis Hamilton,Mercedes,3,3,Finished,15.0,55,0
2020,17,Yas Marina Circuit,albon,Alexander Albon,Red Bull,5,4,Finished,12.0,55,0
2020,17,Yas Marina Circuit,norris,Lando Norris,McLaren,4,5,Finished,10.0,55,0
2020,17,Yas Marina Circuit,sainz,Carlos Sainz,McLaren,6,6,Finished,8.0,55,0
2020,17,Yas Marina Circuit,ricciardo,Daniel Ricciardo,Renault,11,7,Finished,7.0,55,0
2020,17,Yas Marina Circuit,gasly,Pierre Gasly,AlphaTauri,9,8,Finished,4.0,55,0
2020,17,Yas Marina Circuit,ocon,Esteban Ocon,Renault,10,9,Finished,2.0,55,0
2020,17,Yas Marina Circuit,stroll,Lance Stroll,Racing Point,8,10,Finished,1.0,55,0
2020,17,Yas Marina Circuit,kvyat,Daniil Kvyat,AlphaTauri,7,11,+1 Lap,0.0,54,0
2020,17,Yas Marina Circuit,raikkonen,Kimi Räikkönen,Alfa Romeo,15,12,+1 Lap,0.0,54,0
2020,17,Yas Marina Circuit,leclerc,Charles Leclerc,Ferrari,12,13,+1 Lap,0.0,54,0
2020,17,Yas Marina Circuit,vettel,Sebastian Vettel,Ferrari,13,14,+1 Lap,0.0,54,0
2020,17,Yas Marina Circuit,russell,George Russell,Williams,16,15,+1 Lap,0.0,54,0
2020,17,Yas Marina Circuit,giovinazzi,Antonio Giovinazzi,Alfa Romeo,14,16,+1 Lap,0.0,54,0
2020,17,Yas Marina Circuit,latifi,Nicholas Latifi,Williams,18,17,+1 Lap,0.0,54,0
2020,17,Yas Marina Circuit,kevin_magnussen,Kevin Magnussen,Haas F1 Team,20,18,+1 Lap,0.0,54,0
2020,17,Yas Marina Circuit,pietro_fittipaldi,Pietro Fittipaldi,Haas F1 Team,17,19,+2 Laps,0.0,53,0
2020,17,Yas Marina Circuit,perez,Sergio Pérez,Racing Point,19,20,Transmission,0.0,8,1
2021,1,Bahrain International Circuit,hamilton,Lewis Hamilton,Mercedes,2,1,Finished,25.0,56,0
2021,1,Bahrain International Circuit,max_verstappen,Max Verstappen,Red Bull,1,2,Finished,18.0,56,0
2021,1,Bahrain International Circuit,bottas,Valtteri Bottas,Mercedes,3,3,Finished,16.0,56,0
2021,1,Bahrain International Circuit,norris,Lando Norris,McLaren,7,4,Finished,12.0,56,0
2021,1,Bahrain International Circuit,perez,Sergio Pérez,Red Bull,0,5,Finished,10.0,56,0
2021,1,Bahrain International Circuit,leclerc,Charles Leclerc,Ferrari,4,6,Finished,8.0,56,0
2021,1,Bahrain International Circuit,ricciardo,Daniel Ricciardo,McLaren,6,7,Finished,6.0,56,0
2021,1,Bahrain International Circuit,sainz,Carlos Sainz,Ferrari,8,8,Finished,4.0,56,0
2021,1,Bahrain International Circuit,tsunoda,Yuki Tsunoda,AlphaTauri,13,9,Finished,2.0,56,0
2021,1,Bahrain International Circuit,stroll,Lance Stroll,Aston Martin,10,10,Finished,1.0,56,0
2021,1,Bahrain International Circuit,raikkonen,Kimi Räikkönen,Alfa Romeo,14,11,Finished,0.0,56,0
2021,1,Bahrain International Circuit,giovinazzi,Antonio Giovinazzi,Alfa Romeo,12,12,+1 Lap,0.0,55,0
2021,1,Bahrain International Circuit,ocon,Esteban Ocon,Alpine F1 Team,16,13,+1 Lap,0.0,55,0
2021,1,Bahrain International Circuit,russell,George Russell,Williams,15,14,+1 Lap,0.0,55,0
2021,1,Bahrain International Circuit,vettel,Sebastian Vettel,Aston Martin,20,15,+1 Lap,0.0,55,0
2021,1,Bahrain International Circuit,mick_schumacher,Mick Schumacher,Haas F1 Team,18,16,+1 Lap,0.0,55,0
2021,1,Bahrain International Circuit,gasly,Pierre Gasly,AlphaTauri,5,17,Retired,0.0,52,1
2021,1,Bahrain International Circuit,latifi,Nicholas Latifi,Williams,17,18,Retired,0.0,51,1
2021,1,Bahrain International Circuit,alonso,Fernando Alonso,Alpine F1 Team,9,19,Brakes,0.0,32,1
2021,1,Bahrain International Circuit,mazepin,Nikita Mazepin,Haas F1 Team,19,20,Accident,0.0,0,1
2021,2,Autodromo Enzo e Dino Ferrari,max_verstappen,Max Verstappen,Red Bull,3,1,Finished,25.0,63,0
2021,2,Autodromo Enzo e Dino Ferrari,hamilton,Lewis Hamilton,Mercedes,1,2,Finished,19.0,63,0
2021,2,Autodromo Enzo e Dino Ferrari,norris,Lando Norris,McLaren,7,3,Finished,15.0,63,0
2021,2,Autodromo Enzo e Dino Ferrari,leclerc,Charles Leclerc,Ferrari,4,4,Finished,12.0,63,0
2021,2,Autodromo Enzo e Dino Ferrari,sainz,Carlos Sainz,Ferrari,11,5,Finished,10.0,63,0
2021,2,Autodromo Enzo e Dino Ferrari,ricciardo,Daniel Ricciardo,McLaren,6,6,Finished,8.0,63,0
2021,2,Autodromo Enzo e Dino Ferrari,gasly,Pierre Gasly,AlphaTauri,5,7,Finished,6.0,63,0
2021,2,Autodromo Enzo e Dino Ferrari,stroll,Lance Stroll,Aston Martin,10,8,Finished,4.0,63,0
2021,2,Autodromo Enzo e Dino Ferrari,ocon,Esteban Ocon,Alpine F1 Team,9,9,Finished,2.0,63,0
2021,2,Autodromo Enzo e Dino Ferrari,alonso,Fernando Alonso,Alpine F1 Team,15,10,Finished,1.0,63,0
2021,2,Autodromo Enzo e Dino Ferrari,perez,Sergio Pérez,Red Bull,2,11,Finished,0.0,63,0
2021,2,Autodromo Enzo e Dino Ferrari,tsunoda,Yuki Tsunoda,AlphaTauri,20,12,Finished,0.0,63,0
2021,2,Autodromo Enzo e Dino Ferrari,raikkonen,Kimi Räikkönen,Alfa Romeo,16,13,Finished,0.0,63,0
2021,2,Autodromo Enzo e Dino Ferrari,giovinazzi,Antonio Giovinazzi,Alfa Romeo,17,14,+1 Lap,0.0,62,0
2021,2,Autodromo Enzo e Dino Ferrari,vettel,Sebastian Vettel,Aston Martin,0,15,Gearbox,0.0,61,1
2021,2,Autodromo Enzo e Dino Ferrari,mick_schumacher,Mick Schumacher,Haas F1 Team,18,16,+2 Laps,0.0,61,0
2021,2,Autodromo Enzo e Dino Ferrari,mazepin,Nikita Mazepin,Haas F1 Team,19,17,+2 Laps,0.0,61,0
2021,2,Autodromo Enzo e Dino Ferrari,bottas,Valtteri Bottas,Mercedes,8,18,Collision,0.0,30,1
2021,2,Autodromo Enzo e Dino Ferrari,russell,George Russell,Williams,12,19,Collision,0.0,30,1
2021,2,Autodromo Enzo e Dino Ferrari,latifi,Nicholas Latifi,Williams,14,20,Collision,0.0,0,1
2021,3,Autódromo Internacional do Algarve,hamilton,Lewis Hamilton,Mercedes,2,1,Finished,25.0,66,0
2021,3,Autódromo Internacional do Algarve,max_verstappen,Max Verstappen,Red Bull,3,2,Finished,18.0,66,0
2021,3,Autódromo Internacional do Algarve,bottas,Valtteri Bottas,Mercedes,1,3,Finished,16.0,66,0
2021,3,Autódromo Internacional do Algarve,perez,Sergio Pérez,Red Bull,4,4,Finished,12.0,66,0
2021,3,Autódromo Internacional do Algarve,norris,Lando Norris,McLaren,7,5,Finished,10.0,66,0
2021,3,Autódromo Internacional do Algarve,leclerc,Charles Leclerc,Ferrari,8,6,Finished,8.0,66,0
2021,3,Autódromo Internacional do Algarve,ocon,Esteban Ocon,Alpine F1 Team,6,7,Finished,6.0,66,0
2021,3,Autódromo Internacional do Algarve,alonso,Fernando Alonso,Alpine F1 Team,13,8,Finished,4.0,66,0
2021,3,Autódromo Internacional do Algarve,ricciardo,Daniel Ricciardo,McLaren,16,9,Finished,2.0,66,0
2021,3,Autódromo Internacional do Algarve,gasly,Pierre Gasly,AlphaTauri,9,10,Finished,1.0,66,0
2021,3,Autódromo Internacional do Algarve,sainz,Carlos Sainz,Ferrari,5,11,Finished,0.0,66,0
2021,3,Autódromo Internacional do Algarve,giovinazzi,Antonio Giovinazzi,Alfa Romeo,12,12,+1 Lap,0.0,65,0
2021,3,Autódromo Internacional do Algarve,vettel,Sebastian Vettel,Aston Martin,10,13,+1 Lap,0.0,65,0
2021,3,Autódromo Internacional do Algarve,stroll,Lance Stroll,Aston Martin,17,14,+1 Lap,0.0,65,0
2021,3,Autódromo Internacional do Algarve,tsunoda,Yuki Tsunoda,AlphaTauri,14,15,+1 Lap,0.0,65,0
2021,3,Autódromo Internacional do Algarve,russell,George Russell,Williams,11,16,+1 Lap,0.0,65,0
2021,3,Autódromo Internacional do Algarve,mick_schumacher,Mick Schumacher,Haas F1 Team,19,17,+2 Laps,0.0,64,0
2021,3,Autódromo Internacional do Algarve,latifi,Nicholas Latifi,Williams,18,18,+2 Laps,0.0,64,0
2021,3,Autódromo Internacional do Algarve,mazepin,Nikita Mazepin,Haas F1 Team,20,19,+2 Laps,0.0,64,0
2021,3,Autódromo Internacional do Algarve,raikkonen,Kimi Räikkönen,Alfa Romeo,15,20,Collision damage,0.0,1,1
2021,4,Circuit de Barcelona-Catalunya,hamilton,Lewis Hamilton,Mercedes,1,1,Finished,25.0,66,0
2021,4,Circuit de Barcelona-Catalunya,max_verstappen,Max Verstappen,Red Bull,2,2,Finished,19.0,66,0
2021,4,Circuit de Barcelona-Catalunya,bottas,Valtteri Bottas,Mercedes,3,3,Finished,15.0,66,0
2021,4,Circuit de Barcelona-Catalunya,leclerc,Charles Leclerc,Ferrari,4,4,Finished,12.0,66,0
2021,4,Circuit de Barcelona-Catalunya,perez,Sergio Pérez,Red Bull,8,5,Finished,10.0,66,0
2021,4,Circuit de Barcelona-Catalunya,ricciardo,Daniel Ricciardo,McLaren,7,6,Finished,8.0,66,0
2021,4,Circuit de Barcelona-Catalunya,sainz,Carlos Sainz,Ferrari,6,7,Finished,6.0,66,0
2021,4,Circuit de Barcelona-Catalunya,norris,Lando Norris,McLaren,9,8,+1 Lap,4.0,65,0
2021,4,Circuit de Barcelona-Catalunya,ocon,Esteban Ocon,Alpine F1 Team,5,9,+1 Lap,2.0,65,0
2021,4,Circuit de Barcelona-Catalunya,gasly,Pierre Gasly,AlphaTauri,12,10,+1 Lap,1.0,65,0
2021,4,Circuit de Barcelona-Catalunya,stroll,Lance Stroll,Aston Martin,11,11,+1 Lap,0.0,65,0
2021,4,Circuit de Barcelona-Catalunya,raikkonen,Kimi Räikkönen,Alfa Romeo,17,12,+1 Lap,0.0,65,0
2021,4,Circuit de Barcelona-Catalunya,vettel,Sebastian Vettel,Aston Martin,13,13,+1 Lap,0.0,65,0
2021,4,Circuit de Barcelona-Catalunya,russell,George Russell,Williams,15,14,+1 Lap,0.0,65,0
2021,4,Circuit de Barcelona-Catalunya,giovinazzi,Antonio Giovinazzi,Alfa Romeo,14,15,+1 Lap,0.0,65,0
2021,4,Circuit de Barcelona-Catalunya,latifi,Nicholas Latifi,Williams,19,16,+1 Lap,0.0,65,0
2021,4,Circuit de Barcelona-Catalunya,alonso,Fernando Alonso,Alpine F1 Team,10,17,+1 Lap,0.0,65,0
2021,4,Circuit de Barcelona-Catalunya,mick_schumacher,Mick Schumacher,Haas F1 Team,18,18,+2 Laps,0.0,64,0
2021,4,Circuit de Barcelona-Catalunya,mazepin,Nikita Mazepin,Haas F1 Team,20,19,+2 Laps,0.0,64,0
2021,4,Circuit de Barcelona-Catalunya,tsunoda,Yuki Tsunoda,AlphaTauri,16,20,Electrical,0.0,6,1
2021,5,Circuit de Monaco,max_verstappen,Max Verstappen,Red Bull,2,1,Finished,25.0,78,0
2021,5,Circuit de Monaco,sainz,Carlos Sainz,Ferrari,4,2,Finished,18.0,78,0
2021,5,Circuit de Monaco,norris,Lando Norris,McLaren,5,3,Finished,15.0,78,0
2021,5,Circuit de Monaco,perez,Sergio Pérez,Red Bull,9,4,Finished,12.0,78,0
2021,5,Circuit de Monaco,vettel,Sebastian Vettel,Aston Martin,8,5,Finished,10.0,78,0
2021,5,Circuit de Monaco,gasly,Pierre Gasly,AlphaTauri,6,6,Finished,8.0,78,0
2021,5,Circuit de Monaco,hamilton,Lewis Hamilton,Mercedes,7,7,Finished,7.0,78,0
2021,5,Circuit de Monaco,stroll,Lance Stroll,Aston Martin,13,8,+1 Lap,4.0,77,0
2021,5,Circuit de Monaco,ocon,Esteban Ocon,Alpine F1 Team,11,9,+1 Lap,2.0,77,0
2021,5,Circuit de Monaco,giovinazzi,Antonio Giovinazzi,Alfa Romeo,10,10,+1 Lap,1.0,77,0
2021,5,Circuit de Monaco,raikkonen,Kimi Räikkönen,Alfa Romeo,14,11,+1 Lap,0.0,77,0
2021,5,Circuit de Monaco,ricciardo,Daniel Ricciardo,McLaren,12,12,+1 Lap,0.0,77,0
2021,5,Circuit de Monaco,alonso,Fernando Alonso,Alpine F1 Team,17,13,+1 Lap,0.0,77,0
2021,5,Circuit de Monaco,russell,George Russell,Williams,15,14,+1 Lap,0.0,77,0
2021,5,Circuit de Monaco,latifi,Nicholas Latifi,Williams,18,15,+1 Lap,0.0,77,0
2021,5,Circuit de Monaco,tsunoda,Yuki Tsunoda,AlphaTauri,16,16,+1 Lap,0.0,77,0
2021,5,Circuit de Monaco,mazepin,Nikita Mazepin,Haas F1 Team,19,17,+3 Laps,0.0,75,0
2021,5,Circuit de Monaco,mick_schumacher,Mick Schumacher,Haas F1 Team,20,18,+3 Laps,0.0,75,0
2021,5,Circuit de Monaco,bottas,Valtteri Bottas,Mercedes,3,19,Wheel nut,0.0,29,1
2021,5,Circuit de Monaco,leclerc,Charles Leclerc,Ferrari,1,20,Driveshaft,0.0,0,1
2021,6,Baku City Circuit,perez,Sergio Pérez,Red Bull,6,1,Finished,25.0,51,0
2021,6,Baku City Circuit,vettel,Sebastian Vettel,Aston Martin,11,2,Finished,18.0,51,0
2021,6,Baku City Circuit,gasly,Pierre Gasly,AlphaTauri,4,3,Finished,15.0,51,0
2021,6,Baku City Circuit,leclerc,Charles Leclerc,Ferrari,1,4,Finished,12.0,51,0
2021,6,Baku City Circuit,norris,Lando Norris,McLaren,9,5,Finished,10.0,51,0
2021,6,Baku City Circuit,alonso,Fernando Alonso,Alpine F1 Team,8,6,Finished,8.0,51,0
2021,6,Baku City Circuit,tsunoda,Yuki Tsunoda,AlphaTauri,7,7,Finished,6.0,51,0
2021,6,Baku City Circuit,sainz,Carlos Sainz,Ferrari,5,8,Finished,4.0,51,0
2021,6,Baku City Circuit,ricciardo,Daniel Ricciardo,McLaren,13,9,Finished,2.0,51,0
2021,6,Baku City Circuit,raikkonen,Kimi Räikkönen,Alfa Romeo,14,10,Finished,1.0,51,0
2021,6,Baku City Circuit,giovinazzi,Antonio Giovinazzi,Alfa Romeo,20,11,Finished,0.0,51,0
2021,6,Baku City Circuit,bottas,Valtteri Bottas,Mercedes,10,12,Finished,0.0,51,0
2021,6,Baku City Circuit,mick_schumacher,Mick Schumacher,Haas F1 Team,17,13,Finished,0.0,51,0
2021,6,Baku City Circuit,mazepin,Nikita Mazepin,Haas F1 Team,18,14,Finished,0.0,51,0
2021,6,Baku City Circuit,hamilton,Lewis Hamilton,Mercedes,2,15,Finished,0.0,51,0
2021,6,Baku City Circuit,latifi,Nicholas Latifi,Williams,16,16,Finished,0.0,51,0
2021,6,Baku City Circuit,russell,George Russell,Williams,15,17,Gearbox,0.0,48,1
2021,6,Baku City Circuit,max_verstappen,Max Verstappen,Red Bull,3,18,Accident,0.0,45,1
2021,6,Baku City Circuit,stroll,Lance Stroll,Aston Martin,19,19,Accident,0.0,29,1
2021,6,Baku City Circuit,ocon,Esteban Ocon,Alpine F1 Team,12,20,Turbo,0.0,3,1
2021,7,Circuit Paul Ricard,max_verstappen,Max Verstappen,Red Bull,1,1,Finished,26.0,53,0
2021,7,Circuit Paul Ricard,hamilton,Lewis Hamilton,Mercedes,2,2,Finished,18.0,53,0
2021,7,Circuit Paul Ricard,perez,Sergio Pérez,Red Bull,4,3,Finished,15.0,53,0
2021,7,Circuit Paul Ricard,bottas,Valtteri Bottas,Mercedes,3,4,Finished,12.0,53,0
2021,7,Circuit Paul Ricard,norris,Lando Norris,McLaren,8,5,Finished,10.0,53,0
2021,7,Circuit Paul Ricard,ricciardo,Daniel Ricciardo,McLaren,10,6,Finished,8.0,53,0
2021,7,Circuit Paul Ricard,gasly,Pierre Gasly,AlphaTauri,6,7,Finished,6.0,53,0
2021,7,Circuit Paul Ricard,alonso,Fernando Alonso,Alpine F1 Team,9,8,Finished,4.0,53,0
2021,7,Circuit Paul Ricard,vettel,Sebastian Vettel,Aston Martin,12,9,Finished,2.0,53,0
2021,7,Circuit Paul Ricard,stroll,Lance Stroll,Aston Martin,19,10,Finished,1.0,53,0
2021,7,Circuit Paul Ricard,sainz,Carlos Sainz,Ferrari,5,11,Finished,0.0,53,0
2021,7,Circuit Paul Ricard,russell,George Russell,Williams,14,12,+1 Lap,0.0,52,0
2021,7,Circuit Paul Ricard,tsunoda,Yuki Tsunoda,AlphaTauri,0,13,+1 Lap,0.0,52,0
2021,7,Circuit Paul Ricard,ocon,Esteban Ocon,Alpine F1 Team,11,14,+1 Lap,0.0,52,0
2021,7,Circuit Paul Ricard,giovinazzi,Antonio Giovinazzi,Alfa Romeo,13,15,+1 Lap,0.0,52,0
2021,7,Circuit Paul Ricard,leclerc,Charles Leclerc,Ferrari,7,16,+1 Lap,0.0,52,0
2021,7,Circuit Paul Ricard,raikkonen,Kimi Räikkönen,Alfa Romeo,17,17,+1 Lap,0.0,52,0
2021,7,Circuit Paul Ricard,latifi,Nicholas Latifi,Williams,16,18,+1 Lap,0.0,52,0
2021,7,Circuit Paul Ricard,mick_schumacher,Mick Schumacher,Haas F1 Team,15,19,+1 Lap,0.0,52,0
2021,7,Circuit Paul Ricard,mazepin,Nikita Mazepin,Haas F1 Team,18,20,+1 Lap,0.0,52,0
2021,8,Red Bull Ring,max_verstappen,Max Verstappen,Red Bull,1,1,Finished,25.0,71,0
2021,8,Red Bull Ring,hamilton,Lewis Hamilton,Mercedes,2,2,Finished,19.0,71,0
2021,8,Red Bull Ring,bottas,Valtteri Bottas,Mercedes,5,3,Finished,15.0,71,0
2021,8,Red Bull Ring,perez,Sergio Pérez,Red Bull,4,4,Finished,12.0,71,0
2021,8,Red Bull Ring,norris,Lando Norris,McLaren,3,5,+1 Lap,10.0,70,0
2021,8,Red Bull Ring,sainz,Carlos Sainz,Ferrari,12,6,+1 Lap,8.0,70,0
2021,8,Red Bull Ring,leclerc,Charles Leclerc,Ferrari,7,7,+1 Lap,6.0,70,0
2021,8,Red Bull Ring,stroll,Lance Stroll,Aston Martin,9,8,+1 Lap,4.0,70,0
2021,8,Red Bull Ring,alonso,Fernando Alonso,Alpine F1 Team,8,9,+1 Lap,2.0,70,0
2021,8,Red Bull Ring,tsunoda,Yuki Tsunoda,AlphaTauri,11,10,+1 Lap,1.0,70,0
2021,8,Red Bull Ring,raikkonen,Kimi Räikkönen,Alfa Romeo,18,11,+1 Lap,0.0,70,0
2021,8,Red Bull Ring,vettel,Sebastian Vettel,Aston Martin,14,12,+1 Lap,0.0,70,0
2021,8,Red Bull Ring,ricciardo,Daniel Ricciardo,McLaren,13,13,+1 Lap,0.0,70,0
2021,8,Red Bull Ring,ocon,Esteban Ocon,Alpine F1 Team,17,14,+1 Lap,0.0,70,0
2021,8,Red Bull Ring,giovinazzi,Antonio Giovinazzi,Alfa Romeo,15,15,+1 Lap,0.0,70,0
2021,8,Red Bull Ring,mick_schumacher,Mick Schumacher,Haas F1 Team,19,16,+2 Laps,0.0,69,0
2021,8,Red Bull Ring,latifi,Nicholas Latifi,Williams,16,17,+3 Laps,0.0,68,0
2021,8,Red Bull Ring,mazepin,Nikita Mazepin,Haas F1 Team,20,18,+3 Laps,0.0,68,0
2021,8,Red Bull Ring,russell,George Russell,Williams,10,19,Engine,0.0,36,1
2021,8,Red Bull Ring,gasly,Pierre Gasly,AlphaTauri,6,20,Collision,0.0,1,1
2021,9,Red Bull Ring,max_verstappen,Max Verstappen,Red Bull,1,1,Finished,26.0,71,0
2021,9,Red Bull Ring,bottas,Valtteri Bottas,Mercedes,5,2,Finished,18.0,71,0
2021,9,Red Bull Ring,norris,Lando Norris,McLaren,2,3,Finished,15.0,71,0
2021,9,Red Bull Ring,hamilton,Lewis Hamilton,Mercedes,4,4,Finished,12.0,71,0
2021,9,Red Bull Ring,sainz,Carlos Sainz,Ferrari,10,5,Finished,10.0,71,0
2021,9,Red Bull Ring,perez,Sergio Pérez,Red Bull,3,6,Finished,8.0,71,0
2021,9,Red Bull Ring,ricciardo,Daniel Ricciardo,McLaren,13,7,Finished,6.0,71,0
2021,9,Red Bull Ring,leclerc,Charles Leclerc,Ferrari,12,8,Finished,4.0,71,0
2021,9,Red Bull Ring,gasly,Pierre Gasly,AlphaTauri,6,9,Finished,2.0,71,0
2021,9,Red Bull Ring,alonso,Fernando Alonso,Alpine F1 Team,14,10,+1 Lap,1.0,70,0
2021,9,Red Bull Ring,russell,George Russell,Williams,8,11,+1 Lap,0.0,70,0
2021,9,Red Bull Ring,tsunoda,Yuki Tsunoda,AlphaTauri,7,12,+1 Lap,0.0,70,0
2021,9,Red Bull Ring,stroll,Lance Stroll,Aston Martin,9,13,+1 Lap,0.0,70,0
2021,9,Red Bull Ring,giovinazzi,Antonio Giovinazzi,Alfa Romeo,15,14,+1 Lap,0.0,70,0
2021,9,Red Bull Ring,raikkonen,Kimi Räikkönen,Alfa Romeo,16,15,+1 Lap,0.0,70,0
2021,9,Red Bull Ring,latifi,Nicholas Latifi,Williams,18,16,+1 Lap,0.0,70,0
2021,9,Red Bull Ring,vettel,Sebastian Vettel,Aston Martin,11,17,Collision,0.0,69,1
2021,9,Red Bull Ring,mick_schumacher,Mick Schumacher,Haas F1 Team,19,18,+2 Laps,0.0,69,0
2021,9,Red Bull Ring,mazepin,Nikita Mazepin,Haas F1 Team,20,19,+2 Laps,0.0,69,0
2021,9,Red Bull Ring,ocon,Esteban Ocon,Alpine F1 Team,17,20,Collision,0.0,0,1
2021,10,Silverstone Circuit,hamilton,Lewis Hamilton,Mercedes,2,1,Finished,25.0,52,0
2021,10,Silverstone Circuit,leclerc,Charles Leclerc,Ferrari,4,2,Finished,18.0,52,0
2021,10,Silverstone Circuit,bottas,Valtteri Bottas,Mercedes,3,3,Finished,15.0,52,0
2021,10,Silverstone Circuit,norris,Lando Norris,McLaren,5,4,Finished,12.0,52,0
2021,10,Silverstone Circuit,ricciardo,Daniel Ricciardo,McLaren,6,5,Finished,10.0,52,0
2021,10,Silverstone Circuit,sainz,Carlos Sainz,Ferrari,10,6,Finished,8.0,52,0
2021,10,Silverstone Circuit,alonso,Fernando Alonso,Alpine F1 Team,7,7,Finished,6.0,52,0
2021,10,Silverstone Circuit,stroll,Lance Stroll,Aston Martin,14,8,Finished,4.0,52,0
2021,10,Silverstone Circuit,ocon,Esteban Ocon,Alpine F1 Team,9,9,Finished,2.0,52,0
2021,10,Silverstone Circuit,tsunoda,Yuki Tsunoda,AlphaTauri,16,10,Finished,1.0,52,0
2021,10,Silverstone Circuit,gasly,Pierre Gasly,AlphaTauri,11,11,Finished,0.0,52,0
2021,10,Silverstone Circuit,russell,George Russell,Williams,12,12,+1 Lap,0.0,51,0
2021,10,Silverstone Circuit,giovinazzi,Antonio Giovinazzi,Alfa Romeo,15,13,+1 Lap,0.0,51,0
2021,10,Silverstone Circuit,latifi,Nicholas Latifi,Williams,17,14,+1 Lap,0.0,51,0
2021,10,Silverstone Circuit,raikkonen,Kimi Räikkönen,Alfa Romeo,13,15,+1 Lap,0.0,51,0
2021,10,Silverstone Circuit,perez,Sergio Pérez,Red Bull,0,16,+1 Lap,0.0,51,0
2021,10,Silverstone Circuit,mazepin,Nikita Mazepin,Haas F1 Team,19,17,+1 Lap,0.0,51,0
2021,10,Silverstone Circuit,mick_schumacher,Mick Schumacher,Haas F1 Team,18,18,+1 Lap,0.0,51,0
2021,10,Silverstone Circuit,vettel,Sebastian Vettel,Aston Martin,8,19,Retired,0.0,40,1
2021,10,Silverstone Circuit,max_verstappen,Max Verstappen,Red Bull,1,20,Collision,0.0,0,1
2021,11,Hungaroring,ocon,Esteban Ocon,Alpine F1 Team,8,1,Finished,25.0,70,0
2021,11,Hungaroring,hamilton,Lewis Hamilton,Mercedes,1,2,Finished,18.0,70,0
2021,11,Hungaroring,sainz,Carlos Sainz,Ferrari,15,3,Finished,15.0,70,0
2021,11,Hungaroring,alonso,Fernando Alonso,Alpine F1 Team,9,4,Finished,12.0,70,0
2021,11,Hungaroring,gasly,Pierre Gasly,AlphaTauri,5,5,Finished,11.0,70,0
2021,11,Hungaroring,tsunoda,Yuki Tsunoda,AlphaTauri,16,6,Finished,8.0,70,0
2021,11,Hungaroring,latifi,Nicholas Latifi,Williams,18,7,Finished,6.0,70,0
2021,11,Hungaroring,russell,George Russell,Williams,17,8,Finished,4.0,70,0
2021,11,Hungaroring,max_verstappen,Max Verstappen,Red Bull,3,9,Finished,2.0,70,0
2021,11,Hungaroring,raikkonen,Kimi Räikkönen,Alfa Romeo,13,10,+1 Lap,1.0,69,0
2021,11,Hungaroring,ricciardo,Daniel Ricciardo,McLaren,11,11,+1 Lap,0.0,69,0
2021,11,Hungaroring,mick_schumacher,Mick Schumacher,Haas F1 Team,20,12,+1 Lap,0.0,69,0
2021,11,Hungaroring,giovinazzi,Antonio Giovinazzi,Alfa Romeo,0,13,+1 Lap,0.0,69,0
2021,11,Hungaroring,mazepin,Nikita Mazepin,Haas F1 Team,19,14,Collision,0.0,3,1
2021,11,Hungaroring,norris,Lando Norris,McLaren,6,15,Collision,0.0,2,1
2021,11,Hungaroring,bottas,Valtteri Bottas,Mercedes,2,16,Collision,0.0,0,1
2021,11,Hungaroring,perez,Sergio Pérez,Red Bull,4,17,Collision,0.0,0,1
2021,11,Hungaroring,leclerc,Charles Leclerc,Ferrari,7,18,Collision,0.0,0,1
2021,11,Hungaroring,stroll,Lance Stroll,Aston Martin,12,19,Collision,0.0,0,1
2021,11,Hungaroring,vettel,Sebastian Vettel,Aston Martin,10,20,Disqualified,0.0,70,1
2021,12,Circuit de Spa-Francorchamps,max_verstappen,Max Verstappen,Red Bull,1,1,Finished,12.5,1,0
2021,12,Circuit de Spa-Francorchamps,russell,George Russell,Williams,2,2,Finished,9.0,1,0
2021,12,Circuit de Spa-Francorchamps,hamilton,Lewis Hamilton,Mercedes,3,3,Finished,7.5,1,0
2021,12,Circuit de Spa-Francorchamps,ricciardo,Daniel Ricciardo,McLaren,4,4,Finished,6.0,1,0
2021,12,Circuit de Spa-Francorchamps,vettel,Sebastian Vettel,Aston Martin,5,5,Finished,5.0,1,0
2021,12,Circuit de Spa-Francorchamps,gasly,Pierre Gasly,AlphaTauri,6,6,Finished,4.0,1,0
2021,12,Circuit de Spa-Francorchamps,ocon,Esteban Ocon,Alpine F1 Team,8,7,Finished,3.0,1,0
2021,12,Circuit de Spa-Francorchamps,leclerc,Charles Leclerc,Ferrari,9,8,Finished,2.0,1,0
2021,12,Circuit de Spa-Francorchamps,latifi,Nicholas Latifi,Williams,10,9,Finished,1.0,1,0
2021,12,Circuit de Spa-Francorchamps,sainz,Carlos Sainz,Ferrari,11,10,Finished,0.5,1,0
2021,12,Circuit de Spa-Francorchamps,alonso,Fernando Alonso,Alpine F1 Team,12,11,Finished,0.0,1,0
2021,12,Circuit de Spa-Francorchamps,bottas,Valtteri Bottas,Mercedes,13,12,Finished,0.0,1,0
2021,12,Circuit de Spa-Francorchamps,giovinazzi,Antonio Giovinazzi,Alfa Romeo,14,13,Finished,0.0,1,0
2021,12,Circuit de Spa-Francorchamps,norris,Lando Norris,McLaren,15,14,Finished,0.0,1,0
2021,12,Circuit de Spa-Francorchamps,tsunoda,Yuki Tsunoda,AlphaTauri,16,15,Finished,0.0,1,0
2021,12,Circuit de Spa-Francorchamps,mick_schumacher,Mick Schumacher,Haas F1 Team,17,16,Finished,0.0,1,0
2021,12,Circuit de Spa-Francorchamps,mazepin,Nikita Mazepin,Haas F1 Team,18,17,Finished,0.0,1,0
2021,12,Circuit de Spa-Francorchamps,raikkonen,Kimi Räikkönen,Alfa Romeo,0,18,Finished,0.0,1,0
2021,12,Circuit de Spa-Francorchamps,perez,Sergio Pérez,Red Bull,0,19,Finished,0.0,1,0
2021,12,Circuit de Spa-Francorchamps,stroll,Lance Stroll,Aston Martin,19,20,Finished,0.0,1,0
2021,13,Circuit Park Zandvoort,max_verstappen,Max Verstappen,Red Bull,1,1,Finished,25.0,72,0
2021,13,Circuit Park Zandvoort,hamilton,Lewis Hamilton,Mercedes,2,2,Finished,19.0,72,0
2021,13,Circuit Park Zandvoort,bottas,Valtteri Bottas,Mercedes,3,3,Finished,15.0,72,0
2021,13,Circuit Park Zandvoort,gasly,Pierre Gasly,AlphaTauri,4,4,+1 Lap,12.0,71,0
2021,13,Circuit Park Zandvoort,leclerc,Charles Leclerc,Ferrari,5,5,+1 Lap,10.0,71,0
2021,13,Circuit Park Zandvoort,alonso,Fernando Alonso,Alpine F1 Team,9,6,+1 Lap,8.0,71,0
2021,13,Circuit Park Zandvoort,sainz,Carlos Sainz,Ferrari,6,7,+1 Lap,6.0,71,0
2021,13,Circuit Park Zandvoort,perez,Sergio Pérez,Red Bull,0,8,+1 Lap,4.0,71,0
2021,13,Circuit Park Zandvoort,ocon,Esteban Ocon,Alpine F1 Team,8,9,+1 Lap,2.0,71,0
2021,13,Circuit Park Zandvoort,norris,Lando Norris,McLaren,13,10,+1 Lap,1.0,71,0
2021,13,Circuit Park Zandvoort,ricciardo,Daniel Ricciardo,McLaren,10,11,+1 Lap,0.0,71,0
2021,13,Circuit Park Zandvoort,stroll,Lance Stroll,Aston Martin,12,12,+2 Laps,0.0,70,0
2021,13,Circuit Park Zandvoort,vettel,Sebastian Vettel,Aston Martin,15,13,+2 Laps,0.0,70,0
2021,13,Circuit Park Zandvoort,giovinazzi,Antonio Giovinazzi,Alfa Romeo,7,14,+2 Laps,0.0,70,0
2021,13,Circuit Park Zandvoort,kubica,Robert Kubica,Alfa Romeo,16,15,+2 Laps,0.0,70,0
2021,13,Circuit Park Zandvoort,latifi,Nicholas Latifi,Williams,0,16,+2 Laps,0.0,70,0
2021,13,Circuit Park Zandvoort,russell,George Russell,Williams,11,17,Gearbox,0.0,69,1
2021,13,Circuit Park Zandvoort,mick_schumacher,Mick Schumacher,Haas F1 Team,17,18,+3 Laps,0.0,69,0
2021,13,Circuit Park Zandvoort,tsunoda,Yuki Tsunoda,AlphaTauri,14,19,Power Unit,0.0,48,1
2021,13,Circuit Park Zandvoort,mazepin,Nikita Mazepin,Haas F1 Team,18,20,Hydraulics,0.0,41,1
2021,14,Autodromo Nazionale di Monza,ricciardo,Daniel Ricciardo,McLaren,2,1,Finished,26.0,53,0
2021,14,Autodromo Nazionale di Monza,norris,Lando Norris,McLaren,3,2,Finished,18.0,53,0
2021,14,Autodromo Nazionale di Monza,bottas,Valtteri Bottas,Mercedes,19,3,Finished,15.0,53,0
2021,14,Autodromo Nazionale di Monza,leclerc,Charles Leclerc,Ferrari,5,4,Finished,12.0,53,0
2021,14,Autodromo Nazionale di Monza,perez,Sergio Pérez,Red Bull,8,5,Finished,10.0,53,0
2021,14,Autodromo Nazionale di Monza,sainz,Carlos Sainz,Ferrari,6,6,Finished,8.0,53,0
2021,14,Autodromo Nazionale di Monza,stroll,Lance Stroll,Aston Martin,9,7,Finished,6.0,53,0
2021,14,Autodromo Nazionale di Monza,alonso,Fernando Alonso,Alpine F1 Team,10,8,Finished,4.0,53,0
2021,14,Autodromo Nazionale di Monza,russell,George Russell,Williams,14,9,Finished,2.0,53,0
2021,14,Autodromo Nazionale di Monza,ocon,Esteban Ocon,Alpine F1 Team,12,10,Finished,1.0,53,0
2021,14,Autodromo Nazionale di Monza,latifi,Nicholas Latifi,Williams,13,11,Finished,0.0,53,0
2021,14,Autodromo Nazionale di Monza,vettel,Sebastian Vettel,Aston Martin,11,12,Finished,0.0,53,0
2021,14,Autodromo Nazionale di Monza,giovinazzi,Antonio Giovinazzi,Alfa Romeo,7,13,Finished,0.0,53,0
2021,14,Autodromo Nazionale di Monza,kubica,Robert Kubica,Alfa Romeo,17,14,Finished,0.0,53,0
2021,14,Autodromo Nazionale di Monza,mick_schumacher,Mick Schumacher,Haas F1 Team,18,15,Finished,0.0,53,0
2021,14,Autodromo Nazionale di Monza,mazepin,Nikita Mazepin,Haas F1 Team,16,16,Power Unit,0.0,41,1
2021,14,Autodromo Nazionale di Monza,hamilton,Lewis Hamilton,Mercedes,4,17,Collision,0.0,25,1
2021,14,Autodromo Nazionale di Monza,max_verstappen,Max Verstappen,Red Bull,1,18,Collision,0.0,25,1
2021,14,Autodromo Nazionale di Monza,gasly,Pierre Gasly,AlphaTauri,0,19,Suspension,0.0,3,1
2021,14,Autodromo Nazionale di Monza,tsunoda,Yuki Tsunoda,AlphaTauri,0,20,Brakes,0.0,0,1
2021,15,Sochi Autodrom,hamilton,Lewis Hamilton,Mercedes,4,1,Finished,25.0,53,0
2021,15,Sochi Autodrom,max_verstappen,Max Verstappen,Red Bull,20,2,Finished,18.0,53,0
2021,15,Sochi Autodrom,sainz,Carlos Sainz,Ferrari,2,3,Finished,15.0,53,0
2021,15,Sochi Autodrom,ricciardo,Daniel Ricciardo,McLaren,5,4,Finished,12.0,53,0
2021,15,Sochi Autodrom,bottas,Valtteri Bottas,Mercedes,16,5,Finished,10.0,53,0
2021,15,Sochi Autodrom,alonso,Fernando Alonso,Alpine F1 Team,6,6,Finished,8.0,53,0
2021,15,Sochi Autodrom,norris,Lando Norris,McLaren,1,7,Finished,7.0,53,0
2021,15,Sochi Autodrom,raikkonen,Kimi Räikkönen,Alfa Romeo,13,8,Finished,4.0,53,0
2021,15,Sochi Autodrom,perez,Sergio Pérez,Red Bull,8,9,Finished,2.0,53,0
2021,15,Sochi Autodrom,russell,George Russell,Williams,3,10,Finished,1.0,53,0
2021,15,Sochi Autodrom,stroll,Lance Stroll,Aston Martin,7,11,Finished,0.0,53,0
2021,15,Sochi Autodrom,vettel,Sebastian Vettel,Aston Martin,10,12,+1 Lap,0.0,52,0
2021,15,Sochi Autodrom,gasly,Pierre Gasly,AlphaTauri,11,13,+1 Lap,0.0,52,0
2021,15,Sochi Autodrom,ocon,Esteban Ocon,Alpine F1 Team,9,14,+1 Lap,0.0,52,0
2021,15,Sochi Autodrom,leclerc,Charles Leclerc,Ferrari,19,15,+1 Lap,0.0,52,0
2021,15,Sochi Autodrom,giovinazzi,Antonio Giovinazzi,Alfa Romeo,17,16,+1 Lap,0.0,52,0
2021,15,Sochi Autodrom,tsunoda,Yuki Tsunoda,AlphaTauri,12,17,+1 Lap,0.0,52,0
2021,15,Sochi Autodrom,mazepin,Nikita Mazepin,Haas F1 Team,15,18,+2 Laps,0.0,51,0
2021,15,Sochi Autodrom,latifi,Nicholas Latifi,Williams,18,19,Accident,0.0,47,1
2021,15,Sochi Autodrom,mick_schumacher,Mick Schumacher,Haas F1 Team,14,20,Oil leak,0.0,32,1
2021,16,Istanbul Park,bottas,Valtteri Bottas,Mercedes,1,1,Finished,26.0,58,0
2021,16,Istanbul Park,max_verstappen,Max Verstappen,Red Bull,2,2,Finished,18.0,58,0
2021,16,Istanbul Park,perez,Sergio Pérez,Red Bull,6,3,Finished,15.0,58,0
2021,16,Istanbul Park,leclerc,Charles Leclerc,Ferrari,3,4,Finished,12.0,58,0
2021,16,Istanbul Park,hamilton,Lewis Hamilton,Mercedes,11,5,Finished,10.0,58,0
2021,16,Istanbul Park,gasly,Pierre Gasly,AlphaTauri,4,6,Finished,8.0,58,0
2021,16,Istanbul Park,norris,Lando Norris,McLaren,7,7,Finished,6.0,58,0
2021,16,Istanbul Park,sainz,Carlos Sainz,Ferrari,19,8,Finished,4.0,58,0
2021,16,Istanbul Park,stroll,Lance Stroll,Aston Martin,8,9,Finished,2.0,58,0
2021,16,Istanbul Park,ocon,Esteban Ocon,Alpine F1 Team,12,10,+1 Lap,1.0,57,0
2021,16,Istanbul Park,giovinazzi,Antonio Giovinazzi,Alfa Romeo,16,11,+1 Lap,0.0,57,0
2021,16,Istanbul Park,raikkonen,Kimi Räikkönen,Alfa Romeo,17,12,+1 Lap,0.0,57,0
2021,16,Istanbul Park,ricciardo,Daniel Ricciardo,McLaren,20,13,+1 Lap,0.0,57,0
2021,16,Istanbul Park,tsunoda,Yuki Tsunoda,AlphaTauri,9,14,+1 Lap,0.0,57,0
2021,16,Istanbul Park,russell,George Russell,Williams,13,15,+1 Lap,0.0,57,0
2021,16,Istanbul Park,alonso,Fernando Alonso,Alpine F1 Team,5,16,+1 Lap,0.0,57,0
2021,16,Istanbul Park,latifi,Nicholas Latifi,Williams,15,17,+1 Lap,0.0,57,0
2021,16,Istanbul Park,vettel,Sebastian Vettel,Aston Martin,10,18,+1 Lap,0.0,57,0
2021,16,Istanbul Park,mick_schumacher,Mick Schumacher,Haas F1 Team,14,19,+2 Laps,0.0,56,0
2021,16,Istanbul Park,mazepin,Nikita Mazepin,Haas F1 Team,18,20,+2 Laps,0.0,56,0
2021,17,Circuit of the Americas,max_verstappen,Max Verstappen,Red Bull,1,1,Finished,25.0,56,0
2021,17,Circuit of the Americas,hamilton,Lewis Hamilton,Mercedes,2,2,Finished,19.0,56,0
2021,17,Circuit of the Americas,perez,Sergio Pérez,Red Bull,3,3,Finished,15.0,56,0
2021,17,Circuit of the Americas,leclerc,Charles Leclerc,Ferrari,4,4,Finished,12.0,56,0
2021,17,Circuit of the Americas,ricciardo,Daniel Ricciardo,McLaren,6,5,Finished,10.0,56,0
2021,17,Circuit of the Americas,bottas,Valtteri Bottas,Mercedes,9,6,Finished,8.0,56,0
2021,17,Circuit of the Americas,sainz,Carlos Sainz,Ferrari,5,7,Finished,6.0,56,0
2021,17,Circuit of the Americas,norris,Lando Norris,McLaren,7,8,Finished,4.0,56,0
2021,17,Circuit of the Americas,tsunoda,Yuki Tsunoda,AlphaTauri,10,9,+1 Lap,2.0,55,0
2021,17,Circuit of the Americas,vettel,Sebastian Vettel,Aston Martin,18,10,+1 Lap,1.0,55,0
2021,17,Circuit of the Americas,giovinazzi,Antonio Giovinazzi,Alfa Romeo,12,11,+1 Lap,0.0,55,0
2021,17,Circuit of the Americas,stroll,Lance Stroll,Aston Martin,13,12,+1 Lap,0.0,55,0
2021,17,Circuit of the Americas,raikkonen,Kimi Räikkönen,Alfa Romeo,15,13,+1 Lap,0.0,55,0
2021,17,Circuit of the Americas,russell,George Russell,Williams,20,14,+1 Lap,0.0,55,0
2021,17,Circuit of the Americas,latifi,Nicholas Latifi,Williams,14,15,+1 Lap,0.0,55,0
2021,17,Circuit of the Americas,mick_schumacher,Mick Schumacher,Haas F1 Team,16,16,+2 Laps,0.0,54,0
2021,17,Circuit of the Americas,mazepin,Nikita Mazepin,Haas F1 Team,17,17,+2 Laps,0.0,54,0
2021,17,Circuit of the Americas,alonso,Fernando Alonso,Alpine F1 Team,19,18,Rear wing,0.0,49,1
2021,17,Circuit of the Americas,ocon,Esteban Ocon,Alpine F1 Team,11,19,Mechanical,0.0,40,1
2021,17,Circuit of the Americas,gasly,Pierre Gasly,AlphaTauri,8,20,Suspension,0.0,14,1
2021,18,Autódromo Hermanos Rodríguez,max_verstappen,Max Verstappen,Red Bull,3,1,Finished,25.0,71,0
2021,18,Autódromo Hermanos Rodríguez,hamilton,Lewis Hamilton,Mercedes,2,2,Finished,18.0,71,0
2021,18,Autódromo Hermanos Rodríguez,perez,Sergio Pérez,Red Bull,4,3,Finished,15.0,71,0
2021,18,Autódromo Hermanos Rodríguez,gasly,Pierre Gasly,AlphaTauri,5,4,Finished,12.0,71,0
2021,18,Autódromo Hermanos Rodríguez,leclerc,Charles Leclerc,Ferrari,8,5,Finished,10.0,71,0
2021,18,Autódromo Hermanos Rodríguez,sainz,Carlos Sainz,Ferrari,6,6,+1 Lap,8.0,70,0
2021,18,Autódromo Hermanos Rodríguez,vettel,Sebastian Vettel,Aston Martin,9,7,+1 Lap,6.0,70,0
2021,18,Autódromo Hermanos Rodríguez,raikkonen,Kimi Räikkönen,Alfa Romeo,10,8,+1 Lap,4.0,70,0
2021,18,Autódromo Hermanos Rodríguez,alonso,Fernando Alonso,Alpine F1 Team,12,9,+1 Lap,2.0,70,0
2021,18,Autódromo Hermanos Rodríguez,norris,Lando Norris,McLaren,18,10,+1 Lap,1.0,70,0
2021,18,Autódromo Hermanos Rodríguez,giovinazzi,Antonio Giovinazzi,Alfa Romeo,11,11,+1 Lap,0.0,70,0
2021,18,Autódromo Hermanos Rodríguez,ricciardo,Daniel Ricciardo,McLaren,7,12,+1 Lap,0.0,70,0
2021,18,Autódromo Hermanos Rodríguez,ocon,Esteban Ocon,Alpine F1 Team,19,13,+1 Lap,0.0,70,0
2021,18,Autódromo Hermanos Rodríguez,stroll,Lance Stroll,Aston Martin,20,14,+2 Laps,0.0,69,0
2021,18,Autódromo Hermanos Rodríguez,bottas,Valtteri Bottas,Mercedes,1,15,+2 Laps,0.0,69,0
2021,18,Autódromo Hermanos Rodríguez,russell,George Russell,Williams,16,16,+2 Laps,0.0,69,0
2021,18,Autódromo Hermanos Rodríguez,latifi,Nicholas Latifi,Williams,13,17,+2 Laps,0.0,69,0
2021,18,Autódromo Hermanos Rodríguez,mazepin,Nikita Mazepin,Haas F1 Team,15,18,+3 Laps,0.0,68,0
2021,18,Autódromo Hermanos Rodríguez,mick_schumacher,Mick Schumacher,Haas F1 Team,14,19,Collision,0.0,0,1
2021,18,Autódromo Hermanos Rodríguez,tsunoda,Yuki Tsunoda,AlphaTauri,17,20,Collision,0.0,0,1
2021,19,Autódromo José Carlos Pace,hamilton,Lewis Hamilton,Mercedes,10,1,Finished,25.0,71,0
2021,19,Autódromo José Carlos Pace,max_verstappen,Max Verstappen,Red Bull,2,2,Finished,18.0,71,0
2021,19,Autódromo José Carlos Pace,bottas,Valtteri Bottas,Mercedes,1,3,Finished,15.0,71,0
2021,19,Autódromo José Carlos Pace,perez,Sergio Pérez,Red Bull,4,4,Finished,13.0,71,0
2021,19,Autódromo José Carlos Pace,leclerc,Charles Leclerc,Ferrari,6,5,Finished,10.0,71,0
2021,19,Autódromo José Carlos Pace,sainz,Carlos Sainz,Ferrari,3,6,Finished,8.0,71,0
2021,19,Autódromo José Carlos Pace,gasly,Pierre Gasly,AlphaTauri,7,7,+1 Lap,6.0,70,0
2021,19,Autódromo José Carlos Pace,ocon,Esteban Ocon,Alpine F1 Team,8,8,+1 Lap,4.0,70,0
2021,19,Autódromo José Carlos Pace,alonso,Fernando Alonso,Alpine F1 Team,12,9,+1 Lap,2.0,70,0
2021,19,Autódromo José Carlos Pace,norris,Lando Norris,McLaren,5,10,+1 Lap,1.0,70,0
2021,19,Autódromo José Carlos Pace,vettel,Sebastian Vettel,Aston Martin,9,11,+1 Lap,0.0,70,0
2021,19,Autódromo José Carlos Pace,raikkonen,Kimi Räikkönen,Alfa Romeo,0,12,+1 Lap,0.0,70,0
2021,19,Autódromo José Carlos Pace,russell,George Russell,Williams,17,13,+1 Lap,0.0,70,0
2021,19,Autódromo José Carlos Pace,giovinazzi,Antonio Giovinazzi,Alfa Romeo,13,14,+1 Lap,0.0,70,0
2021,19,Autódromo José Carlos Pace,tsunoda,Yuki Tsunoda,AlphaTauri,15,15,+1 Lap,0.0,70,0
2021,19,Autódromo José Carlos Pace,latifi,Nicholas Latifi,Williams,16,16,+1 Lap,0.0,70,0
2021,19,Autódromo José Carlos Pace,mazepin,Nikita Mazepin,Haas F1 Team,19,17,+2 Laps,0.0,69,0
2021,19,Autódromo José Carlos Pace,mick_schumacher,Mick Schumacher,Haas F1 Team,18,18,+2 Laps,0.0,69,0
2021,19,Autódromo José Carlos Pace,ricciardo,Daniel Ricciardo,McLaren,11,19,Power loss,0.0,49,1
2021,19,Autódromo José Carlos Pace,stroll,Lance Stroll,Aston Martin,14,20,Collision damage,0.0,47,1
2021,20,Losail International Circuit,hamilton,Lewis Hamilton,Mercedes,1,1,Finished,25.0,57,0
2021,20,Losail International Circuit,max_verstappen,Max Verstappen,Red Bull,7,2,Finished,19.0,57,0
2021,20,Losail International Circuit,alonso,Fernando Alonso,Alpine F1 Team,3,3,Finished,15.0,57,0
2021,20,Losail International Circuit,perez,Sergio Pérez,Red Bull,11,4,Finished,12.0,57,0
2021,20,Losail International Circuit,ocon,Esteban Ocon,Alpine F1 Team,9,5,Finished,10.0,57,0
2021,20,Losail International Circuit,stroll,Lance Stroll,Aston Martin,12,6,Finished,8.0,57,0
2021,20,Losail International Circuit,sainz,Carlos Sainz,Ferrari,5,7,Finished,6.0,57,0
2021,20,Losail International Circuit,leclerc,Charles Leclerc,Ferrari,13,8,Finished,4.0,57,0
2021,20,Losail International Circuit,norris,Lando Norris,McLaren,4,9,+1 Lap,2.0,56,0
2021,20,Losail International Circuit,vettel,Sebastian Vettel,Aston Martin,10,10,+1 Lap,1.0,56,0
2021,20,Losail International Circuit,gasly,Pierre Gasly,AlphaTauri,2,11,+1 Lap,0.0,56,0
2021,20,Losail International Circuit,ricciardo,Daniel Ricciardo,McLaren,14,12,+1 Lap,0.0,56,0
2021,20,Losail International Circuit,tsunoda,Yuki Tsunoda,AlphaTauri,8,13,+1 Lap,0.0,56,0
2021,20,Losail International Circuit,raikkonen,Kimi Räikkönen,Alfa Romeo,16,14,+1 Lap,0.0,56,0
2021,20,Losail International Circuit,giovinazzi,Antonio Giovinazzi,Alfa Romeo,18,15,+1 Lap,0.0,56,0
2021,20,Losail International Circuit,mick_schumacher,Mick Schumacher,Haas F1 Team,19,16,+1 Lap,0.0,56,0
2021,20,Losail International Circuit,russell,George Russell,Williams,15,17,+2 Laps,0.0,55,0
2021,20,Losail International Circuit,mazepin,Nikita Mazepin,Haas F1 Team,20,18,+2 Laps,0.0,55,0
2021,20,Losail International Circuit,latifi,Nicholas Latifi,Williams,17,19,Puncture,0.0,50,1
2021,20,Losail International Circuit,bottas,Valtteri Bottas,Mercedes,6,20,Damage,0.0,48,1
2021,21,Jeddah Corniche Circuit,hamilton,Lewis Hamilton,Mercedes,1,1,Finished,26.0,50,0
2021,21,Jeddah Corniche Circuit,max_verstappen,Max Verstappen,Red Bull,3,2,Finished,18.0,50,0
2021,21,Jeddah Corniche Circuit,bottas,Valtteri Bottas,Mercedes,2,3,Finished,15.0,50,0
2021,21,Jeddah Corniche Circuit,ocon,Esteban Ocon,Alpine F1 Team,9,4,Finished,12.0,50,0
2021,21,Jeddah Corniche Circuit,ricciardo,Daniel Ricciardo,McLaren,11,5,Finished,10.0,50,0
2021,21,Jeddah Corniche Circuit,gasly,Pierre Gasly,AlphaTauri,6,6,Finished,8.0,50,0
2021,21,Jeddah Corniche Circuit,leclerc,Charles Leclerc,Ferrari,4,7,Finished,6.0,50,0
2021,21,Jeddah Corniche Circuit,sainz,Carlos Sainz,Ferrari,15,8,Finished,4.0,50,0
2021,21,Jeddah Corniche Circuit,giovinazzi,Antonio Giovinazzi,Alfa Romeo,10,9,Finished,2.0,50,0
2021,21,Jeddah Corniche Circuit,norris,Lando Norris,McLaren,7,10,Finished,1.0,50,0
2021,21,Jeddah Corniche Circuit,stroll,Lance Stroll,Aston Martin,18,11,Finished,0.0,50,0
2021,21,Jeddah Corniche Circuit,latifi,Nicholas Latifi,Williams,16,12,Finished,0.0,50,0
2021,21,Jeddah Corniche Circuit,alonso,Fernando Alonso,Alpine F1 Team,13,13,+1 Lap,0.0,49,0
2021,21,Jeddah Corniche Circuit,tsunoda,Yuki Tsunoda,AlphaTauri,8,14,+1 Lap,0.0,49,0
2021,21,Jeddah Corniche Circuit,raikkonen,Kimi Räikkönen,Alfa Romeo,12,15,+1 Lap,0.0,49,0
2021,21,Jeddah Corniche Circuit,vettel,Sebastian Vettel,Aston Martin,17,16,Collision damage,0.0,44,1
2021,21,Jeddah Corniche Circuit,perez,Sergio Pérez,Red Bull,5,17,Collision,0.0,14,1
2021,21,Jeddah Corniche Circuit,mazepin,Nikita Mazepin,Haas F1 Team,20,18,Collision,0.0,14,1
2021,21,Jeddah Corniche Circuit,russell,George Russell,Williams,14,19,Collision,0.0,14,1
2021,21,Jeddah Corniche Circuit,mick_schumacher,Mick Schumacher,Haas F1 Team,19,20,Accident,0.0,8,1
2021,22,Yas Marina Circuit,max_verstappen,Max Verstappen,Red Bull,1,1,Finished,26.0,58,0
2021,22,Yas Marina Circuit,hamilton,Lewis Hamilton,Mercedes,2,2,Finished,18.0,58,0
2021,22,Yas Marina Circuit,sainz,Carlos Sainz,Ferrari,5,3,Finished,15.0,58,0
2021,22,Yas Marina Circuit,tsunoda,Yuki Tsunoda,AlphaTauri,8,4,Finished,12.0,58,0
2021,22,Yas Marina Circuit,gasly,Pierre Gasly,AlphaTauri,12,5,Finished,10.0,58,0
2021,22,Yas Marina Circuit,bottas,Valtteri Bottas,Mercedes,6,6,Finished,8.0,58,0
2021,22,Yas Marina Circuit,norris,Lando Norris,McLaren,3,7,Finished,6.0,58,0
2021,22,Yas Marina Circuit,alonso,Fernando Alonso,Alpine F1 Team,11,8,Finished,4.0,58,0
2021,22,Yas Marina Circuit,ocon,Esteban Ocon,Alpine F1 Team,9,9,Finished,2.0,58,0
2021,22,Yas Marina Circuit,leclerc,Charles Leclerc,Ferrari,7,10,Finished,1.0,58,0
2021,22,Yas Marina Circuit,vettel,Sebastian Vettel,Aston Martin,15,11,Finished,0.0,58,0
2021,22,Yas Marina Circuit,ricciardo,Daniel Ricciardo,McLaren,10,12,+1 Lap,0.0,57,0
2021,22,Yas Marina Circuit,stroll,Lance Stroll,Aston Martin,13,13,+1 Lap,0.0,57,0
2021,22,Yas Marina Circuit,mick_schumacher,Mick Schumacher,Haas F1 Team,19,14,+1 Lap,0.0,57,0
2021,22,Yas Marina Circuit,perez,Sergio Pérez,Red Bull,4,15,Engine,0.0,55,1
2021,22,Yas Marina Circuit,latifi,Nicholas Latifi,Williams,16,16,Accident,0.0,50,1
2021,22,Yas Marina Circuit,giovinazzi,Antonio Giovinazzi,Alfa Romeo,14,17,Gearbox,0.0,33,1
2021,22,Yas Marina Circuit,russell,George Russell,Williams,17,18,Gearbox,0.0,26,1
2021,22,Yas Marina Circuit,raikkonen,Kimi Räikkönen,Alfa Romeo,18,19,Brakes,0.0,25,1
2021,22,Yas Marina Circuit,mazepin,Nikita Mazepin,Haas F1 Team,20,20,Illness,0.0,0,1
2022,1,Bahrain International Circuit,leclerc,Charles Leclerc,Ferrari,1,1,Finished,26.0,57,0
2022,1,Bahrain International Circuit,sainz,Carlos Sainz,Ferrari,3,2,Finished,18.0,57,0
2022,1,Bahrain International Circuit,hamilton,Lewis Hamilton,Mercedes,5,3,Finished,15.0,57,0
2022,1,Bahrain International Circuit,russell,George Russell,Mercedes,9,4,Finished,12.0,57,0
2022,1,Bahrain International Circuit,kevin_magnussen,Kevin Magnussen,Haas F1 Team,7,5,Finished,10.0,57,0
2022,1,Bahrain International Circuit,bottas,Valtteri Bottas,Alfa Romeo,6,6,Finished,8.0,57,0
2022,1,Bahrain International Circuit,ocon,Esteban Ocon,Alpine F1 Team,11,7,Finished,6.0,57,0
2022,1,Bahrain International Circuit,tsunoda,Yuki Tsunoda,AlphaTauri,16,8,Finished,4.0,57,0
2022,1,Bahrain International Circuit,alonso,Fernando Alonso,Alpine F1 Team,8,9,Finished,2.0,57,0
2022,1,Bahrain International Circuit,zhou,Guanyu Zhou,Alfa Romeo,15,10,Finished,1.0,57,0
2022,1,Bahrain International Circuit,mick_schumacher,Mick Schumacher,Haas F1 Team,12,11,Finished,0.0,57,0
2022,1,Bahrain International Circuit,stroll,Lance Stroll,Aston Martin,19,12,Finished,0.0,57,0
2022,1,Bahrain International Circuit,albon,Alexander Albon,Williams,14,13,Finished,0.0,57,0
2022,1,Bahrain International Circuit,ricciardo,Daniel Ricciardo,McLaren,18,14,Finished,0.0,57,0
2022,1,Bahrain International Circuit,norris,Lando Norris,McLaren,13,15,Finished,0.0,57,0
2022,1,Bahrain International Circuit,latifi,Nicholas Latifi,Williams,20,16,Finished,0.0,57,0
2022,1,Bahrain International Circuit,hulkenberg,Nico Hülkenberg,Aston Martin,17,17,Finished,0.0,57,0
2022,1,Bahrain International Circuit,perez,Sergio Pérez,Red Bull,4,18,Fuel pressure,0.0,56,1
2022,1,Bahrain International Circuit,max_verstappen,Max Verstappen,Red Bull,2,19,Fuel pressure,0.0,54,1
2022,1,Bahrain International Circuit,gasly,Pierre Gasly,AlphaTauri,10,20,Power Unit,0.0,44,1
2022,2,Jeddah Corniche Circuit,max_verstappen,Max Verstappen,Red Bull,4,1,Finished,25.0,50,0
2022,2,Jeddah Corniche Circuit,leclerc,Charles Leclerc,Ferrari,2,2,Finished,19.0,50,0
2022,2,Jeddah Corniche Circuit,sainz,Carlos Sainz,Ferrari,3,3,Finished,15.0,50,0
2022,2,Jeddah Corniche Circuit,perez,Sergio Pérez,Red Bull,1,4,Finished,12.0,50,0
2022,2,Jeddah Corniche Circuit,russell,George Russell,Mercedes,6,5,Finished,10.0,50,0
2022,2,Jeddah Corniche Circuit,ocon,Esteban Ocon,Alpine F1 Team,5,6,Finished,8.0,50,0
2022,2,Jeddah Corniche Circuit,norris,Lando Norris,McLaren,11,7,Finished,6.0,50,0
2022,2,Jeddah Corniche Circuit,gasly,Pierre Gasly,AlphaTauri,9,8,Finished,4.0,50,0
2022,2,Jeddah Corniche Circuit,kevin_magnussen,Kevin Magnussen,Haas F1 Team,10,9,Finished,2.0,50,0
2022,2,Jeddah Corniche Circuit,hamilton,Lewis Hamilton,Mercedes,15,10,Finished,1.0,50,0
2022,2,Jeddah Corniche Circuit,zhou,Guanyu Zhou,Alfa Romeo,12,11,Finished,0.0,50,0
2022,2,Jeddah Corniche Circuit,hulkenberg,Nico Hülkenberg,Aston Martin,17,12,Finished,0.0,50,0
2022,2,Jeddah Corniche Circuit,stroll,Lance Stroll,Aston Martin,13,13,+1 Lap,0.0,49,0
2022,2,Jeddah Corniche Circuit,albon,Alexander Albon,Williams,16,14,Collision damage,0.0,47,1
2022,2,Jeddah Corniche Circuit,bottas,Valtteri Bottas,Alfa Romeo,8,15,Cooling system,0.0,36,1
2022,2,Jeddah Corniche Circuit,alonso,Fernando Alonso,Alpine F1 Team,7,16,Water pump,0.0,35,1
2022,2,Jeddah Corniche Circuit,ricciardo,Daniel Ricciardo,McLaren,14,17,Gearbox,0.0,35,1
2022,2,Jeddah Corniche Circuit,latifi,Nicholas Latifi,Williams,18,18,Accident,0.0,14,1
2022,2,Jeddah Corniche Circuit,tsunoda,Yuki Tsunoda,AlphaTauri,19,19,Power Unit,0.0,0,1
2022,2,Jeddah Corniche Circuit,mick_schumacher,Mick Schumacher,Haas F1 Team,0,20,Withdrew,0.0,0,1
2022,3,Albert Park Grand Prix Circuit,leclerc,Charles Leclerc,Ferrari,1,1,Finished,26.0,58,0
2022,3,Albert Park Grand Prix Circuit,perez,Sergio Pérez,Red Bull,3,2,Finished,18.0,58,0
2022,3,Albert Park Grand Prix Circuit,russell,George Russell,Mercedes,6,3,Finished,15.0,58,0
2022,3,Albert Park Grand Prix Circuit,hamilton,Lewis Hamilton,Mercedes,5,4,Finished,12.0,58,0
2022,3,Albert Park Grand Prix Circuit,norris,Lando Norris,McLaren,4,5,Finished,10.0,58,0
2022,3,Albert Park Grand Prix Circuit,ricciardo,Daniel Ricciardo,McLaren,7,6,Finished,8.0,58,0
2022,3,Albert Park Grand Prix Circuit,ocon,Esteban Ocon,Alpine F1 Team,8,7,Finished,6.0,58,0
2022,3,Albert Park Grand Prix Circuit,bottas,Valtteri Bottas,Alfa Romeo,12,8,Finished,4.0,58,0
2022,3,Albert Park Grand Prix Circuit,gasly,Pierre Gasly,AlphaTauri,11,9,Finished,2.0,58,0
2022,3,Albert Park Grand Prix Circuit,albon,Alexander Albon,Williams,20,10,Finished,1.0,58,0
2022,3,Albert Park Grand Prix Circuit,zhou,Guanyu Zhou,Alfa Romeo,14,11,Finished,0.0,58,0
2022,3,Albert Park Grand Prix Circuit,stroll,Lance Stroll,Aston Martin,19,12,Finished,0.0,58,0
2022,3,Albert Park Grand Prix Circuit,mick_schumacher,Mick Schumacher,Haas F1 Team,15,13,+1 Lap,0.0,57,0
2022,3,Albert Park Grand Prix Circuit,kevin_magnussen,Kevin Magnussen,Haas F1 Team,16,14,+1 Lap,0.0,57,0
2022,3,Albert Park Grand Prix Circuit,tsunoda,Yuki Tsunoda,AlphaTauri,13,15,+1 Lap,0.0,57,0
2022,3,Albert Park Grand Prix Circuit,latifi,Nicholas Latifi,Williams,18,16,+1 Lap,0.0,57,0
2022,3,Albert Park Grand Prix Circuit,alonso,Fernando Alonso,Alpine F1 Team,10,17,+1 Lap,0.0,57,0
2022,3,Albert Park Grand Prix Circuit,max_verstappen,Max Verstappen,Red Bull,2,18,Fuel leak,0.0,38,1
2022,3,Albert Park Grand Prix Circuit,vettel,Sebastian Vettel,Aston Martin,17,19,Accident,0.0,22,1
2022,3,Albert Park Grand Prix Circuit,sainz,Carlos Sainz,Ferrari,9,20,Spun off,0.0,1,1
2022,4,Autodromo Enzo e Dino Ferrari,max_verstappen,Max Verstappen,Red Bull,1,1,Finished,26.0,63,0
2022,4,Autodromo Enzo e Dino Ferrari,perez,Sergio Pérez,Red Bull,3,2,Finished,18.0,63,0
2022,4,Autodromo Enzo e Dino Ferrari,norris,Lando Norris,McLaren,5,3,Finished,15.0,63,0
2022,4,Autodromo Enzo e Dino Ferrari,russell,George Russell,Mercedes,11,4,Finished,12.0,63,0
2022,4,Autodromo Enzo e Dino Ferrari,bottas,Valtteri Bottas,Alfa Romeo,7,5,Finished,10.0,63,0
2022,4,Autodromo Enzo e Dino Ferrari,leclerc,Charles Leclerc,Ferrari,2,6,Finished,8.0,63,0
2022,4,Autodromo Enzo e Dino Ferrari,tsunoda,Yuki Tsunoda,AlphaTauri,12,7,Finished,6.0,63,0
2022,4,Autodromo Enzo e Dino Ferrari,vettel,Sebastian Vettel,Aston Martin,13,8,Finished,4.0,63,0
2022,4,Autodromo Enzo e Dino Ferrari,kevin_magnussen,Kevin Magnussen,Haas F1 Team,8,9,Finished,2.0,63,0
2022,4,Autodromo Enzo e Dino Ferrari,stroll,Lance Stroll,Aston Martin,15,10,+1 Lap,1.0,62,0
2022,4,Autodromo Enzo e Dino Ferrari,albon,Alexander Albon,Williams,18,11,+1 Lap,0.0,62,0
2022,4,Autodromo Enzo e Dino Ferrari,gasly,Pierre Gasly,AlphaTauri,17,12,+1 Lap,0.0,62,0
2022,4,Autodromo Enzo e Dino Ferrari,hamilton,Lewis Hamilton,Mercedes,14,13,+1 Lap,0.0,62,0
2022,4,Autodromo Enzo e Dino Ferrari,ocon,Esteban Ocon,Alpine F1 Team,16,14,+1 Lap,0.0,62,0
2022,4,Autodromo Enzo e Dino Ferrari,zhou,Guanyu Zhou,Alfa Romeo,0,15,+1 Lap,0.0,62,0
2022,4,Autodromo Enzo e Dino Ferrari,latifi,Nicholas Latifi,Williams,19,16,+1 Lap,0.0,62,0
2022,4,Autodromo Enzo e Dino Ferrari,mick_schumacher,Mick Schumacher,Haas F1 Team,10,17,+1 Lap,0.0,62,0
2022,4,Autodromo Enzo e Dino Ferrari,ricciardo,Daniel Ricciardo,McLaren,6,18,+1 Lap,0.0,62,0
2022,4,Autodromo Enzo e Dino Ferrari,alonso,Fernando Alonso,Alpine F1 Team,9,19,Collision damage,0.0,6,1
2022,4,Autodromo Enzo e Dino Ferrari,sainz,Carlos Sainz,Ferrari,4,20,Collision,0.0,0,1
2022,5,Miami International Autodrome,max_verstappen,Max Verstappen,Red Bull,3,1,Finished,26.0,57,0
2022,5,Miami International Autodrome,leclerc,Charles Leclerc,Ferrari,1,2,Finished,18.0,57,0
2022,5,Miami International Autodrome,sainz,Carlos Sainz,Ferrari,2,3,Finished,15.0,57,0
2022,5,Miami International Autodrome,perez,Sergio Pérez,Red Bull,4,4,Finished,12.0,57,0
2022,5,Miami International Autodrome,russell,George Russell,Mercedes,12,5,Finished,10.0,57,0
2022,5,Miami International Autodrome,hamilton,Lewis Hamilton,Mercedes,6,6,Finished,8.0,57,0
2022,5,Miami International Autodrome,bottas,Valtteri Bottas,Alfa Romeo,5,7,Finished,6.0,57,0
2022,5,Miami International Autodrome,ocon,Esteban Ocon,Alpine F1 Team,20,8,Finished,4.0,57,0
2022,5,Miami International Autodrome,albon,Alexander Albon,Williams,18,9,Finished,2.0,57,0
2022,5,Miami International Autodrome,stroll,Lance Stroll,Aston Martin,0,10,Finished,1.0,57,0
2022,5,Miami International Autodrome,alonso,Fernando Alonso,Alpine F1 Team,11,11,Finished,0.0,57,0
2022,5,Miami International Autodrome,tsunoda,Yuki Tsunoda,AlphaTauri,9,12,Finished,0.0,57,0
2022,5,Miami International Autodrome,ricciardo,Daniel Ricciardo,McLaren,14,13,Finished,0.0,57,0
2022,5,Miami International Autodrome,latifi,Nicholas Latifi,Williams,19,14,Finished,0.0,57,0
2022,5,Miami International Autodrome,mick_schumacher,Mick Schumacher,Haas F1 Team,15,15,Finished,0.0,57,0
2022,5,Miami International Autodrome,kevin_magnussen,Kevin Magnussen,Haas F1 Team,16,16,Front wing,0.0,56,1
2022,5,Miami International Autodrome,vettel,Sebastian Vettel,Aston Martin,0,17,Collision,0.0,54,1
2022,5,Miami International Autodrome,gasly,Pierre Gasly,AlphaTauri,7,18,Suspension,0.0,45,1
2022,5,Miami International Autodrome,norris,Lando Norris,McLaren,8,19,Collision,0.0,39,1
2022,5,Miami International Autodrome,zhou,Guanyu Zhou,Alfa Romeo,17,20,Water leak,0.0,6,1
2022,6,Circuit de Barcelona-Catalunya,max_verstappen,Max Verstappen,Red Bull,2,1,Finished,25.0,66,0
2022,6,Circuit de Barcelona-Catalunya,perez,Sergio Pérez,Red Bull,5,2,Finished,19.0,66,0
2022,6,Circuit de Barcelona-Catalunya,russell,George Russell,Mercedes,4,3,Finished,15.0,66,0
2022,6,Circuit de Barcelona-Catalunya,sainz,Carlos Sainz,Ferrari,3,4,Finished,12.0,66,0
2022,6,Circuit de Barcelona-Catalunya,hamilton,Lewis Hamilton,Mercedes,6,5,Finished,10.0,66,0
2022,6,Circuit de Barcelona-Catalunya,bottas,Valtteri Bottas,Alfa Romeo,7,6,Finished,8.0,66,0
2022,6,Circuit de Barcelona-Catalunya,ocon,Esteban Ocon,Alpine F1 Team,12,7,Finished,6.0,66,0
2022,6,Circuit de Barcelona-Catalunya,norris,Lando Norris,McLaren,11,8,Finished,4.0,66,0
2022,6,Circuit de Barcelona-Catalunya,alonso,Fernando Alonso,Alpine F1 Team,20,9,+1 Lap,2.0,65,0
2022,6,Circuit de Barcelona-Catalunya,tsunoda,Yuki Tsunoda,AlphaTauri,13,10,+1 Lap,1.0,65,0
2022,6,Circuit de Barcelona-Catalunya,vettel,Sebastian Vettel,Aston Martin,16,11,+1 Lap,0.0,65,0
2022,6,Circuit de Barcelona-Catalunya,ricciardo,Daniel Ricciardo,McLaren,9,12,+1 Lap,0.0,65,0
2022,6,Circuit de Barcelona-Catalunya,gasly,Pierre Gasly,AlphaTauri,14,13,+1 Lap,0.0,65,0
2022,6,Circuit de Barcelona-Catalunya,mick_schumacher,Mick Schumacher,Haas F1 Team,10,14,+1 Lap,0.0,65,0
2022,6,Circuit de Barcelona-Catalunya,stroll,Lance Stroll,Aston Martin,17,15,+1 Lap,0.0,65,0
2022,6,Circuit de Barcelona-Catalunya,latifi,Nicholas Latifi,Williams,19,16,+2 Laps,0.0,64,0
2022,6,Circuit de Barcelona-Catalunya,kevin_magnussen,Kevin Magnussen,Haas F1 Team,8,17,+2 Laps,0.0,64,0
2022,6,Circuit de Barcelona-Catalunya,albon,Alexander Albon,Williams,18,18,+2 Laps,0.0,64,0
2022,6,Circuit de Barcelona-Catalunya,zhou,Guanyu Zhou,Alfa Romeo,15,19,Power loss,0.0,28,1
2022,6,Circuit de Barcelona-Catalunya,leclerc,Charles Leclerc,Ferrari,1,20,Turbo,0.0,27,1
2022,7,Circuit de Monaco,perez,Sergio Pérez,Red Bull,3,1,Finished,25.0,64,0
2022,7,Circuit de Monaco,sainz,Carlos Sainz,Ferrari,2,2,Finished,18.0,64,0
2022,7,Circuit de Monaco,max_verstappen,Max Verstappen,Red Bull,4,3,Finished,15.0,64,0
2022,7,Circuit de Monaco,leclerc,Charles Leclerc,Ferrari,1,4,Finished,12.0,64,0
2022,7,Circuit de Monaco,russell,George Russell,Mercedes,6,5,Finished,10.0,64,0
2022,7,Circuit de Monaco,norris,Lando Norris,McLaren,5,6,Finished,9.0,64,0
2022,7,Circuit de Monaco,alonso,Fernando Alonso,Alpine F1 Team,7,7,Finished,6.0,64,0
2022,7,Circuit de Monaco,hamilton,Lewis Hamilton,Mercedes,8,8,Finished,4.0,64,0
2022,7,Circuit de Monaco,bottas,Valtteri Bottas,Alfa Romeo,12,9,Finished,2.0,64,0
2022,7,Circuit de Monaco,vettel,Sebastian Vettel,Aston Martin,9,10,Finished,1.0,64,0
2022,7,Circuit de Monaco,gasly,Pierre Gasly,AlphaTauri,17,11,Finished,0.0,64,0
2022,7,Circuit de Monaco,ocon,Esteban Ocon,Alpine F1 Team,10,12,Finished,0.0,64,0
2022,7,Circuit de Monaco,ricciardo,Daniel Ricciardo,McLaren,14,13,Finished,0.0,64,0
2022,7,Circuit de Monaco,stroll,Lance Stroll,Aston Martin,18,14,Finished,0.0,64,0
2022,7,Circuit de Monaco,latifi,Nicholas Latifi,Williams,19,15,+1 Lap,0.0,63,0
2022,7,Circuit de Monaco,zhou,Guanyu Zhou,Alfa Romeo,20,16,+1 Lap,0.0,63,0
2022,7,Circuit de Monaco,tsunoda,Yuki Tsunoda,AlphaTauri,11,17,+1 Lap,0.0,63,0
2022,7,Circuit de Monaco,albon,Alexander Albon,Williams,16,18,Mechanical,0.0,48,1
2022,7,Circuit de Monaco,mick_schumacher,Mick Schumacher,Haas F1 Team,15,19,Accident,0.0,24,1
2022,7,Circuit de Monaco,kevin_magnussen,Kevin Magnussen,Haas F1 Team,13,20,Water pressure,0.0,19,1
2022,8,Baku City Circuit,max_verstappen,Max Verstappen,Red Bull,3,1,Finished,25.0,51,0
2022,8,Baku City Circuit,perez,Sergio Pérez,Red Bull,2,2,Finished,19.0,51,0
2022,8,Baku City Circuit,russell,George Russell,Mercedes,5,3,Finished,15.0,51,0
2022,8,Baku City Circuit,hamilton,Lewis Hamilton,Mercedes,7,4,Finished,12.0,51,0
2022,8,Baku City Circuit,gasly,Pierre Gasly,AlphaTauri,6,5,Finished,10.0,51,0
2022,8,Baku City Circuit,vettel,Sebastian Vettel,Aston Martin,9,6,Finished,8.0,51,0
2022,8,Baku City Circuit,alonso,Fernando Alonso,Alpine F1 Team,10,7,Finished,6.0,51,0
2022,8,Baku City Circuit,ricciardo,Daniel Ricciardo,McLaren,12,8,Finished,4.0,51,0
2022,8,Baku City Circuit,norris,Lando Norris,McLaren,11,9,Finished,2.0,51,0
2022,8,Baku City Circuit,ocon,Esteban Ocon,Alpine F1 Team,13,10,Finished,1.0,51,0
2022,8,Baku City Circuit,bottas,Valtteri Bottas,Alfa Romeo,15,11,+1 Lap,0.0,50,0
2022,8,Baku City Circuit,albon,Alexander Albon,Williams,17,12,+1 Lap,0.0,50,0
2022,8,Baku City Circuit,tsunoda,Yuki Tsunoda,AlphaTauri,8,13,+1 Lap,0.0,50,0
2022,8,Baku City Circuit,mick_schumacher,Mick Schumacher,Haas F1 Team,20,14,+1 Lap,0.0,50,0
2022,8,Baku City Circuit,latifi,Nicholas Latifi,Williams,18,15,+1 Lap,0.0,50,0
2022,8,Baku City Circuit,stroll,Lance Stroll,Aston Martin,19,16,Vibrations,0.0,46,1
2022,8,Baku City Circuit,kevin_magnussen,Kevin Magnussen,Haas F1 Team,16,17,Power Unit,0.0,31,1
2022,8,Baku City Circuit,zhou,Guanyu Zhou,Alfa Romeo,14,18,Hydraulics,0.0,23,1
2022,8,Baku City Circuit,leclerc,Charles Leclerc,Ferrari,1,19,Power Unit,0.0,21,1
2022,8,Baku City Circuit,sainz,Carlos Sainz,Ferrari,4,20,Hydraulics,0.0,8,1
2022,9,Circuit Gilles Villeneuve,max_verstappen,Max Verstappen,Red Bull,1,1,Finished,25.0,70,0
2022,9,Circuit Gilles Villeneuve,sainz,Carlos Sainz,Ferrari,3,2,Finished,19.0,70,0
2022,9,Circuit Gilles Villeneuve,hamilton,Lewis Hamilton,Mercedes,4,3,Finished,15.0,70,0
2022,9,Circuit Gilles Villeneuve,russell,George Russell,Mercedes,8,4,Finished,12.0,70,0
2022,9,Circuit Gilles Villeneuve,leclerc,Charles Leclerc,Ferrari,19,5,Finished,10.0,70,0
2022,9,Circuit Gilles Villeneuve,ocon,Esteban Ocon,Alpine F1 Team,7,6,Finished,8.0,70,0
2022,9,Circuit Gilles Villeneuve,bottas,Valtteri Bottas,Alfa Romeo,11,7,Finished,6.0,70,0
2022,9,Circuit Gilles Villeneuve,zhou,Guanyu Zhou,Alfa Romeo,10,8,Finished,4.0,70,0
2022,9,Circuit Gilles Villeneuve,alonso,Fernando Alonso,Alpine F1 Team,2,9,Finished,2.0,70,0
2022,9,Circuit Gilles Villeneuve,stroll,Lance Stroll,Aston Martin,17,10,Finished,1.0,70,0
2022,9,Circuit Gilles Villeneuve,ricciardo,Daniel Ricciardo,McLaren,9,11,Finished,0.0,70,0
2022,9,Circuit Gilles Villeneuve,vettel,Sebastian Vettel,Aston Martin,16,12,Finished,0.0,70,0
2022,9,Circuit Gilles Villeneuve,albon,Alexander Albon,Williams,12,13,Finished,0.0,70,0
2022,9,Circuit Gilles Villeneuve,gasly,Pierre Gasly,AlphaTauri,15,14,Finished,0.0,70,0
2022,9,Circuit Gilles Villeneuve,norris,Lando Norris,McLaren,14,15,Finished,0.0,70,0
2022,9,Circuit Gilles Villeneuve,latifi,Nicholas Latifi,Williams,18,16,Finished,0.0,70,0
2022,9,Circuit Gilles Villeneuve,kevin_magnussen,Kevin Magnussen,Haas F1 Team,5,17,Finished,0.0,70,0
2022,9,Circuit Gilles Villeneuve,tsunoda,Yuki Tsunoda,AlphaTauri,20,18,Accident,0.0,47,1
2022,9,Circuit Gilles Villeneuve,mick_schumacher,Mick Schumacher,Haas F1 Team,6,19,Engine,0.0,18,1
2022,9,Circuit Gilles Villeneuve,perez,Sergio Pérez,Red Bull,13,20,Gearbox,0.0,7,1
2022,10,Silverstone Circuit,sainz,Carlos Sainz,Ferrari,1,1,Finished,25.0,52,0
2022,10,Silverstone Circuit,perez,Sergio Pérez,Red Bull,4,2,Finished,18.0,52,0
2022,10,Silverstone Circuit,hamilton,Lewis Hamilton,Mercedes,5,3,Finished,16.0,52,0
2022,10,Silverstone Circuit,leclerc,Charles Leclerc,Ferrari,3,4,Finished,12.0,52,0
2022,10,Silverstone Circuit,alonso,Fernando Alonso,Alpine F1 Team,7,5,Finished,10.0,52,0
2022,10,Silverstone Circuit,norris,Lando Norris,McLaren,6,6,Finished,8.0,52,0
2022,10,Silverstone Circuit,max_verstappen,Max Verstappen,Red Bull,2,7,Finished,6.0,52,0
2022,10,Silverstone Circuit,mick_schumacher,Mick Schumacher,Haas F1 Team,19,8,Finished,4.0,52,0
2022,10,Silverstone Circuit,vettel,Sebastian Vettel,Aston Martin,18,9,Finished,2.0,52,0
2022,10,Silverstone Circuit,kevin_magnussen,Kevin Magnussen,Haas F1 Team,17,10,Finished,1.0,52,0
2022,10,Silverstone Circuit,stroll,Lance Stroll,Aston Martin,20,11,Finished,0.0,52,0
2022,10,Silverstone Circuit,latifi,Nicholas Latifi,Williams,10,12,Finished,0.0,52,0
2022,10,Silverstone Circuit,ricciardo,Daniel Ricciardo,McLaren,14,13,Finished,0.0,52,0
2022,10,Silverstone Circuit,tsunoda,Yuki Tsunoda,AlphaTauri,13,14,Finished,0.0,52,0
2022,10,Silverstone Circuit,ocon,Esteban Ocon,Alpine F1 Team,15,15,Fuel pump,0.0,37,1
2022,10,Silverstone Circuit,gasly,Pierre Gasly,AlphaTauri,11,16,Collision damage,0.0,26,1
2022,10,Silverstone Circuit,bottas,Valtteri Bottas,Alfa Romeo,12,17,Gearbox,0.0,20,1
2022,10,Silverstone Circuit,russell,George Russell,Mercedes,8,18,Collision,0.0,0,1
2022,10,Silverstone Circuit,zhou,Guanyu Zhou,Alfa Romeo,9,19,Collision,0.0,0,1
2022,10,Silverstone Circuit,albon,Alexander Albon,Williams,16,20,Collision,0.0,0,1
2022,11,Red Bull Ring,leclerc,Charles Leclerc,Ferrari,2,1,Finished,25.0,71,0
2022,11,Red Bull Ring,max_verstappen,Max Verstappen,Red Bull,1,2,Finished,19.0,71,0
2022,11,Red Bull Ring,hamilton,Lewis Hamilton,Mercedes,8,3,Finished,15.0,71,0
2022,11,Red Bull Ring,russell,George Russell,Mercedes,4,4,Finished,12.0,71,0
2022,11,Red Bull Ring,ocon,Esteban Ocon,Alpine F1 Team,6,5,Finished,10.0,71,0
2022,11,Red Bull Ring,mick_schumacher,Mick Schumacher,Haas F1 Team,9,6,+1 Lap,8.0,70,0
2022,11,Red Bull Ring,norris,Lando Norris,McLaren,10,7,+1 Lap,6.0,70,0
2022,11,Red Bull Ring,kevin_magnussen,Kevin Magnussen,Haas F1 Team,7,8,+1 Lap,4.0,70,0
2022,11,Red Bull Ring,ricciardo,Daniel Ricciardo,McLaren,11,9,+1 Lap,2.0,70,0
2022,11,Red Bull Ring,alonso,Fernando Alonso,Alpine F1 Team,19,10,+1 Lap,1.0,70,0
2022,11,Red Bull Ring,bottas,Valtteri Bottas,Alfa Romeo,0,11,+1 Lap,0.0,70,0
2022,11,Red Bull Ring,albon,Alexander Albon,Williams,15,12,+1 Lap,0.0,70,0
2022,11,Red Bull Ring,stroll,Lance Stroll,Aston Martin,12,13,+1 Lap,0.0,70,0
2022,11,Red Bull Ring,zhou,Guanyu Zhou,Alfa Romeo,13,14,+1 Lap,0.0,70,0
2022,11,Red Bull Ring,gasly,Pierre Gasly,AlphaTauri,14,15,+1 Lap,0.0,70,0
2022,11,Red Bull Ring,tsunoda,Yuki Tsunoda,AlphaTauri,16,16,+1 Lap,0.0,70,0
2022,11,Red Bull Ring,vettel,Sebastian Vettel,Aston Martin,18,17,+1 Lap,0.0,70,0
2022,11,Red Bull Ring,sainz,Carlos Sainz,Ferrari,3,18,Power Unit,0.0,56,1
2022,11,Red Bull Ring,latifi,Nicholas Latifi,Williams,17,19,Undertray,0.0,48,1
2022,11,Red Bull Ring,perez,Sergio Pérez,Red Bull,5,20,Collision damage,0.0,24,1
2022,12,Circuit Paul Ricard,max_verstappen,Max Verstappen,Red Bull,2,1,Finished,25.0,53,0
2022,12,Circuit Paul Ricard,hamilton,Lewis Hamilton,Mercedes,4,2,Finished,18.0,53,0
2022,12,Circuit Paul Ricard,russell,George Russell,Mercedes,6,3,Finished,15.0,53,0
2022,12,Circuit Paul Ricard,perez,Sergio Pérez,Red Bull,3,4,Finished,12.0,53,0
2022,12,Circuit Paul Ricard,sainz,Carlos Sainz,Ferrari,19,5,Finished,11.0,53,0
2022,12,Circuit Paul Ricard,alonso,Fernando Alonso,Alpine F1 Team,7,6,Finished,8.0,53,0
2022,12,Circuit Paul Ricard,norris,Lando Norris,McLaren,5,7,Finished,6.0,53,0
2022,12,Circuit Paul Ricard,ocon,Esteban Ocon,Alpine F1 Team,10,8,Finished,4.0,53,0
2022,12,Circuit Paul Ricard,ricciardo,Daniel Ricciardo,McLaren,9,9,Finished,2.0,53,0
2022,12,Circuit Paul Ricard,stroll,Lance Stroll,Aston Martin,15,10,Finished,1.0,53,0
2022,12,Circuit Paul Ricard,vettel,Sebastian Vettel,Aston Martin,12,11,Finished,0.0,53,0
2022,12,Circuit Paul Ricard,gasly,Pierre Gasly,AlphaTauri,14,12,Finished,0.0,53,0
2022,12,Circuit Paul Ricard,albon,Alexander Albon,Williams,13,13,Finished,0.0,53,0
2022,12,Circuit Paul Ricard,bottas,Valtteri Bottas,Alfa Romeo,11,14,Finished,0.0,53,0
2022,12,Circuit Paul Ricard,mick_schumacher,Mick Schumacher,Haas F1 Team,17,15,Finished,0.0,53,0
2022,12,Circuit Paul Ricard,zhou,Guanyu Zhou,Alfa Romeo,16,16,+6 Laps,0.0,47,0
2022,12,Circuit Paul Ricard,latifi,Nicholas Latifi,Williams,18,17,Collision damage,0.0,40,1
2022,12,Circuit Paul Ricard,kevin_magnussen,Kevin Magnussen,Haas F1 Team,20,18,Collision damage,0.0,37,1
2022,12,Circuit Paul Ricard,leclerc,Charles Leclerc,Ferrari,1,19,Accident,0.0,17,1
2022,12,Circuit Paul Ricard,tsunoda,Yuki Tsunoda,AlphaTauri,8,20,Undertray,0.0,17,1
2022,13,Hungaroring,max_verstappen,Max Verstappen,Red Bull,10,1,Finished,25.0,70,0
2022,13,Hungaroring,hamilton,Lewis Hamilton,Mercedes,7,2,Finished,19.0,70,0
2022,13,Hungaroring,russell,George Russell,Mercedes,1,3,Finished,15.0,70,0
2022,13,Hungaroring,sainz,Carlos Sainz,Ferrari,2,4,Finished,12.0,70,0
2022,13,Hungaroring,perez,Sergio Pérez,Red Bull,11,5,Finished,10.0,70,0
2022,13,Hungaroring,leclerc,Charles Leclerc,Ferrari,3,6,Finished,8.0,70,0
2022,13,Hungaroring,norris,Lando Norris,McLaren,4,7,Finished,6.0,70,0
2022,13,Hungaroring,alonso,Fernando Alonso,Alpine F1 Team,6,8,+1 Lap,4.0,69,0
2022,13,Hungaroring,ocon,Esteban Ocon,Alpine F1 Team,5,9,+1 Lap,2.0,69,0
2022,13,Hungaroring,vettel,Sebastian Vettel,Aston Martin,18,10,+1 Lap,1.0,69,0
2022,13,Hungaroring,stroll,Lance Stroll,Aston Martin,14,11,+1 Lap,0.0,69,0
2022,13,Hungaroring,gasly,Pierre Gasly,AlphaTauri,0,12,+1 Lap,0.0,69,0
2022,13,Hungaroring,zhou,Guanyu Zhou,Alfa Romeo,12,13,+1 Lap,0.0,69,0
2022,13,Hungaroring,mick_schumacher,Mick Schumacher,Haas F1 Team,15,14,+1 Lap,0.0,69,0
2022,13,Hungaroring,ricciardo,Daniel Ricciardo,McLaren,9,15,+1 Lap,0.0,69,0
2022,13,Hungaroring,kevin_magnussen,Kevin Magnussen,Haas F1 Team,13,16,+1 Lap,0.0,69,0
2022,13,Hungaroring,albon,Alexander Albon,Williams,17,17,+1 Lap,0.0,69,0
2022,13,Hungaroring,latifi,Nicholas Latifi,Williams,19,18,+1 Lap,0.0,69,0
2022,13,Hungaroring,tsunoda,Yuki Tsunoda,AlphaTauri,16,19,+2 Laps,0.0,68,0
2022,13,Hungaroring,bottas,Valtteri Bottas,Alfa Romeo,8,20,Power Unit,0.0,65,1
2022,14,Circuit de Spa-Francorchamps,max_verstappen,Max Verstappen,Red Bull,14,1,Finished,26.0,44,0
2022,14,Circuit de Spa-Francorchamps,perez,Sergio Pérez,Red Bull,2,2,Finished,18.0,44,0
2022,14,Circuit de Spa-Francorchamps,sainz,Carlos Sainz,Ferrari,1,3,Finished,15.0,44,0
2022,14,Circuit de Spa-Francorchamps,russell,George Russell,Mercedes,5,4,Finished,12.0,44,0
2022,14,Circuit de Spa-Francorchamps,alonso,Fernando Alonso,Alpine F1 Team,3,5,Finished,10.0,44,0
2022,14,Circuit de Spa-Francorchamps,leclerc,Charles Leclerc,Ferrari,15,6,Finished,8.0,44,0
2022,14,Circuit de Spa-Francorchamps,ocon,Esteban Ocon,Alpine F1 Team,16,7,Finished,6.0,44,0
2022,14,Circuit de Spa-Francorchamps,vettel,Sebastian Vettel,Aston Martin,10,8,Finished,4.0,44,0
2022,14,Circuit de Spa-Francorchamps,gasly,Pierre Gasly,AlphaTauri,0,9,Finished,2.0,44,0
2022,14,Circuit de Spa-Francorchamps,albon,Alexander Albon,Williams,6,10,Finished,1.0,44,0
2022,14,Circuit de Spa-Francorchamps,stroll,Lance Stroll,Aston Martin,9,11,Finished,0.0,44,0
2022,14,Circuit de Spa-Francorchamps,norris,Lando Norris,McLaren,17,12,Finished,0.0,44,0
2022,14,Circuit de Spa-Francorchamps,tsunoda,Yuki Tsunoda,AlphaTauri,0,13,Finished,0.0,44,0
2022,14,Circuit de Spa-Francorchamps,zhou,Guanyu Zhou,Alfa Romeo,18,14,Finished,0.0,44,0
2022,14,Circuit de Spa-Francorchamps,ricciardo,Daniel Ricciardo,McLaren,7,15,Finished,0.0,44,0
2022,14,Circuit de Spa-Francorchamps,kevin_magnussen,Kevin Magnussen,Haas F1 Team,12,16,+1 Lap,0.0,43,0
2022,14,Circuit de Spa-Francorchamps,mick_schumacher,Mick Schumacher,Haas F1 Team,19,17,+1 Lap,0.0,43,0
2022,14,Circuit de Spa-Francorchamps,latifi,Nicholas Latifi,Williams,11,18,+1 Lap,0.0,43,0
2022,14,Circuit de Spa-Francorchamps,bottas,Valtteri Bottas,Alfa Romeo,13,19,Accident,0.0,1,1
2022,14,Circuit de Spa-Francorchamps,hamilton,Lewis Hamilton,Mercedes,4,20,Collision damage,0.0,0,1
2022,15,Circuit Park Zandvoort,max_verstappen,Max Verstappen,Red Bull,1,1,Finished,26.0,72,0
2022,15,Circuit Park Zandvoort,russell,George Russell,Mercedes,6,2,Finished,18.0,72,0
2022,15,Circuit Park Zandvoort,leclerc,Charles Leclerc,Ferrari,2,3,Finished,15.0,72,0
2022,15,Circuit Park Zandvoort,hamilton,Lewis Hamilton,Mercedes,4,4,Finished,12.0,72,0
2022,15,Circuit Park Zandvoort,perez,Sergio Pérez,Red Bull,5,5,Finished,10.0,72,0
2022,15,Circuit Park Zandvoort,alonso,Fernando Alonso,Alpine F1 Team,13,6,Finished,8.0,72,0
2022,15,Circuit Park Zandvoort,norris,Lando Norris,McLaren,7,7,Finished,6.0,72,0
2022,15,Circuit Park Zandvoort,sainz,Carlos Sainz,Ferrari,3,8,Finished,4.0,72,0
2022,15,Circuit Park Zandvoort,ocon,Esteban Ocon,Alpine F1 Team,12,9,Finished,2.0,72,0
2022,15,Circuit Park Zandvoort,stroll,Lance Stroll,Aston Martin,10,10,Finished,1.0,72,0
2022,15,Circuit Park Zandvoort,gasly,Pierre Gasly,AlphaTauri,11,11,Finished,0.0,72,0
2022,15,Circuit Park Zandvoort,albon,Alexander Albon,Williams,15,12,Finished,0.0,72,0
2022,15,Circuit Park Zandvoort,mick_schumacher,Mick Schumacher,Haas F1 Team,8,13,Finished,0.0,72,0
2022,15,Circuit Park Zandvoort,vettel,Sebastian Vettel,Aston Martin,19,14,Finished,0.0,72,0
2022,15,Circuit Park Zandvoort,kevin_magnussen,Kevin Magnussen,Haas F1 Team,18,15,Finished,0.0,72,0
2022,15,Circuit Park Zandvoort,zhou,Guanyu Zhou,Alfa Romeo,14,16,Finished,0.0,72,0
2022,15,Circuit Park Zandvoort,ricciardo,Daniel Ricciardo,McLaren,17,17,Finished,0.0,72,0
2022,15,Circuit Park Zandvoort,latifi,Nicholas Latifi,Williams,20,18,+1 Lap,0.0,71,0
2022,15,Circuit Park Zandvoort,bottas,Valtteri Bottas,Alfa Romeo,16,19,Engine,0.0,53,1
2022,15,Circuit Park Zandvoort,tsunoda,Yuki Tsunoda,AlphaTauri,9,20,Differential,0.0,43,1
2022,16,Autodromo Nazionale di Monza,max_verstappen,Max Verstappen,Red Bull,7,1,Finished,25.0,53,0
2022,16,Autodromo Nazionale di Monza,leclerc,Charles Leclerc,Ferrari,1,2,Finished,18.0,53,0
2022,16,Autodromo Nazionale di Monza,russell,George Russell,Mercedes,2,3,Finished,15.0,53,0
2022,16,Autodromo Nazionale di Monza,sainz,Carlos Sainz,Ferrari,18,4,Finished,12.0,53,0
2022,16,Autodromo Nazionale di Monza,hamilton,Lewis Hamilton,Mercedes,19,5,Finished,10.0,53,0
2022,16,Autodromo Nazionale di Monza,perez,Sergio Pérez,Red Bull,13,6,Finished,9.0,53,0
2022,16,Autodromo Nazionale di Monza,norris,Lando Norris,McLaren,3,7,Finished,6.0,53,0
2022,16,Autodromo Nazionale di Monza,gasly,Pierre Gasly,AlphaTauri,5,8,Finished,4.0,53,0
2022,16,Autodromo Nazionale di Monza,de_vries,Nyck de Vries,Williams,8,9,Finished,2.0,53,0
2022,16,Autodromo Nazionale di Monza,zhou,Guanyu Zhou,Alfa Romeo,9,10,Finished,1.0,53,0
2022,16,Autodromo Nazionale di Monza,ocon,Esteban Ocon,Alpine F1 Team,14,11,Finished,0.0,53,0
2022,16,Autodromo Nazionale di Monza,mick_schumacher,Mick Schumacher,Haas F1 Team,17,12,Finished,0.0,53,0
2022,16,Autodromo Nazionale di Monza,bottas,Valtteri Bottas,Alfa Romeo,15,13,+1 Lap,0.0,52,0
2022,16,Autodromo Nazionale di Monza,tsunoda,Yuki Tsunoda,AlphaTauri,20,14,+1 Lap,0.0,52,0
2022,16,Autodromo Nazionale di Monza,latifi,Nicholas Latifi,Williams,10,15,+1 Lap,0.0,52,0
2022,16,Autodromo Nazionale di Monza,kevin_magnussen,Kevin Magnussen,Haas F1 Team,16,16,+1 Lap,0.0,52,0
2022,16,Autodromo Nazionale di Monza,ricciardo,Daniel Ricciardo,McLaren,4,17,Oil leak,0.0,45,1
2022,16,Autodromo Nazionale di Monza,stroll,Lance Stroll,Aston Martin,12,18,Engine,0.0,39,1
2022,16,Autodromo Nazionale di Monza,alonso,Fernando Alonso,Alpine F1 Team,6,19,Water pressure,0.0,31,1
2022,16,Autodromo Nazionale di Monza,vettel,Sebastian Vettel,Aston Martin,11,20,Engine,0.0,10,1
2022,17,Marina Bay Street Circuit,perez,Sergio Pérez,Red Bull,2,1,Finished,25.0,59,0
2022,17,Marina Bay Street Circuit,leclerc,Charles Leclerc,Ferrari,1,2,Finished,18.0,59,0
2022,17,Marina Bay Street Circuit,sainz,Carlos Sainz,Ferrari,4,3,Finished,15.0,59,0
2022,17,Marina Bay Street Circuit,norris,Lando Norris,McLaren,6,4,Finished,12.0,59,0
2022,17,Marina Bay Street Circuit,ricciardo,Daniel Ricciardo,McLaren,16,5,Finished,10.0,59,0
2022,17,Marina Bay Street Circuit,stroll,Lance Stroll,Aston Martin,11,6,Finished,8.0,59,0
2022,17,Marina Bay Street Circuit,max_verstappen,Max Verstappen,Red Bull,8,7,Finished,6.0,59,0
2022,17,Marina Bay Street Circuit,vettel,Sebastian Vettel,Aston Martin,13,8,Finished,4.0,59,0
2022,17,Marina Bay Street Circuit,hamilton,Lewis Hamilton,Mercedes,3,9,Finished,2.0,59,0
2022,17,Marina Bay Street Circuit,gasly,Pierre Gasly,AlphaTauri,7,10,Finished,1.0,59,0
2022,17,Marina Bay Street Circuit,bottas,Valtteri Bottas,Alfa Romeo,15,11,Finished,0.0,59,0
2022,17,Marina Bay Street Circuit,kevin_magnussen,Kevin Magnussen,Haas F1 Team,9,12,Finished,0.0,59,0
2022,17,Marina Bay Street Circuit,mick_schumacher,Mick Schumacher,Haas F1 Team,12,13,+1 Lap,0.0,58,0
2022,17,Marina Bay Street Circuit,russell,George Russell,Mercedes,0,14,+2 Laps,0.0,57,0
2022,17,Marina Bay Street Circuit,tsunoda,Yuki Tsunoda,AlphaTauri,10,15,Accident,0.0,34,1
2022,17,Marina Bay Street Circuit,ocon,Esteban Ocon,Alpine F1 Team,17,16,Engine,0.0,26,1
2022,17,Marina Bay Street Circuit,albon,Alexander Albon,Williams,18,17,Collision damage,0.0,25,1
2022,17,Marina Bay Street Circuit,alonso,Fernando Alonso,Alpine F1 Team,5,18,Engine,0.0,20,1
2022,17,Marina Bay Street Circuit,latifi,Nicholas Latifi,Williams,19,19,Collision damage,0.0,7,1
2022,17,Marina Bay Street Circuit,zhou,Guanyu Zhou,Alfa Romeo,14,20,Collision,0.0,6,1
2022,18,Suzuka Circuit,max_verstappen,Max Verstappen,Red Bull,1,1,Finished,25.0,28,0
2022,18,Suzuka Circuit,perez,Sergio Pérez,Red Bull,4,2,Finished,18.0,28,0
2022,18,Suzuka Circuit,leclerc,Charles Leclerc,Ferrari,2,3,Finished,15.0,28,0
2022,18,Suzuka Circuit,ocon,Esteban Ocon,Alpine F1 Team,5,4,Finished,12.0,28,0
2022,18,Suzuka Circuit,hamilton,Lewis Hamilton,Mercedes,6,5,Finished,10.0,28,0
2022,18,Suzuka Circuit,vettel,Sebastian Vettel,Aston Martin,9,6,Finished,8.0,28,0
2022,18,Suzuka Circuit,alonso,Fernando Alonso,Alpine F1 Team,7,7,Finished,6.0,28,0
2022,18,Suzuka Circuit,russell,George Russell,Mercedes,8,8,Finished,4.0,28,0
2022,18,Suzuka Circuit,latifi,Nicholas Latifi,Williams,20,9,Finished,2.0,28,0
2022,18,Suzuka Circuit,norris,Lando Norris,McLaren,10,10,Finished,1.0,28,0
2022,18,Suzuka Circuit,ricciardo,Daniel Ricciardo,McLaren,11,11,Finished,0.0,28,0
2022,18,Suzuka Circuit,stroll,Lance Stroll,Aston Martin,19,12,Finished,0.0,28,0
2022,18,Suzuka Circuit,tsunoda,Yuki Tsunoda,AlphaTauri,13,13,Finished,0.0,28,0
2022,18,Suzuka Circuit,kevin_magnussen,Kevin Magnussen,Haas F1 Team,18,14,Finished,0.0,28,0
2022,18,Suzuka Circuit,bottas,Valtteri Bottas,Alfa Romeo,12,15,Finished,0.0,28,0
2022,18,Suzuka Circuit,zhou,Guanyu Zhou,Alfa Romeo,14,16,Finished,0.0,28,0
2022,18,Suzuka Circuit,mick_schumacher,Mick Schumacher,Haas F1 Team,15,17,Finished,0.0,28,0
2022,18,Suzuka Circuit,gasly,Pierre Gasly,AlphaTauri,17,18,Finished,0.0,28,0
2022,18,Suzuka Circuit,sainz,Carlos Sainz,Ferrari,3,19,Accident,0.0,0,1
2022,18,Suzuka Circuit,albon,Alexander Albon,Williams,16,20,Hydraulics,0.0,0,1
2022,19,Circuit of the Americas,max_verstappen,Max Verstappen,Red Bull,2,1,Finished,25.0,56,0
2022,19,Circuit of the Americas,hamilton,Lewis Hamilton,Mercedes,3,2,Finished,18.0,56,0
2022,19,Circuit of the Americas,leclerc,Charles Leclerc,Ferrari,12,3,Finished,15.0,56,0
2022,19,Circuit of the Americas,perez,Sergio Pérez,Red Bull,9,4,Finished,12.0,56,0
2022,19,Circuit of the Americas,russell,George Russell,Mercedes,4,5,Finished,11.0,56,0
2022,19,Circuit of the Americas,norris,Lando Norris,McLaren,6,6,Finished,8.0,56,0
2022,19,Circuit of the Americas,alonso,Fernando Alonso,Alpine F1 Team,14,7,Finished,6.0,56,0
2022,19,Circuit of the Americas,vettel,Sebastian Vettel,Aston Martin,10,8,Finished,4.0,56,0
2022,19,Circuit of the Americas,kevin_magnussen,Kevin Magnussen,Haas F1 Team,13,9,Finished,2.0,56,0
2022,19,Circuit of the Americas,tsunoda,Yuki Tsunoda,AlphaTauri,19,10,Finished,1.0,56,0
2022,19,Circuit of the Americas,ocon,Esteban Ocon,Alpine F1 Team,0,11,Finished,0.0,56,0
2022,19,Circuit of the Americas,zhou,Guanyu Zhou,Alfa Romeo,18,12,Finished,0.0,56,0
2022,19,Circuit of the Americas,albon,Alexander Albon,Williams,8,13,Finished,0.0,56,0
2022,19,Circuit of the Americas,gasly,Pierre Gasly,AlphaTauri,11,14,Finished,0.0,56,0
2022,19,Circuit of the Americas,mick_schumacher,Mick Schumacher,Haas F1 Team,16,15,Finished,0.0,56,0
2022,19,Circuit of the Americas,ricciardo,Daniel Ricciardo,McLaren,15,16,Finished,0.0,56,0
2022,19,Circuit of the Americas,latifi,Nicholas Latifi,Williams,17,17,Finished,0.0,56,0
2022,19,Circuit of the Americas,stroll,Lance Stroll,Aston Martin,5,18,Collision,0.0,21,1
2022,19,Circuit of the Americas,bottas,Valtteri Bottas,Alfa Romeo,7,19,Spun off,0.0,16,1
2022,19,Circuit of the Americas,sainz,Carlos Sainz,Ferrari,1,20,Collision damage,0.0,1,1
2022,20,Autódromo Hermanos Rodríguez,max_verstappen,Max Verstappen,Red Bull,1,1,Finished,25.0,71,0
2022,20,Autódromo Hermanos Rodríguez,hamilton,Lewis Hamilton,Mercedes,3,2,Finished,18.0,71,0
2022,20,Autódromo Hermanos Rodríguez,perez,Sergio Pérez,Red Bull,4,3,Finished,15.0,71,0
2022,20,Autódromo Hermanos Rodríguez,russell,George Russell,Mercedes,2,4,Finished,13.0,71,0
2022,20,Autódromo Hermanos Rodríguez,sainz,Carlos Sainz,Ferrari,5,5,Finished,10.0,71,0
2022,20,Autódromo Hermanos Rodríguez,leclerc,Charles Leclerc,Ferrari,7,6,Finished,8.0,71,0
2022,20,Autódromo Hermanos Rodríguez,ricciardo,Daniel Ricciardo,McLaren,11,7,+1 Lap,6.0,70,0
2022,20,Autódromo Hermanos Rodríguez,ocon,Esteban Ocon,Alpine F1 Team,10,8,+1 Lap,4.0,70,0
2022,20,Autódromo Hermanos Rodríguez,norris,Lando Norris,McLaren,8,9,+1 Lap,2.0,70,0
2022,20,Autódromo Hermanos Rodríguez,bottas,Valtteri Bottas,Alfa Romeo,6,10,+1 Lap,1.0,70,0
2022,20,Autódromo Hermanos Rodríguez,gasly,Pierre Gasly,AlphaTauri,14,11,+1 Lap,0.0,70,0
2022,20,Autódromo Hermanos Rodríguez,albon,Alexander Albon,Williams,17,12,+1 Lap,0.0,70,0
2022,20,Autódromo Hermanos Rodríguez,zhou,Guanyu Zhou,Alfa Romeo,12,13,+1 Lap,0.0,70,0
2022,20,Autódromo Hermanos Rodríguez,vettel,Sebastian Vettel,Aston Martin,16,14,+1 Lap,0.0,70,0
2022,20,Autódromo Hermanos Rodríguez,stroll,Lance Stroll,Aston Martin,20,15,+1 Lap,0.0,70,0
2022,20,Autódromo Hermanos Rodríguez,mick_schumacher,Mick Schumacher,Haas F1 Team,15,16,+1 Lap,0.0,70,0
2022,20,Autódromo Hermanos Rodríguez,kevin_magnussen,Kevin Magnussen,Haas F1 Team,19,17,+1 Lap,0.0,70,0
2022,20,Autódromo Hermanos Rodríguez,latifi,Nicholas Latifi,Williams,18,18,+2 Laps,0.0,69,0
2022,20,Autódromo Hermanos Rodríguez,alonso,Fernando Alonso,Alpine F1 Team,9,19,Engine,0.0,63,1
2022,20,Autódromo Hermanos Rodríguez,tsunoda,Yuki Tsunoda,AlphaTauri,13,20,Collision damage,0.0,50,1
2022,21,Autódromo José Carlos Pace,russell,George Russell,Mercedes,1,1,Finished,26.0,71,0
2022,21,Autódromo José Carlos Pace,hamilton,Lewis Hamilton,Mercedes,2,2,Finished,18.0,71,0
2022,21,Autódromo José Carlos Pace,sainz,Carlos Sainz,Ferrari,7,3,Finished,15.0,71,0
2022,21,Autódromo José Carlos Pace,leclerc,Charles Leclerc,Ferrari,5,4,Finished,12.0,71,0
2022,21,Autódromo José Carlos Pace,alonso,Fernando Alonso,Alpine F1 Team,17,5,Finished,10.0,71,0
2022,21,Autódromo José Carlos Pace,max_verstappen,Max Verstappen,Red Bull,3,6,Finished,8.0,71,0
2022,21,Autódromo José Carlos Pace,perez,Sergio Pérez,Red Bull,4,7,Finished,6.0,71,0
2022,21,Autódromo José Carlos Pace,ocon,Esteban Ocon,Alpine F1 Team,16,8,Finished,4.0,71,0
2022,21,Autódromo José Carlos Pace,bottas,Valtteri Bottas,Alfa Romeo,14,9,Finished,2.0,71,0
2022,21,Autódromo José Carlos Pace,stroll,Lance Stroll,Aston Martin,15,10,Finished,1.0,71,0
2022,21,Autódromo José Carlos Pace,vettel,Sebastian Vettel,Aston Martin,9,11,Finished,0.0,71,0
2022,21,Autódromo José Carlos Pace,zhou,Guanyu Zhou,Alfa Romeo,13,12,Finished,0.0,71,0
2022,21,Autódromo José Carlos Pace,mick_schumacher,Mick Schumacher,Haas F1 Team,12,13,Finished,0.0,71,0
2022,21,Autódromo José Carlos Pace,gasly,Pierre Gasly,AlphaTauri,10,14,Finished,0.0,71,0
2022,21,Autódromo José Carlos Pace,albon,Alexander Albon,Williams,19,15,Finished,0.0,71,0
2022,21,Autódromo José Carlos Pace,latifi,Nicholas Latifi,Williams,18,16,Finished,0.0,71,0
2022,21,Autódromo José Carlos Pace,tsunoda,Yuki Tsunoda,AlphaTauri,0,17,+1 Lap,0.0,70,0
2022,21,Autódromo José Carlos Pace,norris,Lando Norris,McLaren,6,18,Gearbox,0.0,50,1
2022,21,Autódromo José Carlos Pace,kevin_magnussen,Kevin Magnussen,Haas F1 Team,8,19,Collision,0.0,0,1
2022,21,Autódromo José Carlos Pace,ricciardo,Daniel Ricciardo,McLaren,11,20,Collision,0.0,0,1
2022,22,Yas Marina Circuit,max_verstappen,Max Verstappen,Red Bull,1,1,Finished,25.0,58,0
2022,22,Yas Marina Circuit,leclerc,Charles Leclerc,Ferrari,3,2,Finished,18.0,58,0
2022,22,Yas Marina Circuit,perez,Sergio Pérez,Red Bull,2,3,Finished,15.0,58,0
2022,22,Yas Marina Circuit,sainz,Carlos Sainz,Ferrari,4,4,Finished,12.0,58,0
2022,22,Yas Marina Circuit,russell,George Russell,Mercedes,6,5,Finished,10.0,58,0
2022,22,Yas Marina Circuit,norris,Lando Norris,McLaren,7,6,Finished,9.0,58,0
2022,22,Yas Marina Circuit,ocon,Esteban Ocon,Alpine F1 Team,8,7,Finished,6.0,58,0
2022,22,Yas Marina Circuit,stroll,Lance Stroll,Aston Martin,14,8,Finished,4.0,58,0
2022,22,Yas Marina Circuit,ricciardo,Daniel Ricciardo,McLaren,13,9,Finished,2.0,58,0
2022,22,Yas Marina Circuit,vettel,Sebastian Vettel,Aston Martin,9,10,Finished,1.0,58,0
2022,22,Yas Marina Circuit,tsunoda,Yuki Tsunoda,AlphaTauri,11,11,Finished,0.0,58,0
2022,22,Yas Marina Circuit,zhou,Guanyu Zhou,Alfa Romeo,15,12,+1 Lap,0.0,57,0
2022,22,Yas Marina Circuit,albon,Alexander Albon,Williams,19,13,+1 Lap,0.0,57,0
2022,22,Yas Marina Circuit,gasly,Pierre Gasly,AlphaTauri,17,14,+1 Lap,0.0,57,0
2022,22,Yas Marina Circuit,bottas,Valtteri Bottas,Alfa Romeo,18,15,+1 Lap,0.0,57,0
2022,22,Yas Marina Circuit,mick_schumacher,Mick Schumacher,Haas F1 Team,12,16,+1 Lap,0.0,57,0
2022,22,Yas Marina Circuit,kevin_magnussen,Kevin Magnussen,Haas F1 Team,16,17,+1 Lap,0.0,57,0
2022,22,Yas Marina Circuit,hamilton,Lewis Hamilton,Mercedes,5,18,Hydraulics,0.0,55,1
2022,22,Yas Marina Circuit,latifi,Nicholas Latifi,Williams,20,19,Collision damage,0.0,55,1
2022,22,Yas Marina Circuit,alonso,Fernando Alonso,Alpine F1 Team,10,20,Water leak,0.0,27,1
2023,1,Bahrain International Circuit,max_verstappen,Max Verstappen,Red Bull,1,1,Finished,25.0,57,0
2023,1,Bahrain International Circuit,perez,Sergio Pérez,Red Bull,2,2,Finished,18.0,57,0
2023,1,Bahrain International Circuit,alonso,Fernando Alonso,Aston Martin,5,3,Finished,15.0,57,0
2023,1,Bahrain International Circuit,sainz,Carlos Sainz,Ferrari,4,4,Finished,12.0,57,0
2023,1,Bahrain International Circuit,hamilton,Lewis Hamilton,Mercedes,7,5,Finished,10.0,57,0
2023,1,Bahrain International Circuit,stroll,Lance Stroll,Aston Martin,8,6,Finished,8.0,57,0
2023,1,Bahrain International Circuit,russell,George Russell,Mercedes,6,7,Finished,6.0,57,0
2023,1,Bahrain International Circuit,bottas,Valtteri Bottas,Alfa Romeo,12,8,Finished,4.0,57,0
2023,1,Bahrain International Circuit,gasly,Pierre Gasly,Alpine F1 Team,20,9,Finished,2.0,57,0
2023,1,Bahrain International Circuit,albon,Alexander Albon,Williams,15,10,Finished,1.0,57,0
2023,1,Bahrain International Circuit,tsunoda,Yuki Tsunoda,AlphaTauri,14,11,Finished,0.0,57,0
2023,1,Bahrain International Circuit,sargeant,Logan Sargeant,Williams,16,12,Lapped,0.0,56,1
2023,1,Bahrain International Circuit,kevin_magnussen,Kevin Magnussen,Haas F1 Team,17,13,Lapped,0.0,56,1
2023,1,Bahrain International Circuit,de_vries,Nyck de Vries,AlphaTauri,19,14,Lapped,0.0,56,1
2023,1,Bahrain International Circuit,hulkenberg,Nico Hülkenberg,Haas F1 Team,10,15,Lapped,0.0,56,1
2023,1,Bahrain International Circuit,zhou,Guanyu Zhou,Alfa Romeo,13,16,Lapped,0.0,56,1
2023,1,Bahrain International Circuit,norris,Lando Norris,McLaren,11,17,Lapped,0.0,55,1
2023,1,Bahrain International Circuit,ocon,Esteban Ocon,Alpine F1 Team,9,18,Retired,0.0,41,1
2023,1,Bahrain International Circuit,leclerc,Charles Leclerc,Ferrari,3,19,Retired,0.0,39,1
2023,1,Bahrain International Circuit,piastri,Oscar Piastri,McLaren,18,20,Retired,0.0,13,1
2023,2,Jeddah Corniche Circuit,perez,Sergio Pérez,Red Bull,1,1,Finished,25.0,50,0
2023,2,Jeddah Corniche Circuit,max_verstappen,Max Verstappen,Red Bull,15,2,Finished,19.0,50,0
2023,2,Jeddah Corniche Circuit,alonso,Fernando Alonso,Aston Martin,2,3,Finished,15.0,50,0
2023,2,Jeddah Corniche Circuit,russell,George Russell,Mercedes,3,4,Finished,12.0,50,0
2023,2,Jeddah Corniche Circuit,hamilton,Lewis Hamilton,Mercedes,7,5,Finished,10.0,50,0
2023,2,Jeddah Corniche Circuit,sainz,Carlos Sainz,Ferrari,4,6,Finished,8.0,50,0
2023,2,Jeddah Corniche Circuit,leclerc,Charles Leclerc,Ferrari,12,7,Finished,6.0,50,0
2023,2,Jeddah Corniche Circuit,ocon,Esteban Ocon,Alpine F1 Team,6,8,Finished,4.0,50,0
2023,2,Jeddah Corniche Circuit,gasly,Pierre Gasly,Alpine F1 Team,9,9,Finished,2.0,50,0
2023,2,Jeddah Corniche Circuit,kevin_magnussen,Kevin Magnussen,Haas F1 Team,13,10,Finished,1.0,50,0
2023,2,Jeddah Corniche Circuit,tsunoda,Yuki Tsunoda,AlphaTauri,16,11,Finished,0.0,50,0
2023,2,Jeddah Corniche Circuit,hulkenberg,Nico Hülkenberg,Haas F1 Team,10,12,Finished,0.0,50,0
2023,2,Jeddah Corniche Circuit,zhou,Guanyu Zhou,Alfa Romeo,11,13,Finished,0.0,50,0
2023,2,Jeddah Corniche Circuit,de_vries,Nyck de Vries,AlphaTauri,18,14,Finished,0.0,50,0
2023,2,Jeddah Corniche Circuit,piastri,Oscar Piastri,McLaren,8,15,Finished,0.0,50,0
2023,2,Jeddah Corniche Circuit,sargeant,Logan Sargeant,Williams,20,16,Finished,0.0,50,0
2023,2,Jeddah Corniche Circuit,norris,Lando Norris,McLaren,19,17,Finished,0.0,50,0
2023,2,Jeddah Corniche Circuit,bottas,Valtteri Bottas,Alfa Romeo,14,18,Lapped,0.0,49,1
2023,2,Jeddah Corniche Circuit,albon,Alexander Albon,Williams,17,19,Retired,0.0,27,1
2023,2,Jeddah Corniche Circuit,stroll,Lance Stroll,Aston Martin,5,20,Retired,0.0,16,1
2023,3,Albert Park Grand Prix Circuit,max_verstappen,Max Verstappen,Red Bull,1,1,Finished,25.0,58,0
2023,3,Albert Park Grand Prix Circuit,hamilton,Lewis Hamilton,Mercedes,3,2,Finished,18.0,58,0
2023,3,Albert Park Grand Prix Circuit,alonso,Fernando Alonso,Aston Martin,4,3,Finished,15.0,58,0
2023,3,Albert Park Grand Prix Circuit,stroll,Lance Stroll,Aston Martin,6,4,Finished,12.0,58,0
2023,3,Albert Park Grand Prix Circuit,perez,Sergio Pérez,Red Bull,20,5,Finished,11.0,58,0
2023,3,Albert Park Grand Prix Circuit,norris,Lando Norris,McLaren,13,6,Finished,8.0,58,0
2023,3,Albert Park Grand Prix Circuit,hulkenberg,Nico Hülkenberg,Haas F1 Team,10,7,Finished,6.0,58,0
2023,3,Albert Park Grand Prix Circuit,piastri,Oscar Piastri,McLaren,16,8,Finished,4.0,58,0
2023,3,Albert Park Grand Prix Circuit,zhou,Guanyu Zhou,Alfa Romeo,17,9,Finished,2.0,58,0
2023,3,Albert Park Grand Prix Circuit,tsunoda,Yuki Tsunoda,AlphaTauri,12,10,Finished,1.0,58,0
2023,3,Albert Park Grand Prix Circuit,bottas,Valtteri Bottas,Alfa Romeo,19,11,Finished,0.0,58,0
2023,3,Albert Park Grand Prix Circuit,sainz,Carlos Sainz,Ferrari,5,12,Finished,0.0,58,0
2023,3,Albert Park Grand Prix Circuit,gasly,Pierre Gasly,Alpine F1 Team,9,13,Retired,0.0,56,1
2023,3,Albert Park Grand Prix Circuit,ocon,Esteban Ocon,Alpine F1 Team,11,14,Retired,0.0,56,1
2023,3,Albert Park Grand Prix Circuit,de_vries,Nyck de Vries,AlphaTauri,15,15,Retired,0.0,56,1
2023,3,Albert Park Grand Prix Circuit,sargeant,Logan Sargeant,Williams,18,16,Retired,0.0,56,1
2023,3,Albert Park Grand Prix Circuit,kevin_magnussen,Kevin Magnussen,Haas F1 Team,14,17,Retired,0.0,52,1
2023,3,Albert Park Grand Prix Circuit,russell,George Russell,Mercedes,2,18,Retired,0.0,17,1
2023,3,Albert Park Grand Prix Circuit,albon,Alexander Albon,Williams,8,19,Retired,0.0,6,1
2023,3,Albert Park Grand Prix Circuit,leclerc,Charles Leclerc,Ferrari,7,20,Retired,0.0,0,1
2023,4,Baku City Circuit,perez,Sergio Pérez,Red Bull,3,1,Finished,25.0,51,0
2023,4,Baku City Circuit,max_verstappen,Max Verstappen,Red Bull,2,2,Finished,18.0,51,0
2023,4,Baku City Circuit,leclerc,Charles Leclerc,Ferrari,1,3,Finished,15.0,51,0
2023,4,Baku City Circuit,alonso,Fernando Alonso,Aston Martin,6,4,Finished,12.0,51,0
2023,4,Baku City Circuit,sainz,Carlos Sainz,Ferrari,4,5,Finished,10.0,51,0
2023,4,Baku City Circuit,hamilton,Lewis Hamilton,Mercedes,5,6,Finished,8.0,51,0
2023,4,Baku City Circuit,stroll,Lance Stroll,Aston Martin,9,7,Finished,6.0,51,0
2023,4,Baku City Circuit,russell,George Russell,Mercedes,11,8,Finished,5.0,51,0
2023,4,Baku City Circuit,norris,Lando Norris,McLaren,7,9,Finished,2.0,51,0
2023,4,Baku City Circuit,tsunoda,Yuki Tsunoda,AlphaTauri,8,10,Finished,1.0,51,0
2023,4,Baku City Circuit,piastri,Oscar Piastri,McLaren,10,11,Finished,0.0,51,0
2023,4,Baku City Circuit,albon,Alexander Albon,Williams,12,12,Finished,0.0,51,0
2023,4,Baku City Circuit,kevin_magnussen,Kevin Magnussen,Haas F1 Team,16,13,Finished,0.0,51,0
2023,4,Baku City Circuit,gasly,Pierre Gasly,Alpine F1 Team,17,14,Finished,0.0,51,0
2023,4,Baku City Circuit,ocon,Esteban Ocon,Alpine F1 Team,19,15,Finished,0.0,51,0
2023,4,Baku City Circuit,sargeant,Logan Sargeant,Williams,14,16,Finished,0.0,51,0
2023,4,Baku City Circuit,hulkenberg,Nico Hülkenberg,Haas F1 Team,20,17,Lapped,0.0,50,1
2023,4,Baku City Circuit,bottas,Valtteri Bottas,Alfa Romeo,13,18,Lapped,0.0,50,1
2023,4,Baku City Circuit,zhou,Guanyu Zhou,Alfa Romeo,15,19,Retired,0.0,36,1
2023,4,Baku City Circuit,de_vries,Nyck de Vries,AlphaTauri,18,20,Retired,0.0,9,1
2023,5,Miami International Autodrome,max_verstappen,Max Verstappen,Red Bull,9,1,Finished,26.0,57,0
2023,5,Miami International Autodrome,perez,Sergio Pérez,Red Bull,1,2,Finished,18.0,57,0
2023,5,Miami International Autodrome,alonso,Fernando Alonso,Aston Martin,2,3,Finished,15.0,57,0
2023,5,Miami International Autodrome,russell,George Russell,Mercedes,6,4,Finished,12.0,57,0
2023,5,Miami International Autodrome,sainz,Carlos Sainz,Ferrari,3,5,Finished,10.0,57,0
2023,5,Miami International Autodrome,hamilton,Lewis Hamilton,Mercedes,13,6,Finished,8.0,57,0
2023,5,Miami International Autodrome,leclerc,Charles Leclerc,Ferrari,7,7,Finished,6.0,57,0
2023,5,Miami International Autodrome,gasly,Pierre Gasly,Alpine F1 Team,5,8,Finished,4.0,57,0
2023,5,Miami International Autodrome,ocon,Esteban Ocon,Alpine F1 Team,8,9,Finished,2.0,57,0
2023,5,Miami International Autodrome,kevin_magnussen,Kevin Magnussen,Haas F1 Team,4,10,Finished,1.0,57,0
2023,5,Miami International Autodrome,tsunoda,Yuki Tsunoda,AlphaTauri,17,11,Finished,0.0,57,0
2023,5,Miami International Autodrome,stroll,Lance Stroll,Aston Martin,18,12,Finished,0.0,57,0
2023,5,Miami International Autodrome,bottas,Valtteri Bottas,Alfa Romeo,10,13,Finished,0.0,57,0
2023,5,Miami International Autodrome,albon,Alexander Albon,Williams,11,14,Finished,0.0,57,0
2023,5,Miami International Autodrome,hulkenberg,Nico Hülkenberg,Haas F1 Team,12,15,Finished,0.0,57,0
2023,5,Miami International Autodrome,zhou,Guanyu Zhou,Alfa Romeo,14,16,Finished,0.0,57,0
2023,5,Miami International Autodrome,norris,Lando Norris,McLaren,16,17,Finished,0.0,57,0
2023,5,Miami International Autodrome,de_vries,Nyck de Vries,AlphaTauri,15,18,Finished,0.0,57,0
2023,5,Miami International Autodrome,piastri,Oscar Piastri,McLaren,19,19,Lapped,0.0,56,1
2023,5,Miami International Autodrome,sargeant,Logan Sargeant,Williams,20,20,Lapped,0.0,56,1
2023,6,Circuit de Monaco,max_verstappen,Max Verstappen,Red Bull,1,1,Finished,25.0,78,0
2023,6,Circuit de Monaco,alonso,Fernando Alonso,Aston Martin,2,2,Finished,18.0,78,0
2023,6,Circuit de Monaco,ocon,Esteban Ocon,Alpine F1 Team,3,3,Finished,15.0,78,0
2023,6,Circuit de Monaco,hamilton,Lewis Hamilton,Mercedes,5,4,Finished,13.0,78,0
2023,6,Circuit de Monaco,russell,George Russell,Mercedes,8,5,Finished,10.0,78,0
2023,6,Circuit de Monaco,leclerc,Charles Leclerc,Ferrari,6,6,Finished,8.0,78,0
2023,6,Circuit de Monaco,gasly,Pierre Gasly,Alpine F1 Team,7,7,Finished,6.0,78,0
2023,6,Circuit de Monaco,sainz,Carlos Sainz,Ferrari,4,8,Finished,4.0,78,0
2023,6,Circuit de Monaco,norris,Lando Norris,McLaren,10,9,Lapped,2.0,77,1
2023,6,Circuit de Monaco,piastri,Oscar Piastri,McLaren,11,10,Lapped,1.0,77,1
2023,6,Circuit de Monaco,bottas,Valtteri Bottas,Alfa Romeo,15,11,Lapped,0.0,77,1
2023,6,Circuit de Monaco,de_vries,Nyck de Vries,AlphaTauri,12,12,Lapped,0.0,77,1
2023,6,Circuit de Monaco,zhou,Guanyu Zhou,Alfa Romeo,19,13,Lapped,0.0,77,1
2023,6,Circuit de Monaco,albon,Alexander Albon,Williams,13,14,Lapped,0.0,77,1
2023,6,Circuit de Monaco,tsunoda,Yuki Tsunoda,AlphaTauri,9,15,Lapped,0.0,76,1
2023,6,Circuit de Monaco,perez,Sergio Pérez,Red Bull,20,16,Lapped,0.0,76,1
2023,6,Circuit de Monaco,hulkenberg,Nico Hülkenberg,Haas F1 Team,18,17,Lapped,0.0,76,1
2023,6,Circuit de Monaco,sargeant,Logan Sargeant,Williams,16,18,Lapped,0.0,76,1
2023,6,Circuit de Monaco,kevin_magnussen,Kevin Magnussen,Haas F1 Team,17,19,Retired,0.0,70,1
2023,6,Circuit de Monaco,stroll,Lance Stroll,Aston Martin,14,20,Retired,0.0,53,1
2023,7,Circuit de Barcelona-Catalunya,max_verstappen,Max Verstappen,Red Bull,1,1,Finished,26.0,66,0
2023,7,Circuit de Barcelona-Catalunya,hamilton,Lewis Hamilton,Mercedes,4,2,Finished,18.0,66,0
2023,7,Circuit de Barcelona-Catalunya,russell,George Russell,Mercedes,12,3,Finished,15.0,66,0
2023,7,Circuit de Barcelona-Catalunya,perez,Sergio Pérez,Red Bull,11,4,Finished,12.0,66,0
2023,7,Circuit de Barcelona-Catalunya,sainz,Carlos Sainz,Ferrari,2,5,Finished,10.0,66,0
2023,7,Circuit de Barcelona-Catalunya,stroll,Lance Stroll,Aston Martin,5,6,Finished,8.0,66,0
2023,7,Circuit de Barcelona-Catalunya,alonso,Fernando Alonso,Aston Martin,8,7,Finished,6.0,66,0
2023,7,Circuit de Barcelona-Catalunya,ocon,Esteban Ocon,Alpine F1 Team,6,8,Finished,4.0,66,0
2023,7,Circuit de Barcelona-Catalunya,zhou,Guanyu Zhou,Alfa Romeo,13,9,Finished,2.0,66,0
2023,7,Circuit de Barcelona-Catalunya,gasly,Pierre Gasly,Alpine F1 Team,10,10,Finished,1.0,66,0
2023,7,Circuit de Barcelona-Catalunya,leclerc,Charles Leclerc,Ferrari,19,11,Finished,0.0,66,0
2023,7,Circuit de Barcelona-Catalunya,tsunoda,Yuki Tsunoda,AlphaTauri,15,12,Finished,0.0,66,0
2023,7,Circuit de Barcelona-Catalunya,piastri,Oscar Piastri,McLaren,9,13,Lapped,0.0,65,1
2023,7,Circuit de Barcelona-Catalunya,de_vries,Nyck de Vries,AlphaTauri,14,14,Lapped,0.0,65,1
2023,7,Circuit de Barcelona-Catalunya,hulkenberg,Nico Hülkenberg,Haas F1 Team,7,15,Lapped,0.0,65,1
2023,7,Circuit de Barcelona-Catalunya,albon,Alexander Albon,Williams,18,16,Lapped,0.0,65,1
2023,7,Circuit de Barcelona-Catalunya,norris,Lando Norris,McLaren,3,17,Lapped,0.0,65,1
2023,7,Circuit de Barcelona-Catalunya,kevin_magnussen,Kevin Magnussen,Haas F1 Team,17,18,Lapped,0.0,65,1
2023,7,Circuit de Barcelona-Catalunya,bottas,Valtteri Bottas,Alfa Romeo,16,19,Lapped,0.0,65,1
2023,7,Circuit de Barcelona-Catalunya,sargeant,Logan Sargeant,Williams,20,20,Lapped,0.0,65,1
2023,8,Circuit Gilles Villeneuve,max_verstappen,Max Verstappen,Red Bull,1,1,Finished,25.0,70,0
2023,8,Circuit Gilles Villeneuve,alonso,Fernando Alonso,Aston Martin,2,2,Finished,18.0,70,0
2023,8,Circuit Gilles Villeneuve,hamilton,Lewis Hamilton,Mercedes,3,3,Finished,15.0,70,0
2023,8,Circuit Gilles Villeneuve,leclerc,Charles Leclerc,Ferrari,10,4,Finished,12.0,70,0
2023,8,Circuit Gilles Villeneuve,sainz,Carlos Sainz,Ferrari,11,5,Finished,10.0,70,0
2023,8,Circuit Gilles Villeneuve,perez,Sergio Pérez,Red Bull,12,6,Finished,9.0,70,0
2023,8,Circuit Gilles Villeneuve,albon,Alexander Albon,Williams,9,7,Finished,6.0,70,0
2023,8,Circuit Gilles Villeneuve,ocon,Esteban Ocon,Alpine F1 Team,6,8,Finished,4.0,70,0
2023,8,Circuit Gilles Villeneuve,stroll,Lance Stroll,Aston Martin,16,9,Finished,2.0,70,0
2023,8,Circuit Gilles Villeneuve,bottas,Valtteri Bottas,Alfa Romeo,14,10,Finished,1.0,70,0
2023,8,Circuit Gilles Villeneuve,piastri,Oscar Piastri,McLaren,8,11,Finished,0.0,70,0
2023,8,Circuit Gilles Villeneuve,gasly,Pierre Gasly,Alpine F1 Team,15,12,Finished,0.0,70,0
2023,8,Circuit Gilles Villeneuve,norris,Lando Norris,McLaren,7,13,Finished,0.0,70,0
2023,8,Circuit Gilles Villeneuve,tsunoda,Yuki Tsunoda,AlphaTauri,19,14,Finished,0.0,70,0
2023,8,Circuit Gilles Villeneuve,hulkenberg,Nico Hülkenberg,Haas F1 Team,5,15,Lapped,0.0,69,1
2023,8,Circuit Gilles Villeneuve,zhou,Guanyu Zhou,Alfa Romeo,20,16,Lapped,0.0,69,1
2023,8,Circuit Gilles Villeneuve,kevin_magnussen,Kevin Magnussen,Haas F1 Team,13,17,Lapped,0.0,69,1
2023,8,Circuit Gilles Villeneuve,de_vries,Nyck de Vries,AlphaTauri,17,18,Lapped,0.0,69,1
2023,8,Circuit Gilles Villeneuve,russell,George Russell,Mercedes,4,19,Retired,0.0,53,1
2023,8,Circuit Gilles Villeneuve,sargeant,Logan Sargeant,Williams,18,20,Retired,0.0,6,1
2023,9,Red Bull Ring,max_verstappen,Max Verstappen,Red Bull,1,1,Finished,26.0,71,0
2023,9,Red Bull Ring,leclerc,Charles Leclerc,Ferrari,2,2,Finished,18.0,71,0
2023,9,Red Bull Ring,perez,Sergio Pérez,Red Bull,15,3,Finished,15.0,71,0
2023,9,Red Bull Ring,norris,Lando Norris,McLaren,4,4,Finished,12.0,71,0
2023,9,Red Bull Ring,alonso,Fernando Alonso,Aston Martin,7,5,Finished,10.0,71,0
2023,9,Red Bull Ring,sainz,Carlos Sainz,Ferrari,3,6,Finished,8.0,71,0
2023,9,Red Bull Ring,russell,George Russell,Mercedes,11,7,Finished,6.0,71,0
2023,9,Red Bull Ring,hamilton,Lewis Hamilton,Mercedes,5,8,Finished,4.0,71,0
2023,9,Red Bull Ring,stroll,Lance Stroll,Aston Martin,6,9,Finished,2.0,71,0
2023,9,Red Bull Ring,gasly,Pierre Gasly,Alpine F1 Team,9,10,Finished,1.0,71,0
2023,9,Red Bull Ring,albon,Alexander Albon,Williams,10,11,Finished,0.0,71,0
2023,9,Red Bull Ring,zhou,Guanyu Zhou,Alfa Romeo,17,12,Lapped,0.0,70,1
2023,9,Red Bull Ring,sargeant,Logan Sargeant,Williams,18,13,Lapped,0.0,70,1
2023,9,Red Bull Ring,ocon,Esteban Ocon,Alpine F1 Team,12,14,Lapped,0.0,70,1
2023,9,Red Bull Ring,bottas,Valtteri Bottas,Alfa Romeo,14,15,Lapped,0.0,70,1
2023,9,Red Bull Ring,piastri,Oscar Piastri,McLaren,13,16,Lapped,0.0,70,1
2023,9,Red Bull Ring,de_vries,Nyck de Vries,AlphaTauri,20,17,Lapped,0.0,70,1
2023,9,Red Bull Ring,kevin_magnussen,Kevin Magnussen,Haas F1 Team,19,18,Lapped,0.0,70,1
2023,9,Red Bull Ring,tsunoda,Yuki Tsunoda,AlphaTauri,16,19,Lapped,0.0,70,1
2023,9,Red Bull Ring,hulkenberg,Nico Hülkenberg,Haas F1 Team,8,20,Retired,0.0,12,1
2023,10,Silverstone Circuit,max_verstappen,Max Verstappen,Red Bull,1,1,Finished,26.0,52,0
2023,10,Silverstone Circuit,norris,Lando Norris,McLaren,2,2,Finished,18.0,52,0
2023,10,Silverstone Circuit,hamilton,Lewis Hamilton,Mercedes,7,3,Finished,15.0,52,0
2023,10,Silverstone Circuit,piastri,Oscar Piastri,McLaren,3,4,Finished,12.0,52,0
2023,10,Silverstone Circuit,russell,George Russell,Mercedes,6,5,Finished,10.0,52,0
2023,10,Silverstone Circuit,perez,Sergio Pérez,Red Bull,15,6,Finished,8.0,52,0
2023,10,Silverstone Circuit,alonso,Fernando Alonso,Aston Martin,9,7,Finished,6.0,52,0
2023,10,Silverstone Circuit,albon,Alexander Albon,Williams,8,8,Finished,4.0,52,0
2023,10,Silverstone Circuit,leclerc,Charles Leclerc,Ferrari,4,9,Finished,2.0,52,0
2023,10,Silverstone Circuit,sainz,Carlos Sainz,Ferrari,5,10,Finished,1.0,52,0
2023,10,Silverstone Circuit,sargeant,Logan Sargeant,Williams,14,11,Finished,0.0,52,0
2023,10,Silverstone Circuit,bottas,Valtteri Bottas,Alfa Romeo,20,12,Finished,0.0,52,0
2023,10,Silverstone Circuit,hulkenberg,Nico Hülkenberg,Haas F1 Team,11,13,Finished,0.0,52,0
2023,10,Silverstone Circuit,stroll,Lance Stroll,Aston Martin,12,14,Finished,0.0,52,0
2023,10,Silverstone Circuit,zhou,Guanyu Zhou,Alfa Romeo,17,15,Finished,0.0,52,0
2023,10,Silverstone Circuit,tsunoda,Yuki Tsunoda,AlphaTauri,16,16,Finished,0.0,52,0
2023,10,Silverstone Circuit,de_vries,Nyck de Vries,AlphaTauri,18,17,Finished,0.0,52,0
2023,10,Silverstone Circuit,gasly,Pierre Gasly,Alpine F1 Team,10,18,Retired,0.0,46,1
2023,10,Silverstone Circuit,kevin_magnussen,Kevin Magnussen,Haas F1 Team,19,19,Retired,0.0,31,1
2023,10,Silverstone Circuit,ocon,Esteban Ocon,Alpine F1 Team,13,20,Retired,0.0,9,1
2023,11,Hungaroring,max_verstappen,Max Verstappen,Red Bull,2,1,Finished,26.0,70,0
2023,11,Hungaroring,norris,Lando Norris,McLaren,3,2,Finished,18.0,70,0
2023,11,Hungaroring,perez,Sergio Pérez,Red Bull,9,3,Finished,15.0,70,0
2023,11,Hungaroring,hamilton,Lewis Hamilton,Mercedes,1,4,Finished,12.0,70,0
2023,11,Hungaroring,piastri,Oscar Piastri,McLaren,4,5,Finished,10.0,70,0
2023,11,Hungaroring,russell,George Russell,Mercedes,18,6,Finished,8.0,70,0
2023,11,Hungaroring,leclerc,Charles Leclerc,Ferrari,6,7,Finished,6.0,70,0
2023,11,Hungaroring,sainz,Carlos Sainz,Ferrari,11,8,Finished,4.0,70,0
2023,11,Hungaroring,alonso,Fernando Alonso,Aston Martin,8,9,Finished,2.0,70,0
2023,11,Hungaroring,stroll,Lance Stroll,Aston Martin,14,10,Lapped,1.0,69,1
2023,11,Hungaroring,albon,Alexander Albon,Williams,16,11,Lapped,0.0,69,1
2023,11,Hungaroring,bottas,Valtteri Bottas,Alfa Romeo,7,12,Lapped,0.0,69,1
2023,11,Hungaroring,ricciardo,Daniel Ricciardo,AlphaTauri,13,13,Lapped,0.0,69,1
2023,11,Hungaroring,hulkenberg,Nico Hülkenberg,Haas F1 Team,10,14,Lapped,0.0,69,1
2023,11,Hungaroring,tsunoda,Yuki Tsunoda,AlphaTauri,17,15,Lapped,0.0,69,1
2023,11,Hungaroring,zhou,Guanyu Zhou,Alfa Romeo,5,16,Lapped,0.0,69,1
2023,11,Hungaroring,kevin_magnussen,Kevin Magnussen,Haas F1 Team,19,17,Lapped,0.0,69,1
2023,11,Hungaroring,sargeant,Logan Sargeant,Williams,20,18,Retired,0.0,67,1
2023,11,Hungaroring,ocon,Esteban Ocon,Alpine F1 Team,12,19,Retired,0.0,2,1
2023,11,Hungaroring,gasly,Pierre Gasly,Alpine F1 Team,15,20,Retired,0.0,1,1
2023,12,Circuit de Spa-Francorchamps,max_verstappen,Max Verstappen,Red Bull,6,1,Finished,25.0,44,0
2023,12,Circuit de Spa-Francorchamps,perez,Sergio Pérez,Red Bull,2,2,Finished,18.0,44,0
2023,12,Circuit de Spa-Francorchamps,leclerc,Charles Leclerc,Ferrari,1,3,Finished,15.0,44,0
2023,12,Circuit de Spa-Francorchamps,hamilton,Lewis Hamilton,Mercedes,3,4,Finished,13.0,44,0
2023,12,Circuit de Spa-Francorchamps,alonso,Fernando Alonso,Aston Martin,9,5,Finished,10.0,44,0
2023,12,Circuit de Spa-Francorchamps,russell,George Russell,Mercedes,8,6,Finished,8.0,44,0
2023,12,Circuit de Spa-Francorchamps,norris,Lando Norris,McLaren,7,7,Finished,6.0,44,0
2023,12,Circuit de Spa-Francorchamps,ocon,Esteban Ocon,Alpine F1 Team,14,8,Finished,4.0,44,0
2023,12,Circuit de Spa-Francorchamps,stroll,Lance Stroll,Aston Martin,10,9,Finished,2.0,44,0
2023,12,Circuit de Spa-Francorchamps,tsunoda,Yuki Tsunoda,AlphaTauri,11,10,Finished,1.0,44,0
2023,12,Circuit de Spa-Francorchamps,gasly,Pierre Gasly,Alpine F1 Team,12,11,Finished,0.0,44,0
2023,12,Circuit de Spa-Francorchamps,bottas,Valtteri Bottas,Alfa Romeo,13,12,Finished,0.0,44,0
2023,12,Circuit de Spa-Francorchamps,zhou,Guanyu Zhou,Alfa Romeo,17,13,Finished,0.0,44,0
2023,12,Circuit de Spa-Francorchamps,albon,Alexander Albon,Williams,15,14,Finished,0.0,44,0
2023,12,Circuit de Spa-Francorchamps,kevin_magnussen,Kevin Magnussen,Haas F1 Team,16,15,Finished,0.0,44,0
2023,12,Circuit de Spa-Francorchamps,ricciardo,Daniel Ricciardo,AlphaTauri,19,16,Finished,0.0,44,0
2023,12,Circuit de Spa-Francorchamps,sargeant,Logan Sargeant,Williams,18,17,Finished,0.0,44,0
2023,12,Circuit de Spa-Francorchamps,hulkenberg,Nico Hülkenberg,Haas F1 Team,20,18,Finished,0.0,44,0
2023,12,Circuit de Spa-Francorchamps,sainz,Carlos Sainz,Ferrari,4,19,Retired,0.0,23,1
2023,12,Circuit de Spa-Francorchamps,piastri,Oscar Piastri,McLaren,5,20,Retired,0.0,0,1
2023,13,Circuit Park Zandvoort,max_verstappen,Max Verstappen,Red Bull,1,1,Finished,25.0,72,0
2023,13,Circuit Park Zandvoort,alonso,Fernando Alonso,Aston Martin,5,2,Finished,19.0,72,0
2023,13,Circuit Park Zandvoort,gasly,Pierre Gasly,Alpine F1 Team,12,3,Finished,15.0,72,0
2023,13,Circuit Park Zandvoort,perez,Sergio Pérez,Red Bull,7,4,Finished,12.0,72,0
2023,13,Circuit Park Zandvoort,sainz,Carlos Sainz,Ferrari,6,5,Finished,10.0,72,0
2023,13,Circuit Park Zandvoort,hamilton,Lewis Hamilton,Mercedes,13,6,Finished,8.0,72,0
2023,13,Circuit Park Zandvoort,norris,Lando Norris,McLaren,2,7,Finished,6.0,72,0
2023,13,Circuit Park Zandvoort,albon,Alexander Albon,Williams,4,8,Finished,4.0,72,0
2023,13,Circuit Park Zandvoort,piastri,Oscar Piastri,McLaren,8,9,Finished,2.0,72,0
2023,13,Circuit Park Zandvoort,ocon,Esteban Ocon,Alpine F1 Team,16,10,Finished,1.0,72,0
2023,13,Circuit Park Zandvoort,stroll,Lance Stroll,Aston Martin,11,11,Finished,0.0,72,0
2023,13,Circuit Park Zandvoort,hulkenberg,Nico Hülkenberg,Haas F1 Team,14,12,Finished,0.0,72,0
2023,13,Circuit Park Zandvoort,lawson,Liam Lawson,AlphaTauri,19,13,Finished,0.0,72,0
2023,13,Circuit Park Zandvoort,bottas,Valtteri Bottas,Alfa Romeo,18,14,Finished,0.0,72,0
2023,13,Circuit Park Zandvoort,tsunoda,Yuki Tsunoda,AlphaTauri,17,15,Finished,0.0,72,0
2023,13,Circuit Park Zandvoort,kevin_magnussen,Kevin Magnussen,Haas F1 Team,0,16,Finished,0.0,72,0
2023,13,Circuit Park Zandvoort,russell,George Russell,Mercedes,3,17,Finished,0.0,72,0
2023,13,Circuit Park Zandvoort,zhou,Guanyu Zhou,Alfa Romeo,15,18,Accident,0.0,62,1
2023,13,Circuit Park Zandvoort,leclerc,Charles Leclerc,Ferrari,9,19,Undertray,0.0,41,1
2023,13,Circuit Park Zandvoort,sargeant,Logan Sargeant,Williams,10,20,Accident,0.0,14,1
2023,14,Autodromo Nazionale di Monza,max_verstappen,Max Verstappen,Red Bull,2,1,Finished,25.0,51,0
2023,14,Autodromo Nazionale di Monza,perez,Sergio Pérez,Red Bull,5,2,Finished,18.0,51,0
2023,14,Autodromo Nazionale di Monza,sainz,Carlos Sainz,Ferrari,1,3,Finished,15.0,51,0
2023,14,Autodromo Nazionale di Monza,leclerc,Charles Leclerc,Ferrari,3,4,Finished,12.0,51,0
2023,14,Autodromo Nazionale di Monza,russell,George Russell,Mercedes,4,5,Finished,10.0,51,0
2023,14,Autodromo Nazionale di Monza,hamilton,Lewis Hamilton,Mercedes,8,6,Finished,8.0,51,0
2023,14,Autodromo Nazionale di Monza,albon,Alexander Albon,Williams,6,7,Finished,6.0,51,0
2023,14,Autodromo Nazionale di Monza,norris,Lando Norris,McLaren,9,8,Finished,4.0,51,0
2023,14,Autodromo Nazionale di Monza,alonso,Fernando Alonso,Aston Martin,10,9,Finished,2.0,51,0
2023,14,Autodromo Nazionale di Monza,bottas,Valtteri Bottas,Alfa Romeo,14,10,Finished,1.0,51,0
2023,14,Autodromo Nazionale di Monza,lawson,Liam Lawson,AlphaTauri,12,11,Finished,0.0,51,0
2023,14,Autodromo Nazionale di Monza,piastri,Oscar Piastri,McLaren,7,12,Finished,0.0,51,0
2023,14,Autodromo Nazionale di Monza,sargeant,Logan Sargeant,Williams,15,13,Finished,0.0,51,0
2023,14,Autodromo Nazionale di Monza,zhou,Guanyu Zhou,Alfa Romeo,16,14,Finished,0.0,51,0
2023,14,Autodromo Nazionale di Monza,gasly,Pierre Gasly,Alpine F1 Team,17,15,Finished,0.0,51,0
2023,14,Autodromo Nazionale di Monza,stroll,Lance Stroll,Aston Martin,20,16,Finished,0.0,51,0
2023,14,Autodromo Nazionale di Monza,hulkenberg,Nico Hülkenberg,Haas F1 Team,13,17,Lapped,0.0,50,1
2023,14,Autodromo Nazionale di Monza,kevin_magnussen,Kevin Magnussen,Haas F1 Team,19,18,Lapped,0.0,50,1
2023,14,Autodromo Nazionale di Monza,ocon,Esteban Ocon,Alpine F1 Team,18,19,Retired,0.0,39,1
2023,14,Autodromo Nazionale di Monza,tsunoda,Yuki Tsunoda,AlphaTauri,11,20,Did not start,0.0,0,1
2023,15,Marina Bay Street Circuit,sainz,Carlos Sainz,Ferrari,1,1,Finished,25.0,62,0
2023,15,Marina Bay Street Circuit,norris,Lando Norris,McLaren,4,2,Finished,18.0,62,0
2023,15,Marina Bay Street Circuit,hamilton,Lewis Hamilton,Mercedes,5,3,Finished,16.0,62,0
2023,15,Marina Bay Street Circuit,leclerc,Charles Leclerc,Ferrari,3,4,Finished,12.0,62,0
2023,15,Marina Bay Street Circuit,max_verstappen,Max Verstappen,Red Bull,11,5,Finished,10.0,62,0
2023,15,Marina Bay Street Circuit,gasly,Pierre Gasly,Alpine F1 Team,12,6,Finished,8.0,62,0
2023,15,Marina Bay Street Circuit,piastri,Oscar Piastri,McLaren,17,7,Finished,6.0,62,0
2023,15,Marina Bay Street Circuit,perez,Sergio Pérez,Red Bull,13,8,Finished,4.0,62,0
2023,15,Marina Bay Street Circuit,lawson,Liam Lawson,AlphaTauri,10,9,Finished,2.0,62,0
2023,15,Marina Bay Street Circuit,kevin_magnussen,Kevin Magnussen,Haas F1 Team,6,10,Finished,1.0,62,0
2023,15,Marina Bay Street Circuit,albon,Alexander Albon,Williams,14,11,Finished,0.0,62,0
2023,15,Marina Bay Street Circuit,zhou,Guanyu Zhou,Alfa Romeo,19,12,Finished,0.0,62,0
2023,15,Marina Bay Street Circuit,hulkenberg,Nico Hülkenberg,Haas F1 Team,9,13,Finished,0.0,62,0
2023,15,Marina Bay Street Circuit,sargeant,Logan Sargeant,Williams,18,14,Finished,0.0,62,0
2023,15,Marina Bay Street Circuit,alonso,Fernando Alonso,Aston Martin,7,15,Finished,0.0,62,0
2023,15,Marina Bay Street Circuit,russell,George Russell,Mercedes,2,16,Retired,0.0,61,1
2023,15,Marina Bay Street Circuit,bottas,Valtteri Bottas,Alfa Romeo,16,17,Retired,0.0,51,1
2023,15,Marina Bay Street Circuit,ocon,Esteban Ocon,Alpine F1 Team,8,18,Retired,0.0,42,1
2023,15,Marina Bay Street Circuit,tsunoda,Yuki Tsunoda,AlphaTauri,15,19,Retired,0.0,0,1
2023,15,Marina Bay Street Circuit,stroll,Lance Stroll,Aston Martin,0,20,Withdrew,0.0,0,1
2023,16,Suzuka Circuit,max_verstappen,Max Verstappen,Red Bull,1,1,Finished,26.0,53,0
2023,16,Suzuka Circuit,norris,Lando Norris,McLaren,3,2,Finished,18.0,53,0
2023,16,Suzuka Circuit,piastri,Oscar Piastri,McLaren,2,3,Finished,15.0,53,0
2023,16,Suzuka Circuit,leclerc,Charles Leclerc,Ferrari,4,4,Finished,12.0,53,0
2023,16,Suzuka Circuit,hamilton,Lewis Hamilton,Mercedes,7,5,Finished,10.0,53,0
2023,16,Suzuka Circuit,sainz,Carlos Sainz,Ferrari,6,6,Finished,8.0,53,0
2023,16,Suzuka Circuit,russell,George Russell,Mercedes,8,7,Finished,6.0,53,0
2023,16,Suzuka Circuit,alonso,Fernando Alonso,Aston Martin,10,8,Finished,4.0,53,0
2023,16,Suzuka Circuit,ocon,Esteban Ocon,Alpine F1 Team,14,9,Finished,2.0,53,0
2023,16,Suzuka Circuit,gasly,Pierre Gasly,Alpine F1 Team,12,10,Finished,1.0,53,0
2023,16,Suzuka Circuit,lawson,Liam Lawson,AlphaTauri,11,11,Lapped,0.0,52,1
2023,16,Suzuka Circuit,tsunoda,Yuki Tsunoda,AlphaTauri,9,12,Lapped,0.0,52,1
2023,16,Suzuka Circuit,zhou,Guanyu Zhou,Alfa Romeo,19,13,Lapped,0.0,52,1
2023,16,Suzuka Circuit,hulkenberg,Nico Hülkenberg,Haas F1 Team,18,14,Lapped,0.0,52,1
2023,16,Suzuka Circuit,kevin_magnussen,Kevin Magnussen,Haas F1 Team,15,15,Lapped,0.0,52,1
2023,16,Suzuka Circuit,albon,Alexander Albon,Williams,13,16,Retired,0.0,26,1
2023,16,Suzuka Circuit,sargeant,Logan Sargeant,Williams,20,17,Retired,0.0,22,1
2023,16,Suzuka Circuit,stroll,Lance Stroll,Aston Martin,17,18,Retired,0.0,20,1
2023,16,Suzuka Circuit,perez,Sergio Pérez,Red Bull,5,19,Retired,0.0,15,1
2023,16,Suzuka Circuit,bottas,Valtteri Bottas,Alfa Romeo,16,20,Retired,0.0,7,1
2023,17,Losail International Circuit,max_verstappen,Max Verstappen,Red Bull,1,1,Finished,26.0,57,0
2023,17,Losail International Circuit,piastri,Oscar Piastri,McLaren,6,2,Finished,18.0,57,0
2023,17,Losail International Circuit,norris,Lando Norris,McLaren,10,3,Finished,15.0,57,0
2023,17,Losail International Circuit,russell,George Russell,Mercedes,2,4,Finished,12.0,57,0
2023,17,Losail International Circuit,leclerc,Charles Leclerc,Ferrari,5,5,Finished,10.0,57,0
2023,17,Losail International Circuit,alonso,Fernando Alonso,Aston Martin,4,6,Finished,8.0,57,0
2023,17,Losail International Circuit,ocon,Esteban Ocon,Alpine F1 Team,8,7,Finished,6.0,57,0
2023,17,Losail International Circuit,bottas,Valtteri Bottas,Alfa Romeo,9,8,Finished,4.0,57,0
2023,17,Losail International Circuit,zhou,Guanyu Zhou,Alfa Romeo,19,9,Finished,2.0,57,0
2023,17,Losail International Circuit,perez,Sergio Pérez,Red Bull,20,10,Finished,1.0,57,0
2023,17,Losail International Circuit,stroll,Lance Stroll,Aston Martin,16,11,Finished,0.0,57,0
2023,17,Losail International Circuit,gasly,Pierre Gasly,Alpine F1 Team,7,12,Finished,0.0,57,0
2023,17,Losail International Circuit,albon,Alexander Albon,Williams,13,13,Finished,0.0,57,0
2023,17,Losail International Circuit,kevin_magnussen,Kevin Magnussen,Haas F1 Team,18,14,Lapped,0.0,56,1
2023,17,Losail International Circuit,tsunoda,Yuki Tsunoda,AlphaTauri,11,15,Lapped,0.0,56,1
2023,17,Losail International Circuit,hulkenberg,Nico Hülkenberg,Haas F1 Team,14,16,Lapped,0.0,56,1
2023,17,Losail International Circuit,lawson,Liam Lawson,AlphaTauri,17,17,Lapped,0.0,56,1
2023,17,Losail International Circuit,sargeant,Logan Sargeant,Williams,15,18,Retired,0.0,40,1
2023,17,Losail International Circuit,hamilton,Lewis Hamilton,Mercedes,3,19,Retired,0.0,0,1
2023,17,Losail International Circuit,sainz,Carlos Sainz,Ferrari,12,20,Did not start,0.0,0,1
2023,18,Circuit of the Americas,max_verstappen,Max Verstappen,Red Bull,6,1,Finished,25.0,56,0
2023,18,Circuit of the Americas,norris,Lando Norris,McLaren,2,2,Finished,18.0,56,0
2023,18,Circuit of the Americas,sainz,Carlos Sainz,Ferrari,4,3,Finished,15.0,56,0
2023,18,Circuit of the Americas,perez,Sergio Pérez,Red Bull,9,4,Finished,12.0,56,0
2023,18,Circuit of the Americas,russell,George Russell,Mercedes,5,5,Finished,10.0,56,0
2023,18,Circuit of the Americas,gasly,Pierre Gasly,Alpine F1 Team,7,6,Finished,8.0,56,0
2023,18,Circuit of the Americas,stroll,Lance Stroll,Aston Martin,20,7,Finished,6.0,56,0
2023,18,Circuit of the Americas,tsunoda,Yuki Tsunoda,AlphaTauri,11,8,Finished,5.0,56,0
2023,18,Circuit of the Americas,albon,Alexander Albon,Williams,15,9,Finished,2.0,56,0
2023,18,Circuit of the Americas,sargeant,Logan Sargeant,Williams,16,10,Finished,1.0,56,0
2023,18,Circuit of the Americas,hulkenberg,Nico Hülkenberg,Haas F1 Team,18,11,Finished,0.0,56,0
2023,18,Circuit of the Americas,bottas,Valtteri Bottas,Alfa Romeo,13,12,Finished,0.0,56,0
2023,18,Circuit of the Americas,zhou,Guanyu Zhou,Alfa Romeo,12,13,Lapped,0.0,55,1
2023,18,Circuit of the Americas,kevin_magnussen,Kevin Magnussen,Haas F1 Team,17,14,Lapped,0.0,55,1
2023,18,Circuit of the Americas,ricciardo,Daniel Ricciardo,AlphaTauri,14,15,Lapped,0.0,55,1
2023,18,Circuit of the Americas,alonso,Fernando Alonso,Aston Martin,19,16,Retired,0.0,49,1
2023,18,Circuit of the Americas,piastri,Oscar Piastri,McLaren,10,17,Retired,0.0,10,1
2023,18,Circuit of the Americas,ocon,Esteban Ocon,Alpine F1 Team,8,18,Retired,0.0,6,1
2023,18,Circuit of the Americas,hamilton,Lewis Hamilton,Mercedes,3,19,Disqualified,0.0,56,1
2023,18,Circuit of the Americas,leclerc,Charles Leclerc,Ferrari,1,20,Disqualified,0.0,56,1
2023,19,Autódromo Hermanos Rodríguez,max_verstappen,Max Verstappen,Red Bull,3,1,Finished,25.0,71,0
2023,19,Autódromo Hermanos Rodríguez,hamilton,Lewis Hamilton,Mercedes,6,2,Finished,19.0,71,0
2023,19,Autódromo Hermanos Rodríguez,leclerc,Charles Leclerc,Ferrari,1,3,Finished,15.0,71,0
2023,19,Autódromo Hermanos Rodríguez,sainz,Carlos Sainz,Ferrari,2,4,Finished,12.0,71,0
2023,19,Autódromo Hermanos Rodríguez,norris,Lando Norris,McLaren,17,5,Finished,10.0,71,0
2023,19,Autódromo Hermanos Rodríguez,russell,George Russell,Mercedes,8,6,Finished,8.0,71,0
2023,19,Autódromo Hermanos Rodríguez,ricciardo,Daniel Ricciardo,AlphaTauri,4,7,Finished,6.0,71,0
2023,19,Autódromo Hermanos Rodríguez,piastri,Oscar Piastri,McLaren,7,8,Finished,4.0,71,0
2023,19,Autódromo Hermanos Rodríguez,albon,Alexander Albon,Williams,14,9,Finished,2.0,71,0
2023,19,Autódromo Hermanos Rodríguez,ocon,Esteban Ocon,Alpine F1 Team,15,10,Finished,1.0,71,0
2023,19,Autódromo Hermanos Rodríguez,gasly,Pierre Gasly,Alpine F1 Team,11,11,Finished,0.0,71,0
2023,19,Autódromo Hermanos Rodríguez,tsunoda,Yuki Tsunoda,AlphaTauri,18,12,Finished,0.0,71,0
2023,19,Autódromo Hermanos Rodríguez,hulkenberg,Nico Hülkenberg,Haas F1 Team,12,13,Finished,0.0,71,0
2023,19,Autódromo Hermanos Rodríguez,zhou,Guanyu Zhou,Alfa Romeo,10,14,Finished,0.0,71,0
2023,19,Autódromo Hermanos Rodríguez,bottas,Valtteri Bottas,Alfa Romeo,9,15,Finished,0.0,71,0
2023,19,Autódromo Hermanos Rodríguez,sargeant,Logan Sargeant,Williams,19,16,Retired,0.0,70,1
2023,19,Autódromo Hermanos Rodríguez,stroll,Lance Stroll,Aston Martin,0,17,Collision damage,0.0,66,1
2023,19,Autódromo Hermanos Rodríguez,alonso,Fernando Alonso,Aston Martin,13,18,Withdrew,0.0,47,1
2023,19,Autódromo Hermanos Rodríguez,kevin_magnussen,Kevin Magnussen,Haas F1 Team,16,19,Accident,0.0,31,1
2023,19,Autódromo Hermanos Rodríguez,perez,Sergio Pérez,Red Bull,5,20,Collision damage,0.0,1,1
2023,20,Autódromo José Carlos Pace,max_verstappen,Max Verstappen,Red Bull,1,1,Finished,25.0,71,0
2023,20,Autódromo José Carlos Pace,norris,Lando Norris,McLaren,6,2,Finished,19.0,71,0
2023,20,Autódromo José Carlos Pace,alonso,Fernando Alonso,Aston Martin,4,3,Finished,15.0,71,0
2023,20,Autódromo José Carlos Pace,perez,Sergio Pérez,Red Bull,9,4,Finished,12.0,71,0
2023,20,Autódromo José Carlos Pace,stroll,Lance Stroll,Aston Martin,3,5,Finished,10.0,71,0
2023,20,Autódromo José Carlos Pace,sainz,Carlos Sainz,Ferrari,7,6,Finished,8.0,71,0
2023,20,Autódromo José Carlos Pace,gasly,Pierre Gasly,Alpine F1 Team,15,7,Finished,6.0,71,0
2023,20,Autódromo José Carlos Pace,hamilton,Lewis Hamilton,Mercedes,5,8,Finished,4.0,71,0
2023,20,Autódromo José Carlos Pace,tsunoda,Yuki Tsunoda,AlphaTauri,16,9,Finished,2.0,71,0
2023,20,Autódromo José Carlos Pace,ocon,Esteban Ocon,Alpine F1 Team,14,10,Lapped,1.0,70,1
2023,20,Autódromo José Carlos Pace,sargeant,Logan Sargeant,Williams,19,11,Lapped,0.0,70,1
2023,20,Autódromo José Carlos Pace,hulkenberg,Nico Hülkenberg,Haas F1 Team,11,12,Lapped,0.0,70,1
2023,20,Autódromo José Carlos Pace,ricciardo,Daniel Ricciardo,AlphaTauri,17,13,Lapped,0.0,70,1
2023,20,Autódromo José Carlos Pace,piastri,Oscar Piastri,McLaren,10,14,Lapped,0.0,69,1
2023,20,Autódromo José Carlos Pace,russell,George Russell,Mercedes,8,15,Retired,0.0,57,1
2023,20,Autódromo José Carlos Pace,bottas,Valtteri Bottas,Alfa Romeo,18,16,Retired,0.0,39,1
2023,20,Autódromo José Carlos Pace,zhou,Guanyu Zhou,Alfa Romeo,20,17,Retired,0.0,22,1
2023,20,Autódromo José Carlos Pace,kevin_magnussen,Kevin Magnussen,Haas F1 Team,12,18,Retired,0.0,0,1
2023,20,Autódromo José Carlos Pace,albon,Alexander Albon,Williams,13,19,Retired,0.0,0,1
2023,20,Autódromo José Carlos Pace,leclerc,Charles Leclerc,Ferrari,2,20,Did not start,0.0,0,1
2023,21,Las Vegas Strip Street Circuit,max_verstappen,Max Verstappen,Red Bull,2,1,Finished,25.0,50,0
2023,21,Las Vegas Strip Street Circuit,leclerc,Charles Leclerc,Ferrari,1,2,Finished,18.0,50,0
2023,21,Las Vegas Strip Street Circuit,perez,Sergio Pérez,Red Bull,11,3,Finished,15.0,50,0
2023,21,Las Vegas Strip Street Circuit,ocon,Esteban Ocon,Alpine F1 Team,16,4,Finished,12.0,50,0
2023,21,Las Vegas Strip Street Circuit,stroll,Lance Stroll,Aston Martin,19,5,Finished,10.0,50,0
2023,21,Las Vegas Strip Street Circuit,sainz,Carlos Sainz,Ferrari,12,6,Finished,8.0,50,0
2023,21,Las Vegas Strip Street Circuit,hamilton,Lewis Hamilton,Mercedes,10,7,Finished,6.0,50,0
2023,21,Las Vegas Strip Street Circuit,russell,George Russell,Mercedes,3,8,Finished,4.0,50,0
2023,21,Las Vegas Strip Street Circuit,alonso,Fernando Alonso,Aston Martin,9,9,Finished,2.0,50,0
2023,21,Las Vegas Strip Street Circuit,piastri,Oscar Piastri,McLaren,18,10,Finished,2.0,50,0
2023,21,Las Vegas Strip Street Circuit,gasly,Pierre Gasly,Alpine F1 Team,4,11,Finished,0.0,50,0
2023,21,Las Vegas Strip Street Circuit,albon,Alexander Albon,Williams,5,12,Finished,0.0,50,0
2023,21,Las Vegas Strip Street Circuit,kevin_magnussen,Kevin Magnussen,Haas F1 Team,8,13,Finished,0.0,50,0
2023,21,Las Vegas Strip Street Circuit,ricciardo,Daniel Ricciardo,AlphaTauri,14,14,Finished,0.0,50,0
2023,21,Las Vegas Strip Street Circuit,zhou,Guanyu Zhou,Alfa Romeo,17,15,Finished,0.0,50,0
2023,21,Las Vegas Strip Street Circuit,sargeant,Logan Sargeant,Williams,6,16,Finished,0.0,50,0
2023,21,Las Vegas Strip Street Circuit,bottas,Valtteri Bottas,Alfa Romeo,7,17,Finished,0.0,50,0
2023,21,Las Vegas Strip Street Circuit,tsunoda,Yuki Tsunoda,AlphaTauri,20,18,Retired,0.0,46,1
2023,21,Las Vegas Strip Street Circuit,hulkenberg,Nico Hülkenberg,Haas F1 Team,13,19,Retired,0.0,45,1
2023,21,Las Vegas Strip Street Circuit,norris,Lando Norris,McLaren,15,20,Retired,0.0,2,1
2023,22,Yas Marina Circuit,max_verstappen,Max Verstappen,Red Bull,1,1,Finished,26.0,58,0
2023,22,Yas Marina Circuit,leclerc,Charles Leclerc,Ferrari,2,2,Finished,18.0,58,0
2023,22,Yas Marina Circuit,russell,George Russell,Mercedes,4,3,Finished,15.0,58,0
2023,22,Yas Marina Circuit,perez,Sergio Pérez,Red Bull,9,4,Finished,12.0,58,0
2023,22,Yas Marina Circuit,norris,Lando Norris,McLaren,5,5,Finished,10.0,58,0
2023,22,Yas Marina Circuit,piastri,Oscar Piastri,McLaren,3,6,Finished,8.0,58,0
2023,22,Yas Marina Circuit,alonso,Fernando Alonso,Aston Martin,7,7,Finished,6.0,58,0
2023,22,Yas Marina Circuit,tsunoda,Yuki Tsunoda,AlphaTauri,6,8,Finished,4.0,58,0
2023,22,Yas Marina Circuit,hamilton,Lewis Hamilton,Mercedes,11,9,Finished,2.0,58,0
2023,22,Yas Marina Circuit,stroll,Lance Stroll,Aston Martin,13,10,Finished,1.0,58,0
2023,22,Yas Marina Circuit,ricciardo,Daniel Ricciardo,AlphaTauri,15,11,Finished,0.0,58,0
2023,22,Yas Marina Circuit,ocon,Esteban Ocon,Alpine F1 Team,12,12,Finished,0.0,58,0
2023,22,Yas Marina Circuit,gasly,Pierre Gasly,Alpine F1 Team,10,13,Finished,0.0,58,0
2023,22,Yas Marina Circuit,albon,Alexander Albon,Williams,14,14,Finished,0.0,58,0
2023,22,Yas Marina Circuit,hulkenberg,Nico Hülkenberg,Haas F1 Team,8,15,Finished,0.0,58,0
2023,22,Yas Marina Circuit,sargeant,Logan Sargeant,Williams,20,16,Finished,0.0,58,0
2023,22,Yas Marina Circuit,zhou,Guanyu Zhou,Alfa Romeo,19,17,Finished,0.0,58,0
2023,22,Yas Marina Circuit,sainz,Carlos Sainz,Ferrari,16,18,Retired,0.0,57,1
2023,22,Yas Marina Circuit,bottas,Valtteri Bottas,Alfa Romeo,18,19,Lapped,0.0,57,1
2023,22,Yas Marina Circuit,kevin_magnussen,Kevin Magnussen,Haas F1 Team,17,20,Lapped,0.0,57,1
2024,1,Bahrain International Circuit,max_verstappen,Max Verstappen,Red Bull,1,1,Finished,26.0,57,0
2024,1,Bahrain International Circuit,perez,Sergio Pérez,Red Bull,5,2,Finished,18.0,57,0
2024,1,Bahrain International Circuit,sainz,Carlos Sainz,Ferrari,4,3,Finished,15.0,57,0
2024,1,Bahrain International Circuit,leclerc,Charles Leclerc,Ferrari,2,4,Finished,12.0,57,0
2024,1,Bahrain International Circuit,russell,George Russell,Mercedes,3,5,Finished,10.0,57,0
2024,1,Bahrain International Circuit,norris,Lando Norris,McLaren,7,6,Finished,8.0,57,0
2024,1,Bahrain International Circuit,hamilton,Lewis Hamilton,Mercedes,9,7,Finished,6.0,57,0
2024,1,Bahrain International Circuit,piastri,Oscar Piastri,McLaren,8,8,Finished,4.0,57,0
2024,1,Bahrain International Circuit,alonso,Fernando Alonso,Aston Martin,6,9,Finished,2.0,57,0
2024,1,Bahrain International Circuit,stroll,Lance Stroll,Aston Martin,12,10,Finished,1.0,57,0
2024,1,Bahrain International Circuit,zhou,Guanyu Zhou,Sauber,17,11,Lapped,0.0,56,1
2024,1,Bahrain International Circuit,kevin_magnussen,Kevin Magnussen,Haas F1 Team,15,12,Lapped,0.0,56,1
2024,1,Bahrain International Circuit,ricciardo,Daniel Ricciardo,RB F1 Team,14,13,Lapped,0.0,56,1
2024,1,Bahrain International Circuit,tsunoda,Yuki Tsunoda,RB F1 Team,11,14,Lapped,0.0,56,1
2024,1,Bahrain International Circuit,albon,Alexander Albon,Williams,13,15,Lapped,0.0,56,1
2024,1,Bahrain International Circuit,hulkenberg,Nico Hülkenberg,Haas F1 Team,10,16,Lapped,0.0,56,1
2024,1,Bahrain International Circuit,ocon,Esteban Ocon,Alpine F1 Team,19,17,Lapped,0.0,56,1
2024,1,Bahrain International Circuit,gasly,Pierre Gasly,Alpine F1 Team,20,18,Lapped,0.0,56,1
2024,1,Bahrain International Circuit,bottas,Valtteri Bottas,Sauber,16,19,Lapped,0.0,56,1
2024,1,Bahrain International Circuit,sargeant,Logan Sargeant,Williams,18,20,Lapped,0.0,55,1
2024,2,Jeddah Corniche Circuit,max_verstappen,Max Verstappen,Red Bull,1,1,Finished,25.0,50,0
2024,2,Jeddah Corniche Circuit,perez,Sergio Pérez,Red Bull,3,2,Finished,18.0,50,0
2024,2,Jeddah Corniche Circuit,leclerc,Charles Leclerc,Ferrari,2,3,Finished,16.0,50,0
2024,2,Jeddah Corniche Circuit,piastri,Oscar Piastri,McLaren,5,4,Finished,12.0,50,0
2024,2,Jeddah Corniche Circuit,alonso,Fernando Alonso,Aston Martin,4,5,Finished,10.0,50,0
2024,2,Jeddah Corniche Circuit,russell,George Russell,Mercedes,7,6,Finished,8.0,50,0
2024,2,Jeddah Corniche Circuit,bearman,Oliver Bearman,Ferrari,11,7,Finished,6.0,50,0
2024,2,Jeddah Corniche Circuit,norris,Lando Norris,McLaren,6,8,Finished,4.0,50,0
2024,2,Jeddah Corniche Circuit,hamilton,Lewis Hamilton,Mercedes,8,9,Finished,2.0,50,0
2024,2,Jeddah Corniche Circuit,hulkenberg,Nico Hülkenberg,Haas F1 Team,15,10,Finished,1.0,50,0
2024,2,Jeddah Corniche Circuit,albon,Alexander Albon,Williams,12,11,Finished,0.0,50,0
2024,2,Jeddah Corniche Circuit,kevin_magnussen,Kevin Magnussen,Haas F1 Team,13,12,Finished,0.0,50,0
2024,2,Jeddah Corniche Circuit,ocon,Esteban Ocon,Alpine F1 Team,17,13,Lapped,0.0,49,1
2024,2,Jeddah Corniche Circuit,sargeant,Logan Sargeant,Williams,19,14,Lapped,0.0,49,1
2024,2,Jeddah Corniche Circuit,tsunoda,Yuki Tsunoda,RB F1 Team,9,15,Lapped,0.0,49,1
2024,2,Jeddah Corniche Circuit,ricciardo,Daniel Ricciardo,RB F1 Team,14,16,Lapped,0.0,49,1
2024,2,Jeddah Corniche Circuit,bottas,Valtteri Bottas,Sauber,16,17,Lapped,0.0,49,1
2024,2,Jeddah Corniche Circuit,zhou,Guanyu Zhou,Sauber,20,18,Lapped,0.0,49,1
2024,2,Jeddah Corniche Circuit,stroll,Lance Stroll,Aston Martin,10,19,Retired,0.0,5,1
2024,2,Jeddah Corniche Circuit,gasly,Pierre Gasly,Alpine F1 Team,18,20,Retired,0.0,1,1
2024,3,Albert Park Grand Prix Circuit,sainz,Carlos Sainz,Ferrari,2,1,Finished,25.0,58,0
2024,3,Albert Park Grand Prix Circuit,leclerc,Charles Leclerc,Ferrari,4,2,Finished,19.0,58,0
2024,3,Albert Park Grand Prix Circuit,norris,Lando Norris,McLaren,3,3,Finished,15.0,58,0
2024,3,Albert Park Grand Prix Circuit,piastri,Oscar Piastri,McLaren,5,4,Finished,12.0,58,0
2024,3,Albert Park Grand Prix Circuit,perez,Sergio Pérez,Red Bull,6,5,Finished,10.0,58,0
2024,3,Albert Park Grand Prix Circuit,stroll,Lance Stroll,Aston Martin,9,6,Finished,8.0,58,0
2024,3,Albert Park Grand Prix Circuit,tsunoda,Yuki Tsunoda,RB F1 Team,8,7,Finished,6.0,58,0
2024,3,Albert Park Grand Prix Circuit,alonso,Fernando Alonso,Aston Martin,10,8,Finished,4.0,58,0
2024,3,Albert Park Grand Prix Circuit,hulkenberg,Nico Hülkenberg,Haas F1 Team,16,9,Finished,2.0,58,0
2024,3,Albert Park Grand Prix Circuit,kevin_magnussen,Kevin Magnussen,Haas F1 Team,14,10,Lapped,1.0,57,1
2024,3,Albert Park Grand Prix Circuit,albon,Alexander Albon,Williams,12,11,Lapped,0.0,57,1
2024,3,Albert Park Grand Prix Circuit,ricciardo,Daniel Ricciardo,RB F1 Team,18,12,Lapped,0.0,57,1
2024,3,Albert Park Grand Prix Circuit,gasly,Pierre Gasly,Alpine F1 Team,17,13,Lapped,0.0,57,1
2024,3,Albert Park Grand Prix Circuit,bottas,Valtteri Bottas,Sauber,13,14,Lapped,0.0,57,1
2024,3,Albert Park Grand Prix Circuit,zhou,Guanyu Zhou,Sauber,19,15,Lapped,0.0,57,1
2024,3,Albert Park Grand Prix Circuit,ocon,Esteban Ocon,Alpine F1 Team,15,16,Lapped,0.0,57,1
2024,3,Albert Park Grand Prix Circuit,russell,George Russell,Mercedes,7,17,Retired,0.0,56,1
2024,3,Albert Park Grand Prix Circuit,hamilton,Lewis Hamilton,Mercedes,11,18,Retired,0.0,15,1
2024,3,Albert Park Grand Prix Circuit,max_verstappen,Max Verstappen,Red Bull,1,19,Retired,0.0,3,1
2024,4,Suzuka Circuit,max_verstappen,Max Verstappen,Red Bull,1,1,Finished,26.0,53,0
2024,4,Suzuka Circuit,perez,Sergio Pérez,Red Bull,2,2,Finished,18.0,53,0
2024,4,Suzuka Circuit,sainz,Carlos Sainz,Ferrari,4,3,Finished,15.0,53,0
2024,4,Suzuka Circuit,leclerc,Charles Leclerc,Ferrari,8,4,Finished,12.0,53,0
2024,4,Suzuka Circuit,norris,Lando Norris,McLaren,3,5,Finished,10.0,53,0
2024,4,Suzuka Circuit,alonso,Fernando Alonso,Aston Martin,5,6,Finished,8.0,53,0
2024,4,Suzuka Circuit,russell,George Russell,Mercedes,9,7,Finished,6.0,53,0
2024,4,Suzuka Circuit,piastri,Oscar Piastri,McLaren,6,8,Finished,4.0,53,0
2024,4,Suzuka Circuit,hamilton,Lewis Hamilton,Mercedes,7,9,Finished,2.0,53,0
2024,4,Suzuka Circuit,tsunoda,Yuki Tsunoda,RB F1 Team,10,10,Lapped,1.0,52,1
2024,4,Suzuka Circuit,hulkenberg,Nico Hülkenberg,Haas F1 Team,12,11,Lapped,0.0,52,1
2024,4,Suzuka Circuit,stroll,Lance Stroll,Aston Martin,16,12,Lapped,0.0,52,1
2024,4,Suzuka Circuit,kevin_magnussen,Kevin Magnussen,Haas F1 Team,18,13,Lapped,0.0,52,1
2024,4,Suzuka Circuit,bottas,Valtteri Bottas,Sauber,13,14,Lapped,0.0,52,1
2024,4,Suzuka Circuit,ocon,Esteban Ocon,Alpine F1 Team,15,15,Lapped,0.0,52,1
2024,4,Suzuka Circuit,gasly,Pierre Gasly,Alpine F1 Team,17,16,Lapped,0.0,52,1
2024,4,Suzuka Circuit,sargeant,Logan Sargeant,Williams,19,17,Lapped,0.0,52,1
2024,4,Suzuka Circuit,zhou,Guanyu Zhou,Sauber,20,18,Retired,0.0,12,1
2024,4,Suzuka Circuit,ricciardo,Daniel Ricciardo,RB F1 Team,11,19,Retired,0.0,0,1
2024,4,Suzuka Circuit,albon,Alexander Albon,Williams,14,20,Retired,0.0,0,1
2024,5,Shanghai International Circuit,max_verstappen,Max Verstappen,Red Bull,1,1,Finished,25.0,56,0
2024,5,Shanghai International Circuit,norris,Lando Norris,McLaren,4,2,Finished,18.0,56,0
2024,5,Shanghai International Circuit,perez,Sergio Pérez,Red Bull,2,3,Finished,15.0,56,0
2024,5,Shanghai International Circuit,leclerc,Charles Leclerc,Ferrari,6,4,Finished,12.0,56,0
2024,5,Shanghai International Circuit,sainz,Carlos Sainz,Ferrari,7,5,Finished,10.0,56,0
2024,5,Shanghai International Circuit,russell,George Russell,Mercedes,8,6,Finished,8.0,56,0
2024,5,Shanghai International Circuit,alonso,Fernando Alonso,Aston Martin,3,7,Finished,7.0,56,0
2024,5,Shanghai International Circuit,piastri,Oscar Piastri,McLaren,5,8,Finished,4.0,56,0
2024,5,Shanghai International Circuit,hamilton,Lewis Hamilton,Mercedes,18,9,Finished,2.0,56,0
2024,5,Shanghai International Circuit,hulkenberg,Nico Hülkenberg,Haas F1 Team,9,10,Finished,1.0,56,0
2024,5,Shanghai International Circuit,ocon,Esteban Ocon,Alpine F1 Team,13,11,Finished,0.0,56,0
2024,5,Shanghai International Circuit,albon,Alexander Albon,Williams,14,12,Finished,0.0,56,0
2024,5,Shanghai International Circuit,gasly,Pierre Gasly,Alpine F1 Team,15,13,Finished,0.0,56,0
2024,5,Shanghai International Circuit,zhou,Guanyu Zhou,Sauber,16,14,Finished,0.0,56,0
2024,5,Shanghai International Circuit,stroll,Lance Stroll,Aston Martin,11,15,Finished,0.0,56,0
2024,5,Shanghai International Circuit,kevin_magnussen,Kevin Magnussen,Haas F1 Team,17,16,Finished,0.0,56,0
2024,5,Shanghai International Circuit,sargeant,Logan Sargeant,Williams,20,17,Finished,0.0,56,0
2024,5,Shanghai International Circuit,ricciardo,Daniel Ricciardo,RB F1 Team,12,18,Retired,0.0,33,1
2024,5,Shanghai International Circuit,tsunoda,Yuki Tsunoda,RB F1 Team,19,19,Retired,0.0,26,1
2024,5,Shanghai International Circuit,bottas,Valtteri Bottas,Sauber,10,20,Retired,0.0,19,1
2024,6,Miami International Autodrome,norris,Lando Norris,McLaren,5,1,Finished,25.0,57,0
2024,6,Miami International Autodrome,max_verstappen,Max Verstappen,Red Bull,1,2,Finished,18.0,57,0
2024,6,Miami International Autodrome,leclerc,Charles Leclerc,Ferrari,2,3,Finished,15.0,57,0
2024,6,Miami International Autodrome,perez,Sergio Pérez,Red Bull,4,4,Finished,12.0,57,0
2024,6,Miami International Autodrome,sainz,Carlos Sainz,Ferrari,3,5,Finished,10.0,57,0
2024,6,Miami International Autodrome,hamilton,Lewis Hamilton,Mercedes,8,6,Finished,8.0,57,0
2024,6,Miami International Autodrome,tsunoda,Yuki Tsunoda,RB F1 Team,10,7,Finished,6.0,57,0
2024,6,Miami International Autodrome,russell,George Russell,Mercedes,7,8,Finished,4.0,57,0
2024,6,Miami International Autodrome,alonso,Fernando Alonso,Aston Martin,15,9,Finished,2.0,57,0
2024,6,Miami International Autodrome,ocon,Esteban Ocon,Alpine F1 Team,13,10,Finished,1.0,57,0
2024,6,Miami International Autodrome,hulkenberg,Nico Hülkenberg,Haas F1 Team,9,11,Finished,0.0,57,0
2024,6,Miami International Autodrome,gasly,Pierre Gasly,Alpine F1 Team,12,12,Finished,0.0,57,0
2024,6,Miami International Autodrome,piastri,Oscar Piastri,McLaren,6,13,Finished,0.0,57,0
2024,6,Miami International Autodrome,zhou,Guanyu Zhou,Sauber,19,14,Finished,0.0,57,0
2024,6,Miami International Autodrome,ricciardo,Daniel Ricciardo,RB F1 Team,20,15,Finished,0.0,57,0
2024,6,Miami International Autodrome,bottas,Valtteri Bottas,Sauber,16,16,Finished,0.0,57,0
2024,6,Miami International Autodrome,stroll,Lance Stroll,Aston Martin,11,17,Finished,0.0,57,0
2024,6,Miami International Autodrome,albon,Alexander Albon,Williams,14,18,Finished,0.0,57,0
2024,6,Miami International Autodrome,kevin_magnussen,Kevin Magnussen,Haas F1 Team,18,19,Finished,0.0,57,0
2024,6,Miami International Autodrome,sargeant,Logan Sargeant,Williams,17,20,Retired,0.0,27,1
2024,7,Autodromo Enzo e Dino Ferrari,max_verstappen,Max Verstappen,Red Bull,1,1,Finished,25.0,63,0
2024,7,Autodromo Enzo e Dino Ferrari,norris,Lando Norris,McLaren,2,2,Finished,18.0,63,0
2024,7,Autodromo Enzo e Dino Ferrari,leclerc,Charles Leclerc,Ferrari,3,3,Finished,15.0,63,0
2024,7,Autodromo Enzo e Dino Ferrari,piastri,Oscar Piastri,McLaren,5,4,Finished,12.0,63,0
2024,7,Autodromo Enzo e Dino Ferrari,sainz,Carlos Sainz,Ferrari,4,5,Finished,10.0,63,0
2024,7,Autodromo Enzo e Dino Ferrari,hamilton,Lewis Hamilton,Mercedes,8,6,Finished,8.0,63,0
2024,7,Autodromo Enzo e Dino Ferrari,russell,George Russell,Mercedes,6,7,Finished,7.0,63,0
2024,7,Autodromo Enzo e Dino Ferrari,perez,Sergio Pérez,Red Bull,11,8,Finished,4.0,63,0
2024,7,Autodromo Enzo e Dino Ferrari,stroll,Lance Stroll,Aston Martin,13,9,Finished,2.0,63,0
2024,7,Autodromo Enzo e Dino Ferrari,tsunoda,Yuki Tsunoda,RB F1 Team,7,10,Lapped,1.0,62,1
2024,7,Autodromo Enzo e Dino Ferrari,hulkenberg,Nico Hülkenberg,Haas F1 Team,10,11,Lapped,0.0,62,1
2024,7,Autodromo Enzo e Dino Ferrari,kevin_magnussen,Kevin Magnussen,Haas F1 Team,18,12,Lapped,0.0,62,1
2024,7,Autodromo Enzo e Dino Ferrari,ricciardo,Daniel Ricciardo,RB F1 Team,9,13,Lapped,0.0,62,1
2024,7,Autodromo Enzo e Dino Ferrari,ocon,Esteban Ocon,Alpine F1 Team,12,14,Lapped,0.0,62,1
2024,7,Autodromo Enzo e Dino Ferrari,zhou,Guanyu Zhou,Sauber,17,15,Lapped,0.0,62,1
2024,7,Autodromo Enzo e Dino Ferrari,gasly,Pierre Gasly,Alpine F1 Team,15,16,Lapped,0.0,62,1
2024,7,Autodromo Enzo e Dino Ferrari,sargeant,Logan Sargeant,Williams,19,17,Lapped,0.0,62,1
2024,7,Autodromo Enzo e Dino Ferrari,bottas,Valtteri Bottas,Sauber,16,18,Lapped,0.0,62,1
2024,7,Autodromo Enzo e Dino Ferrari,alonso,Fernando Alonso,Aston Martin,20,19,Lapped,0.0,62,1
2024,7,Autodromo Enzo e Dino Ferrari,albon,Alexander Albon,Williams,14,20,Retired,0.0,51,1
2024,8,Circuit de Monaco,leclerc,Charles Leclerc,Ferrari,1,1,Finished,25.0,78,0
2024,8,Circuit de Monaco,piastri,Oscar Piastri,McLaren,2,2,Finished,18.0,78,0
2024,8,Circuit de Monaco,sainz,Carlos Sainz,Ferrari,3,3,Finished,15.0,78,0
2024,8,Circuit de Monaco,norris,Lando Norris,McLaren,4,4,Finished,12.0,78,0
2024,8,Circuit de Monaco,russell,George Russell,Mercedes,5,5,Finished,10.0,78,0
2024,8,Circuit de Monaco,max_verstappen,Max Verstappen,Red Bull,6,6,Finished,8.0,78,0
2024,8,Circuit de Monaco,hamilton,Lewis Hamilton,Mercedes,7,7,Finished,7.0,78,0
2024,8,Circuit de Monaco,tsunoda,Yuki Tsunoda,RB F1 Team,8,8,Lapped,4.0,77,1
2024,8,Circuit de Monaco,albon,Alexander Albon,Williams,9,9,Lapped,2.0,77,1
2024,8,Circuit de Monaco,gasly,Pierre Gasly,Alpine F1 Team,10,10,Lapped,1.0,77,1
2024,8,Circuit de Monaco,alonso,Fernando Alonso,Aston Martin,14,11,Lapped,0.0,76,1
2024,8,Circuit de Monaco,ricciardo,Daniel Ricciardo,RB F1 Team,12,12,Lapped,0.0,76,1
2024,8,Circuit de Monaco,bottas,Valtteri Bottas,Sauber,17,13,Lapped,0.0,76,1
2024,8,Circuit de Monaco,stroll,Lance Stroll,Aston Martin,13,14,Lapped,0.0,76,1
2024,8,Circuit de Monaco,sargeant,Logan Sargeant,Williams,15,15,Lapped,0.0,76,1
2024,8,Circuit de Monaco,zhou,Guanyu Zhou,Sauber,18,16,Lapped,0.0,76,1
2024,8,Circuit de Monaco,ocon,Esteban Ocon,Alpine F1 Team,11,17,Retired,0.0,0,1
2024,8,Circuit de Monaco,perez,Sergio Pérez,Red Bull,16,18,Retired,0.0,0,1
2024,8,Circuit de Monaco,hulkenberg,Nico Hülkenberg,Haas F1 Team,19,19,Retired,0.0,0,1
2024,8,Circuit de Monaco,kevin_magnussen,Kevin Magnussen,Haas F1 Team,20,20,Retired,0.0,0,1
2024,9,Circuit Gilles Villeneuve,max_verstappen,Max Verstappen,Red Bull,2,1,Finished,25.0,70,0
2024,9,Circuit Gilles Villeneuve,norris,Lando Norris,McLaren,3,2,Finished,18.0,70,0
2024,9,Circuit Gilles Villeneuve,russell,George Russell,Mercedes,1,3,Finished,15.0,70,0
2024,9,Circuit Gilles Villeneuve,hamilton,Lewis Hamilton,Mercedes,7,4,Finished,13.0,70,0
2024,9,Circuit Gilles Villeneuve,piastri,Oscar Piastri,McLaren,4,5,Finished,10.0,70,0
2024,9,Circuit Gilles Villeneuve,alonso,Fernando Alonso,Aston Martin,6,6,Finished,8.0,70,0
2024,9,Circuit Gilles Villeneuve,stroll,Lance Stroll,Aston Martin,9,7,Finished,6.0,70,0
2024,9,Circuit Gilles Villeneuve,ricciardo,Daniel Ricciardo,RB F1 Team,5,8,Finished,4.0,70,0
2024,9,Circuit Gilles Villeneuve,gasly,Pierre Gasly,Alpine F1 Team,15,9,Finished,2.0,70,0
2024,9,Circuit Gilles Villeneuve,ocon,Esteban Ocon,Alpine F1 Team,18,10,Finished,1.0,70,0
2024,9,Circuit Gilles Villeneuve,hulkenberg,Nico Hülkenberg,Haas F1 Team,17,11,Finished,0.0,70,0
2024,9,Circuit Gilles Villeneuve,kevin_magnussen,Kevin Magnussen,Haas F1 Team,14,12,Finished,0.0,70,0
2024,9,Circuit Gilles Villeneuve,bottas,Valtteri Bottas,Sauber,19,13,Finished,0.0,70,0
2024,9,Circuit Gilles Villeneuve,tsunoda,Yuki Tsunoda,RB F1 Team,8,14,Finished,0.0,70,0
2024,9,Circuit Gilles Villeneuve,zhou,Guanyu Zhou,Sauber,20,15,Lapped,0.0,69,1
2024,9,Circuit Gilles Villeneuve,sainz,Carlos Sainz,Ferrari,12,16,Retired,0.0,52,1
2024,9,Circuit Gilles Villeneuve,albon,Alexander Albon,Williams,10,17,Retired,0.0,52,1
2024,9,Circuit Gilles Villeneuve,perez,Sergio Pérez,Red Bull,16,18,Retired,0.0,51,1
2024,9,Circuit Gilles Villeneuve,leclerc,Charles Leclerc,Ferrari,11,19,Retired,0.0,40,1
2024,9,Circuit Gilles Villeneuve,sargeant,Logan Sargeant,Williams,13,20,Retired,0.0,23,1
2024,10,Circuit de Barcelona-Catalunya,max_verstappen,Max Verstappen,Red Bull,2,1,Finished,25.0,66,0
2024,10,Circuit de Barcelona-Catalunya,norris,Lando Norris,McLaren,1,2,Finished,19.0,66,0
2024,10,Circuit de Barcelona-Catalunya,hamilton,Lewis Hamilton,Mercedes,3,3,Finished,15.0,66,0
2024,10,Circuit de Barcelona-Catalunya,russell,George Russell,Mercedes,4,4,Finished,12.0,66,0
2024,10,Circuit de Barcelona-Catalunya,leclerc,Charles Leclerc,Ferrari,5,5,Finished,10.0,66,0
2024,10,Circuit de Barcelona-Catalunya,sainz,Carlos Sainz,Ferrari,6,6,Finished,8.0,66,0
2024,10,Circuit de Barcelona-Catalunya,piastri,Oscar Piastri,McLaren,9,7,Finished,6.0,66,0
2024,10,Circuit de Barcelona-Catalunya,perez,Sergio Pérez,Red Bull,11,8,Finished,4.0,66,0
2024,10,Circuit de Barcelona-Catalunya,gasly,Pierre Gasly,Alpine F1 Team,7,9,Finished,2.0,66,0
2024,10,Circuit de Barcelona-Catalunya,ocon,Esteban Ocon,Alpine F1 Team,8,10,Finished,1.0,66,0
2024,10,Circuit de Barcelona-Catalunya,hulkenberg,Nico Hülkenberg,Haas F1 Team,13,11,Finished,0.0,66,0
2024,10,Circuit de Barcelona-Catalunya,alonso,Fernando Alonso,Aston Martin,10,12,Lapped,0.0,65,1
2024,10,Circuit de Barcelona-Catalunya,zhou,Guanyu Zhou,Sauber,15,13,Lapped,0.0,65,1
2024,10,Circuit de Barcelona-Catalunya,stroll,Lance Stroll,Aston Martin,14,14,Lapped,0.0,65,1
2024,10,Circuit de Barcelona-Catalunya,ricciardo,Daniel Ricciardo,RB F1 Team,18,15,Lapped,0.0,65,1
2024,10,Circuit de Barcelona-Catalunya,bottas,Valtteri Bottas,Sauber,12,16,Lapped,0.0,65,1
2024,10,Circuit de Barcelona-Catalunya,kevin_magnussen,Kevin Magnussen,Haas F1 Team,16,17,Lapped,0.0,65,1
2024,10,Circuit de Barcelona-Catalunya,albon,Alexander Albon,Williams,20,18,Lapped,0.0,65,1
2024,10,Circuit de Barcelona-Catalunya,tsunoda,Yuki Tsunoda,RB F1 Team,17,19,Lapped,0.0,65,1
2024,10,Circuit de Barcelona-Catalunya,sargeant,Logan Sargeant,Williams,19,20,Lapped,0.0,64,1
2024,11,Red Bull Ring,russell,George Russell,Mercedes,3,1,Finished,25.0,71,0
2024,11,Red Bull Ring,piastri,Oscar Piastri,McLaren,7,2,Finished,18.0,71,0
2024,11,Red Bull Ring,sainz,Carlos Sainz,Ferrari,4,3,Finished,15.0,71,0
2024,11,Red Bull Ring,hamilton,Lewis Hamilton,Mercedes,5,4,Finished,12.0,71,0
2024,11,Red Bull Ring,max_verstappen,Max Verstappen,Red Bull,1,5,Finished,10.0,71,0
2024,11,Red Bull Ring,hulkenberg,Nico Hülkenberg,Haas F1 Team,9,6,Finished,8.0,71,0
2024,11,Red Bull Ring,perez,Sergio Pérez,Red Bull,8,7,Finished,6.0,71,0
2024,11,Red Bull Ring,kevin_magnussen,Kevin Magnussen,Haas F1 Team,12,8,Finished,4.0,71,0
2024,11,Red Bull Ring,ricciardo,Daniel Ricciardo,RB F1 Team,11,9,Finished,2.0,71,0
2024,11,Red Bull Ring,gasly,Pierre Gasly,Alpine F1 Team,13,10,Finished,1.0,71,0
2024,11,Red Bull Ring,leclerc,Charles Leclerc,Ferrari,6,11,Finished,0.0,71,0
2024,11,Red Bull Ring,ocon,Esteban Ocon,Alpine F1 Team,10,12,Finished,0.0,71,0
2024,11,Red Bull Ring,stroll,Lance Stroll,Aston Martin,17,13,Lapped,0.0,70,1
2024,11,Red Bull Ring,tsunoda,Yuki Tsunoda,RB F1 Team,14,14,Lapped,0.0,70,1
2024,11,Red Bull Ring,albon,Alexander Albon,Williams,16,15,Lapped,0.0,70,1
2024,11,Red Bull Ring,bottas,Valtteri Bottas,Sauber,18,16,Lapped,0.0,70,1
2024,11,Red Bull Ring,zhou,Guanyu Zhou,Sauber,20,17,Lapped,0.0,70,1
2024,11,Red Bull Ring,alonso,Fernando Alonso,Aston Martin,15,18,Lapped,0.0,70,1
2024,11,Red Bull Ring,sargeant,Logan Sargeant,Williams,19,19,Lapped,0.0,69,1
2024,11,Red Bull Ring,norris,Lando Norris,McLaren,2,20,Lapped,0.0,64,1
2024,12,Silverstone Circuit,hamilton,Lewis Hamilton,Mercedes,2,1,Finished,25.0,52,0
2024,12,Silverstone Circuit,max_verstappen,Max Verstappen,Red Bull,4,2,Finished,18.0,52,0
2024,12,Silverstone Circuit,norris,Lando Norris,McLaren,3,3,Finished,15.0,52,0
2024,12,Silverstone Circuit,piastri,Oscar Piastri,McLaren,5,4,Finished,12.0,52,0
2024,12,Silverstone Circuit,sainz,Carlos Sainz,Ferrari,7,5,Finished,11.0,52,0
2024,12,Silverstone Circuit,hulkenberg,Nico Hülkenberg,Haas F1 Team,6,6,Finished,8.0,52,0
2024,12,Silverstone Circuit,stroll,Lance Stroll,Aston Martin,8,7,Finished,6.0,52,0
2024,12,Silverstone Circuit,alonso,Fernando Alonso,Aston Martin,10,8,Finished,4.0,52,0
2024,12,Silverstone Circuit,albon,Alexander Albon,Williams,9,9,Finished,2.0,52,0
2024,12,Silverstone Circuit,tsunoda,Yuki Tsunoda,RB F1 Team,13,10,Finished,1.0,52,0
2024,12,Silverstone Circuit,sargeant,Logan Sargeant,Williams,12,11,Finished,0.0,52,0
2024,12,Silverstone Circuit,kevin_magnussen,Kevin Magnussen,Haas F1 Team,17,12,Finished,0.0,52,0
2024,12,Silverstone Circuit,ricciardo,Daniel Ricciardo,RB F1 Team,15,13,Lapped,0.0,51,1
2024,12,Silverstone Circuit,leclerc,Charles Leclerc,Ferrari,11,14,Lapped,0.0,51,1
2024,12,Silverstone Circuit,bottas,Valtteri Bottas,Sauber,16,15,Lapped,0.0,51,1
2024,12,Silverstone Circuit,ocon,Esteban Ocon,Alpine F1 Team,18,16,Lapped,0.0,50,1
2024,12,Silverstone Circuit,perez,Sergio Pérez,Red Bull,20,17,Lapped,0.0,50,1
2024,12,Silverstone Circuit,zhou,Guanyu Zhou,Sauber,14,18,Lapped,0.0,50,1
2024,12,Silverstone Circuit,russell,George Russell,Mercedes,1,19,Retired,0.0,33,1
2024,12,Silverstone Circuit,gasly,Pierre Gasly,Alpine F1 Team,19,20,Did not start,0.0,0,1
2024,13,Hungaroring,piastri,Oscar Piastri,McLaren,2,1,Finished,25.0,70,0
2024,13,Hungaroring,norris,Lando Norris,McLaren,1,2,Finished,18.0,70,0
2024,13,Hungaroring,hamilton,Lewis Hamilton,Mercedes,5,3,Finished,15.0,70,0
2024,13,Hungaroring,leclerc,Charles Leclerc,Ferrari,6,4,Finished,12.0,70,0
2024,13,Hungaroring,max_verstappen,Max Verstappen,Red Bull,3,5,Finished,10.0,70,0
2024,13,Hungaroring,sainz,Carlos Sainz,Ferrari,4,6,Finished,8.0,70,0
2024,13,Hungaroring,perez,Sergio Pérez,Red Bull,16,7,Finished,6.0,70,0
2024,13,Hungaroring,russell,George Russell,Mercedes,17,8,Finished,5.0,70,0
2024,13,Hungaroring,tsunoda,Yuki Tsunoda,RB F1 Team,10,9,Finished,2.0,70,0
2024,13,Hungaroring,stroll,Lance Stroll,Aston Martin,8,10,Finished,1.0,70,0
2024,13,Hungaroring,alonso,Fernando Alonso,Aston Martin,7,11,Finished,0.0,70,0
2024,13,Hungaroring,ricciardo,Daniel Ricciardo,RB F1 Team,9,12,Lapped,0.0,69,1
2024,13,Hungaroring,hulkenberg,Nico Hülkenberg,Haas F1 Team,11,13,Lapped,0.0,69,1
2024,13,Hungaroring,albon,Alexander Albon,Williams,13,14,Lapped,0.0,69,1
2024,13,Hungaroring,kevin_magnussen,Kevin Magnussen,Haas F1 Team,15,15,Lapped,0.0,69,1
2024,13,Hungaroring,bottas,Valtteri Bottas,Sauber,12,16,Lapped,0.0,69,1
2024,13,Hungaroring,sargeant,Logan Sargeant,Williams,14,17,Lapped,0.0,69,1
2024,13,Hungaroring,ocon,Esteban Ocon,Alpine F1 Team,19,18,Lapped,0.0,69,1
2024,13,Hungaroring,zhou,Guanyu Zhou,Sauber,18,19,Lapped,0.0,69,1
2024,13,Hungaroring,gasly,Pierre Gasly,Alpine F1 Team,20,20,Retired,0.0,33,1
2024,14,Circuit de Spa-Francorchamps,hamilton,Lewis Hamilton,Mercedes,3,1,Finished,25.0,44,0
2024,14,Circuit de Spa-Francorchamps,piastri,Oscar Piastri,McLaren,5,2,Finished,18.0,44,0
2024,14,Circuit de Spa-Francorchamps,leclerc,Charles Leclerc,Ferrari,1,3,Finished,15.0,44,0
2024,14,Circuit de Spa-Francorchamps,max_verstappen,Max Verstappen,Red Bull,11,4,Finished,12.0,44,0
2024,14,Circuit de Spa-Francorchamps,norris,Lando Norris,McLaren,4,5,Finished,10.0,44,0
2024,14,Circuit de Spa-Francorchamps,sainz,Carlos Sainz,Ferrari,7,6,Finished,8.0,44,0
2024,14,Circuit de Spa-Francorchamps,perez,Sergio Pérez,Red Bull,2,7,Finished,7.0,44,0
2024,14,Circuit de Spa-Francorchamps,alonso,Fernando Alonso,Aston Martin,8,8,Finished,4.0,44,0
2024,14,Circuit de Spa-Francorchamps,ocon,Esteban Ocon,Alpine F1 Team,9,9,Finished,2.0,44,0
2024,14,Circuit de Spa-Francorchamps,ricciardo,Daniel Ricciardo,RB F1 Team,13,10,Finished,1.0,44,0
2024,14,Circuit de Spa-Francorchamps,stroll,Lance Stroll,Aston Martin,15,11,Finished,0.0,44,0
2024,14,Circuit de Spa-Francorchamps,albon,Alexander Albon,Williams,10,12,Finished,0.0,44,0
2024,14,Circuit de Spa-Francorchamps,gasly,Pierre Gasly,Alpine F1 Team,12,13,Finished,0.0,44,0
2024,14,Circuit de Spa-Francorchamps,kevin_magnussen,Kevin Magnussen,Haas F1 Team,17,14,Finished,0.0,44,0
2024,14,Circuit de Spa-Francorchamps,bottas,Valtteri Bottas,Sauber,14,15,Finished,0.0,44,0
2024,14,Circuit de Spa-Francorchamps,tsunoda,Yuki Tsunoda,RB F1 Team,20,16,Finished,0.0,44,0
2024,14,Circuit de Spa-Francorchamps,sargeant,Logan Sargeant,Williams,18,17,Finished,0.0,44,0
2024,14,Circuit de Spa-Francorchamps,hulkenberg,Nico Hülkenberg,Haas F1 Team,16,18,Finished,0.0,44,0
2024,14,Circuit de Spa-Francorchamps,zhou,Guanyu Zhou,Sauber,19,19,Retired,0.0,5,1
2024,14,Circuit de Spa-Francorchamps,russell,George Russell,Mercedes,6,20,Disqualified,0.0,44,1
2024,15,Circuit Park Zandvoort,norris,Lando Norris,McLaren,1,1,Finished,26.0,72,0
2024,15,Circuit Park Zandvoort,max_verstappen,Max Verstappen,Red Bull,2,2,Finished,18.0,72,0
2024,15,Circuit Park Zandvoort,leclerc,Charles Leclerc,Ferrari,6,3,Finished,15.0,72,0
2024,15,Circuit Park Zandvoort,piastri,Oscar Piastri,McLaren,3,4,Finished,12.0,72,0
2024,15,Circuit Park Zandvoort,sainz,Carlos Sainz,Ferrari,10,5,Finished,10.0,72,0
2024,15,Circuit Park Zandvoort,perez,Sergio Pérez,Red Bull,5,6,Finished,8.0,72,0
2024,15,Circuit Park Zandvoort,russell,George Russell,Mercedes,4,7,Finished,6.0,72,0
2024,15,Circuit Park Zandvoort,hamilton,Lewis Hamilton,Mercedes,14,8,Finished,4.0,72,0
2024,15,Circuit Park Zandvoort,gasly,Pierre Gasly,Alpine F1 Team,9,9,Lapped,2.0,71,1
2024,15,Circuit Park Zandvoort,alonso,Fernando Alonso,Aston Martin,7,10,Lapped,1.0,71,1
2024,15,Circuit Park Zandvoort,hulkenberg,Nico Hülkenberg,Haas F1 Team,12,11,Lapped,0.0,71,1
2024,15,Circuit Park Zandvoort,ricciardo,Daniel Ricciardo,RB F1 Team,13,12,Lapped,0.0,71,1
2024,15,Circuit Park Zandvoort,stroll,Lance Stroll,Aston Martin,8,13,Lapped,0.0,71,1
2024,15,Circuit Park Zandvoort,albon,Alexander Albon,Williams,19,14,Lapped,0.0,71,1
2024,15,Circuit Park Zandvoort,ocon,Esteban Ocon,Alpine F1 Team,15,15,Lapped,0.0,71,1
2024,15,Circuit Park Zandvoort,sargeant,Logan Sargeant,Williams,18,16,Lapped,0.0,71,1
2024,15,Circuit Park Zandvoort,tsunoda,Yuki Tsunoda,RB F1 Team,11,17,Lapped,0.0,71,1
2024,15,Circuit Park Zandvoort,kevin_magnussen,Kevin Magnussen,Haas F1 Team,20,18,Lapped,0.0,71,1
2024,15,Circuit Park Zandvoort,bottas,Valtteri Bottas,Sauber,16,19,Lapped,0.0,70,1
2024,15,Circuit Park Zandvoort,zhou,Guanyu Zhou,Sauber,17,20,Lapped,0.0,70,1
2024,16,Autodromo Nazionale di Monza,leclerc,Charles Leclerc,Ferrari,4,1,Finished,25.0,53,0
2024,16,Autodromo Nazionale di Monza,piastri,Oscar Piastri,McLaren,2,2,Finished,18.0,53,0
2024,16,Autodromo Nazionale di Monza,norris,Lando Norris,McLaren,1,3,Finished,16.0,53,0
2024,16,Autodromo Nazionale di Monza,sainz,Carlos Sainz,Ferrari,5,4,Finished,12.0,53,0
2024,16,Autodromo Nazionale di Monza,hamilton,Lewis Hamilton,Mercedes,6,5,Finished,10.0,53,0
2024,16,Autodromo Nazionale di Monza,max_verstappen,Max Verstappen,Red Bull,7,6,Finished,8.0,53,0
2024,16,Autodromo Nazionale di Monza,russell,George Russell,Mercedes,3,7,Finished,6.0,53,0
2024,16,Autodromo Nazionale di Monza,perez,Sergio Pérez,Red Bull,8,8,Finished,4.0,53,0
2024,16,Autodromo Nazionale di Monza,albon,Alexander Albon,Williams,9,9,Finished,2.0,53,0
2024,16,Autodromo Nazionale di Monza,kevin_magnussen,Kevin Magnussen,Haas F1 Team,13,10,Finished,1.0,53,0
2024,16,Autodromo Nazionale di Monza,alonso,Fernando Alonso,Aston Martin,11,11,Finished,0.0,53,0
2024,16,Autodromo Nazionale di Monza,colapinto,Franco Colapinto,Williams,18,12,Finished,0.0,53,0
2024,16,Autodromo Nazionale di Monza,ricciardo,Daniel Ricciardo,RB F1 Team,12,13,Finished,0.0,53,0
2024,16,Autodromo Nazionale di Monza,ocon,Esteban Ocon,Alpine F1 Team,15,14,Lapped,0.0,52,1
2024,16,Autodromo Nazionale di Monza,gasly,Pierre Gasly,Alpine F1 Team,14,15,Lapped,0.0,52,1
2024,16,Autodromo Nazionale di Monza,bottas,Valtteri Bottas,Sauber,19,16,Lapped,0.0,52,1
2024,16,Autodromo Nazionale di Monza,hulkenberg,Nico Hülkenberg,Haas F1 Team,10,17,Lapped,0.0,52,1
2024,16,Autodromo Nazionale di Monza,zhou,Guanyu Zhou,Sauber,20,18,Lapped,0.0,52,1
2024,16,Autodromo Nazionale di Monza,stroll,Lance Stroll,Aston Martin,17,19,Lapped,0.0,52,1
2024,16,Autodromo Nazionale di Monza,tsunoda,Yuki Tsunoda,RB F1 Team,16,20,Retired,0.0,7,1
2024,17,Baku City Circuit,piastri,Oscar Piastri,McLaren,2,1,Finished,25.0,51,0
2024,17,Baku City Circuit,leclerc,Charles Leclerc,Ferrari,1,2,Finished,18.0,51,0
2024,17,Baku City Circuit,russell,George Russell,Mercedes,5,3,Finished,15.0,51,0
2024,17,Baku City Circuit,norris,Lando Norris,McLaren,15,4,Finished,13.0,51,0
2024,17,Baku City Circuit,max_verstappen,Max Verstappen,Red Bull,6,5,Finished,10.0,51,0
2024,17,Baku City Circuit,alonso,Fernando Alonso,Aston Martin,7,6,Finished,8.0,51,0
2024,17,Baku City Circuit,albon,Alexander Albon,Williams,9,7,Finished,6.0,51,0
2024,17,Baku City Circuit,colapinto,Franco Colapinto,Williams,8,8,Finished,4.0,51,0
2024,17,Baku City Circuit,hamilton,Lewis Hamilton,Mercedes,19,9,Finished,2.0,51,0
2024,17,Baku City Circuit,bearman,Oliver Bearman,Haas F1 Team,10,10,Finished,1.0,51,0
2024,17,Baku City Circuit,hulkenberg,Nico Hülkenberg,Haas F1 Team,12,11,Finished,0.0,51,0
2024,17,Baku City Circuit,gasly,Pierre Gasly,Alpine F1 Team,18,12,Finished,0.0,51,0
2024,17,Baku City Circuit,ricciardo,Daniel Ricciardo,RB F1 Team,14,13,Finished,0.0,51,0
2024,17,Baku City Circuit,zhou,Guanyu Zhou,Sauber,17,14,Finished,0.0,51,0
2024,17,Baku City Circuit,ocon,Esteban Ocon,Alpine F1 Team,20,15,Lapped,0.0,50,1
2024,17,Baku City Circuit,bottas,Valtteri Bottas,Sauber,16,16,Lapped,0.0,50,1
2024,17,Baku City Circuit,perez,Sergio Pérez,Red Bull,4,17,Retired,0.0,49,1
2024,17,Baku City Circuit,sainz,Carlos Sainz,Ferrari,3,18,Retired,0.0,49,1
2024,17,Baku City Circuit,stroll,Lance Stroll,Aston Martin,13,19,Retired,0.0,45,1
2024,17,Baku City Circuit,tsunoda,Yuki Tsunoda,RB F1 Team,11,20,Retired,0.0,14,1
2024,18,Marina Bay Street Circuit,norris,Lando Norris,McLaren,1,1,Finished,25.0,62,0
2024,18,Marina Bay Street Circuit,max_verstappen,Max Verstappen,Red Bull,2,2,Finished,18.0,62,0
2024,18,Marina Bay Street Circuit,piastri,Oscar Piastri,McLaren,5,3,Finished,15.0,62,0
2024,18,Marina Bay Street Circuit,russell,George Russell,Mercedes,4,4,Finished,12.0,62,0
2024,18,Marina Bay Street Circuit,leclerc,Charles Leclerc,Ferrari,9,5,Finished,10.0,62,0
2024,18,Marina Bay Street Circuit,hamilton,Lewis Hamilton,Mercedes,3,6,Finished,8.0,62,0
2024,18,Marina Bay Street Circuit,sainz,Carlos Sainz,Ferrari,10,7,Finished,6.0,62,0
2024,18,Marina Bay Street Circuit,alonso,Fernando Alonso,Aston Martin,7,8,Lapped,4.0,61,1
2024,18,Marina Bay Street Circuit,hulkenberg,Nico Hülkenberg,Haas F1 Team,6,9,Lapped,2.0,61,1
2024,18,Marina Bay Street Circuit,perez,Sergio Pérez,Red Bull,13,10,Lapped,1.0,61,1
2024,18,Marina Bay Street Circuit,colapinto,Franco Colapinto,Williams,12,11,Lapped,0.0,61,1
2024,18,Marina Bay Street Circuit,tsunoda,Yuki Tsunoda,RB F1 Team,8,12,Lapped,0.0,61,1
2024,18,Marina Bay Street Circuit,ocon,Esteban Ocon,Alpine F1 Team,15,13,Lapped,0.0,61,1
2024,18,Marina Bay Street Circuit,stroll,Lance Stroll,Aston Martin,17,14,Lapped,0.0,61,1
2024,18,Marina Bay Street Circuit,zhou,Guanyu Zhou,Sauber,20,15,Lapped,0.0,61,1
2024,18,Marina Bay Street Circuit,bottas,Valtteri Bottas,Sauber,19,16,Lapped,0.0,61,1
2024,18,Marina Bay Street Circuit,gasly,Pierre Gasly,Alpine F1 Team,18,17,Lapped,0.0,61,1
2024,18,Marina Bay Street Circuit,ricciardo,Daniel Ricciardo,RB F1 Team,16,18,Lapped,0.0,61,1
2024,18,Marina Bay Street Circuit,kevin_magnussen,Kevin Magnussen,Haas F1 Team,14,19,Retired,0.0,57,1
2024,18,Marina Bay Street Circuit,albon,Alexander Albon,Williams,11,20,Retired,0.0,15,1
2024,19,Circuit of the Americas,leclerc,Charles Leclerc,Ferrari,4,1,Finished,25.0,56,0
2024,19,Circuit of the Americas,sainz,Carlos Sainz,Ferrari,3,2,Finished,18.0,56,0
2024,19,Circuit of the Americas,max_verstappen,Max Verstappen,Red Bull,2,3,Finished,15.0,56,0
2024,19,Circuit of the Americas,norris,Lando Norris,McLaren,1,4,Finished,12.0,56,0
2024,19,Circuit of the Americas,piastri,Oscar Piastri,McLaren,5,5,Finished,10.0,56,0
2024,19,Circuit of the Americas,russell,George Russell,Mercedes,20,6,Finished,8.0,56,0
2024,19,Circuit of the Americas,perez,Sergio Pérez,Red Bull,9,7,Finished,6.0,56,0
2024,19,Circuit of the Americas,hulkenberg,Nico Hülkenberg,Haas F1 Team,11,8,Finished,4.0,56,0
2024,19,Circuit of the Americas,lawson,Liam Lawson,RB F1 Team,19,9,Finished,2.0,56,0
2024,19,Circuit of the Americas,colapinto,Franco Colapinto,Williams,15,10,Finished,1.0,56,0
2024,19,Circuit of the Americas,kevin_magnussen,Kevin Magnussen,Haas F1 Team,8,11,Finished,0.0,56,0
2024,19,Circuit of the Americas,gasly,Pierre Gasly,Alpine F1 Team,6,12,Finished,0.0,56,0
2024,19,Circuit of the Americas,alonso,Fernando Alonso,Aston Martin,7,13,Lapped,0.0,55,1
2024,19,Circuit of the Americas,tsunoda,Yuki Tsunoda,RB F1 Team,10,14,Lapped,0.0,55,1
2024,19,Circuit of the Americas,stroll,Lance Stroll,Aston Martin,13,15,Lapped,0.0,55,1
2024,19,Circuit of the Americas,albon,Alexander Albon,Williams,14,16,Lapped,0.0,55,1
2024,19,Circuit of the Americas,bottas,Valtteri Bottas,Sauber,16,17,Lapped,0.0,55,1
2024,19,Circuit of the Americas,ocon,Esteban Ocon,Alpine F1 Team,12,18,Lapped,0.0,55,1
2024,19,Circuit of the Americas,zhou,Guanyu Zhou,Sauber,18,19,Lapped,0.0,55,1
2024,19,Circuit of the Americas,hamilton,Lewis Hamilton,Mercedes,17,20,Retired,0.0,1,1
2024,20,Autódromo Hermanos Rodríguez,sainz,Carlos Sainz,Ferrari,1,1,Finished,25.0,71,0
2024,20,Autódromo Hermanos Rodríguez,norris,Lando Norris,McLaren,3,2,Finished,18.0,71,0
2024,20,Autódromo Hermanos Rodríguez,leclerc,Charles Leclerc,Ferrari,4,3,Finished,16.0,71,0
2024,20,Autódromo Hermanos Rodríguez,hamilton,Lewis Hamilton,Mercedes,6,4,Finished,12.0,71,0
2024,20,Autódromo Hermanos Rodríguez,russell,George Russell,Mercedes,5,5,Finished,10.0,71,0
2024,20,Autódromo Hermanos Rodríguez,max_verstappen,Max Verstappen,Red Bull,2,6,Finished,8.0,71,0
2024,20,Autódromo Hermanos Rodríguez,kevin_magnussen,Kevin Magnussen,Haas F1 Team,7,7,Finished,6.0,71,0
2024,20,Autódromo Hermanos Rodríguez,piastri,Oscar Piastri,McLaren,17,8,Finished,4.0,71,0
2024,20,Autódromo Hermanos Rodríguez,hulkenberg,Nico Hülkenberg,Haas F1 Team,10,9,Lapped,2.0,70,1
2024,20,Autódromo Hermanos Rodríguez,gasly,Pierre Gasly,Alpine F1 Team,8,10,Lapped,1.0,70,1
2024,20,Autódromo Hermanos Rodríguez,stroll,Lance Stroll,Aston Martin,14,11,Lapped,0.0,70,1
2024,20,Autódromo Hermanos Rodríguez,colapinto,Franco Colapinto,Williams,16,12,Lapped,0.0,70,1
2024,20,Autódromo Hermanos Rodríguez,ocon,Esteban Ocon,Alpine F1 Team,0,13,Lapped,0.0,70,1
2024,20,Autódromo Hermanos Rodríguez,bottas,Valtteri Bottas,Sauber,15,14,Lapped,0.0,70,1
2024,20,Autódromo Hermanos Rodríguez,zhou,Guanyu Zhou,Sauber,19,15,Lapped,0.0,70,1
2024,20,Autódromo Hermanos Rodríguez,lawson,Liam Lawson,RB F1 Team,12,16,Lapped,0.0,70,1
2024,20,Autódromo Hermanos Rodríguez,perez,Sergio Pérez,Red Bull,18,17,Lapped,0.0,70,1
2024,20,Autódromo Hermanos Rodríguez,alonso,Fernando Alonso,Aston Martin,13,18,Retired,0.0,15,1
2024,20,Autódromo Hermanos Rodríguez,albon,Alexander Albon,Williams,9,19,Retired,0.0,0,1
2024,20,Autódromo Hermanos Rodríguez,tsunoda,Yuki Tsunoda,RB F1 Team,11,20,Retired,0.0,0,1
2024,21,Autódromo José Carlos Pace,max_verstappen,Max Verstappen,Red Bull,17,1,Finished,26.0,69,0
2024,21,Autódromo José Carlos Pace,ocon,Esteban Ocon,Alpine F1 Team,4,2,Finished,18.0,69,0
2024,21,Autódromo José Carlos Pace,gasly,Pierre Gasly,Alpine F1 Team,13,3,Finished,15.0,69,0
2024,21,Autódromo José Carlos Pace,russell,George Russell,Mercedes,2,4,Finished,12.0,69,0
2024,21,Autódromo José Carlos Pace,leclerc,Charles Leclerc,Ferrari,6,5,Finished,10.0,69,0
2024,21,Autódromo José Carlos Pace,norris,Lando Norris,McLaren,1,6,Finished,8.0,69,0
2024,21,Autódromo José Carlos Pace,tsunoda,Yuki Tsunoda,RB F1 Team,3,7,Finished,6.0,69,0
2024,21,Autódromo José Carlos Pace,piastri,Oscar Piastri,McLaren,8,8,Finished,4.0,69,0
2024,21,Autódromo José Carlos Pace,lawson,Liam Lawson,RB F1 Team,5,9,Finished,2.0,69,0
2024,21,Autódromo José Carlos Pace,hamilton,Lewis Hamilton,Mercedes,14,10,Finished,1.0,69,0
2024,21,Autódromo José Carlos Pace,perez,Sergio Pérez,Red Bull,12,11,Finished,0.0,69,0
2024,21,Autódromo José Carlos Pace,bearman,Oliver Bearman,Haas F1 Team,15,12,Finished,0.0,69,0
2024,21,Autódromo José Carlos Pace,bottas,Valtteri Bottas,Sauber,11,13,Finished,0.0,69,0
2024,21,Autódromo José Carlos Pace,alonso,Fernando Alonso,Aston Martin,9,14,Finished,0.0,69,0
2024,21,Autódromo José Carlos Pace,zhou,Guanyu Zhou,Sauber,19,15,Finished,0.0,69,0
2024,21,Autódromo José Carlos Pace,sainz,Carlos Sainz,Ferrari,20,16,Retired,0.0,38,1
2024,21,Autódromo José Carlos Pace,colapinto,Franco Colapinto,Williams,16,17,Retired,0.0,30,1
2024,21,Autódromo José Carlos Pace,albon,Alexander Albon,Williams,7,18,Did not start,0.0,0,1
2024,21,Autódromo José Carlos Pace,stroll,Lance Stroll,Aston Martin,10,19,Did not start,0.0,0,1
2024,21,Autódromo José Carlos Pace,hulkenberg,Nico Hülkenberg,Haas F1 Team,18,20,Disqualified,0.0,0,1
2024,22,Las Vegas Strip Street Circuit,russell,George Russell,Mercedes,1,1,Finished,25.0,50,0
2024,22,Las Vegas Strip Street Circuit,hamilton,Lewis Hamilton,Mercedes,10,2,Finished,18.0,50,0
2024,22,Las Vegas Strip Street Circuit,sainz,Carlos Sainz,Ferrari,2,3,Finished,15.0,50,0
2024,22,Las Vegas Strip Street Circuit,leclerc,Charles Leclerc,Ferrari,4,4,Finished,12.0,50,0
2024,22,Las Vegas Strip Street Circuit,max_verstappen,Max Verstappen,Red Bull,5,5,Finished,10.0,50,0
2024,22,Las Vegas Strip Street Circuit,norris,Lando Norris,McLaren,6,6,Finished,9.0,50,0
2024,22,Las Vegas Strip Street Circuit,piastri,Oscar Piastri,McLaren,8,7,Finished,6.0,50,0
2024,22,Las Vegas Strip Street Circuit,hulkenberg,Nico Hülkenberg,Haas F1 Team,9,8,Finished,4.0,50,0
2024,22,Las Vegas Strip Street Circuit,tsunoda,Yuki Tsunoda,RB F1 Team,7,9,Finished,2.0,50,0
2024,22,Las Vegas Strip Street Circuit,perez,Sergio Pérez,Red Bull,15,10,Finished,1.0,50,0
2024,22,Las Vegas Strip Street Circuit,alonso,Fernando Alonso,Aston Martin,16,11,Finished,0.0,50,0
2024,22,Las Vegas Strip Street Circuit,kevin_magnussen,Kevin Magnussen,Haas F1 Team,12,12,Finished,0.0,50,0
2024,22,Las Vegas Strip Street Circuit,zhou,Guanyu Zhou,Sauber,13,13,Finished,0.0,50,0
2024,22,Las Vegas Strip Street Circuit,colapinto,Franco Colapinto,Williams,20,14,Finished,0.0,50,0
2024,22,Las Vegas Strip Street Circuit,stroll,Lance Stroll,Aston Martin,18,15,Finished,0.0,50,0
2024,22,Las Vegas Strip Street Circuit,lawson,Liam Lawson,RB F1 Team,14,16,Finished,0.0,50,0
2024,22,Las Vegas Strip Street Circuit,ocon,Esteban Ocon,Alpine F1 Team,11,17,Lapped,0.0,49,1
2024,22,Las Vegas Strip Street Circuit,bottas,Valtteri Bottas,Sauber,19,18,Lapped,0.0,49,1
2024,22,Las Vegas Strip Street Circuit,albon,Alexander Albon,Williams,17,19,Retired,0.0,25,1
2024,22,Las Vegas Strip Street Circuit,gasly,Pierre Gasly,Alpine F1 Team,3,20,Retired,0.0,15,1
2024,23,Losail International Circuit,max_verstappen,Max Verstappen,Red Bull,2,1,Finished,25.0,57,0
2024,23,Losail International Circuit,leclerc,Charles Leclerc,Ferrari,5,2,Finished,18.0,57,0
2024,23,Losail International Circuit,piastri,Oscar Piastri,McLaren,4,3,Finished,15.0,57,0
2024,23,Losail International Circuit,russell,George Russell,Mercedes,1,4,Finished,12.0,57,0
2024,23,Losail International Circuit,gasly,Pierre Gasly,Alpine F1 Team,11,5,Finished,10.0,57,0
2024,23,Losail International Circuit,sainz,Carlos Sainz,Ferrari,7,6,Finished,8.0,57,0
2024,23,Losail International Circuit,alonso,Fernando Alonso,Aston Martin,8,7,Finished,6.0,57,0
2024,23,Losail International Circuit,zhou,Guanyu Zhou,Sauber,12,8,Finished,4.0,57,0
2024,23,Losail International Circuit,kevin_magnussen,Kevin Magnussen,Haas F1 Team,10,9,Finished,2.0,57,0
2024,23,Losail International Circuit,norris,Lando Norris,McLaren,3,10,Finished,2.0,57,0
2024,23,Losail International Circuit,bottas,Valtteri Bottas,Sauber,13,11,Finished,0.0,57,0
2024,23,Losail International Circuit,hamilton,Lewis Hamilton,Mercedes,6,12,Finished,0.0,57,0
2024,23,Losail International Circuit,tsunoda,Yuki Tsunoda,RB F1 Team,14,13,Finished,0.0,57,0
2024,23,Losail International Circuit,lawson,Liam Lawson,RB F1 Team,17,14,Finished,0.0,57,0
2024,23,Losail International Circuit,albon,Alexander Albon,Williams,16,15,Lapped,0.0,56,1
2024,23,Losail International Circuit,hulkenberg,Nico Hülkenberg,Haas F1 Team,18,16,Retired,0.0,39,1
2024,23,Losail International Circuit,perez,Sergio Pérez,Red Bull,9,17,Retired,0.0,38,1
2024,23,Losail International Circuit,stroll,Lance Stroll,Aston Martin,15,18,Retired,0.0,8,1
2024,23,Losail International Circuit,colapinto,Franco Colapinto,Williams,19,19,Retired,0.0,0,1
2024,23,Losail International Circuit,ocon,Esteban Ocon,Alpine F1 Team,20,20,Retired,0.0,0,1
2024,24,Yas Marina Circuit,norris,Lando Norris,McLaren,1,1,Finished,25.0,58,0
2024,24,Yas Marina Circuit,sainz,Carlos Sainz,Ferrari,3,2,Finished,18.0,58,0
2024,24,Yas Marina Circuit,leclerc,Charles Leclerc,Ferrari,19,3,Finished,15.0,58,0
2024,24,Yas Marina Circuit,hamilton,Lewis Hamilton,Mercedes,16,4,Finished,12.0,58,0
2024,24,Yas Marina Circuit,russell,George Russell,Mercedes,6,5,Finished,10.0,58,0
2024,24,Yas Marina Circuit,max_verstappen,Max Verstappen,Red Bull,4,6,Finished,8.0,58,0
2024,24,Yas Marina Circuit,gasly,Pierre Gasly,Alpine F1 Team,5,7,Finished,6.0,58,0
2024,24,Yas Marina Circuit,hulkenberg,Nico Hülkenberg,Haas F1 Team,7,8,Finished,4.0,58,0
2024,24,Yas Marina Circuit,alonso,Fernando Alonso,Aston Martin,8,9,Finished,2.0,58,0
2024,24,Yas Marina Circuit,piastri,Oscar Piastri,McLaren,2,10,Finished,1.0,58,0
2024,24,Yas Marina Circuit,albon,Alexander Albon,Williams,18,11,Lapped,0.0,57,1
2024,24,Yas Marina Circuit,tsunoda,Yuki Tsunoda,RB F1 Team,11,12,Lapped,0.0,57,1
2024,24,Yas Marina Circuit,zhou,Guanyu Zhou,Sauber,15,13,Lapped,0.0,57,1
2024,24,Yas Marina Circuit,stroll,Lance Stroll,Aston Martin,13,14,Lapped,0.0,57,1
2024,24,Yas Marina Circuit,doohan,Jack Doohan,Alpine F1 Team,17,15,Lapped,0.0,57,1
2024,24,Yas Marina Circuit,kevin_magnussen,Kevin Magnussen,Haas F1 Team,14,16,Lapped,0.0,57,1
2024,24,Yas Marina Circuit,lawson,Liam Lawson,RB F1 Team,12,17,Retired,0.0,55,1
2024,24,Yas Marina Circuit,bottas,Valtteri Bottas,Sauber,9,18,Retired,0.0,30,1
2024,24,Yas Marina Circuit,colapinto,Franco Colapinto,Williams,20,19,Retired,0.0,26,1
2024,24,Yas Marina Circuit,perez,Sergio Pérez,Red Bull,10,20,Retired,0.0,0,1
2025,1,Albert Park Grand Prix Circuit,norris,Lando Norris,McLaren,1,1,Finished,25.0,57,0
2025,1,Albert Park Grand Prix Circuit,max_verstappen,Max Verstappen,Red Bull,3,2,Finished,18.0,57,0
2025,1,Albert Park Grand Prix Circuit,russell,George Russell,Mercedes,4,3,Finished,15.0,57,0
2025,1,Albert Park Grand Prix Circuit,antonelli,Andrea Kimi Antonelli,Mercedes,16,4,Finished,12.0,57,0
2025,1,Albert Park Grand Prix Circuit,albon,Alexander Albon,Williams,6,5,Finished,10.0,57,0
2025,1,Albert Park Grand Prix Circuit,stroll,Lance Stroll,Aston Martin,13,6,Finished,8.0,57,0
2025,1,Albert Park Grand Prix Circuit,hulkenberg,Nico Hülkenberg,Sauber,17,7,Finished,6.0,57,0
2025,1,Albert Park Grand Prix Circuit,leclerc,Charles Leclerc,Ferrari,7,8,Finished,4.0,57,0
2025,1,Albert Park Grand Prix Circuit,piastri,Oscar Piastri,McLaren,2,9,Finished,2.0,57,0
2025,1,Albert Park Grand Prix Circuit,hamilton,Lewis Hamilton,Ferrari,8,10,Finished,1.0,57,0
2025,1,Albert Park Grand Prix Circuit,gasly,Pierre Gasly,Alpine F1 Team,9,11,Finished,0.0,57,0
2025,1,Albert Park Grand Prix Circuit,tsunoda,Yuki Tsunoda,RB F1 Team,5,12,Finished,0.0,57,0
2025,1,Albert Park Grand Prix Circuit,ocon,Esteban Ocon,Haas F1 Team,19,13,Finished,0.0,57,0
2025,1,Albert Park Grand Prix Circuit,bearman,Oliver Bearman,Haas F1 Team,20,14,Finished,0.0,57,0
2025,1,Albert Park Grand Prix Circuit,lawson,Liam Lawson,Red Bull,18,15,Retired,0.0,46,1
2025,1,Albert Park Grand Prix Circuit,bortoleto,Gabriel Bortoleto,Sauber,15,16,Retired,0.0,45,1
2025,1,Albert Park Grand Prix Circuit,alonso,Fernando Alonso,Aston Martin,12,17,Retired,0.0,32,1
2025,1,Albert Park Grand Prix Circuit,sainz,Carlos Sainz,Williams,10,18,Retired,0.0,0,1
2025,1,Albert Park Grand Prix Circuit,doohan,Jack Doohan,Alpine F1 Team,14,19,Retired,0.0,0,1
2025,1,Albert Park Grand Prix Circuit,hadjar,Isack Hadjar,RB F1 Team,11,20,Retired,0.0,0,1
2025,2,Shanghai International Circuit,piastri,Oscar Piastri,McLaren,1,1,Finished,25.0,56,0
2025,2,Shanghai International Circuit,norris,Lando Norris,McLaren,3,2,Finished,18.0,56,0
2025,2,Shanghai International Circuit,russell,George Russell,Mercedes,2,3,Finished,15.0,56,0
2025,2,Shanghai International Circuit,max_verstappen,Max Verstappen,Red Bull,4,4,Finished,12.0,56,0
2025,2,Shanghai International Circuit,ocon,Esteban Ocon,Haas F1 Team,11,5,Finished,10.0,56,0
2025,2,Shanghai International Circuit,antonelli,Andrea Kimi Antonelli,Mercedes,8,6,Finished,8.0,56,0
2025,2,Shanghai International Circuit,albon,Alexander Albon,Williams,10,7,Finished,6.0,56,0
2025,2,Shanghai International Circuit,bearman,Oliver Bearman,Haas F1 Team,17,8,Finished,4.0,56,0
2025,2,Shanghai International Circuit,stroll,Lance Stroll,Aston Martin,14,9,Finished,2.0,56,0
2025,2,Shanghai International Circuit,sainz,Carlos Sainz,Williams,15,10,Finished,1.0,56,0
2025,2,Shanghai International Circuit,hadjar,Isack Hadjar,RB F1 Team,7,11,Finished,0.0,56,0
2025,2,Shanghai International Circuit,lawson,Liam Lawson,Red Bull,20,12,Finished,0.0,56,0
2025,2,Shanghai International Circuit,doohan,Jack Doohan,Alpine F1 Team,18,13,Finished,0.0,56,0
2025,2,Shanghai International Circuit,bortoleto,Gabriel Bortoleto,Sauber,19,14,Lapped,0.0,55,1
2025,2,Shanghai International Circuit,hulkenberg,Nico Hülkenberg,Sauber,12,15,Lapped,0.0,55,1
2025,2,Shanghai International Circuit,tsunoda,Yuki Tsunoda,RB F1 Team,9,16,Lapped,0.0,55,1
2025,2,Shanghai International Circuit,alonso,Fernando Alonso,Aston Martin,13,17,Retired,0.0,4,1
2025,2,Shanghai International Circuit,leclerc,Charles Leclerc,Ferrari,6,18,Disqualified,0.0,0,1
2025,2,Shanghai International Circuit,hamilton,Lewis Hamilton,Ferrari,5,19,Disqualified,0.0,0,1
2025,2,Shanghai International Circuit,gasly,Pierre Gasly,Alpine F1 Team,16,20,Disqualified,0.0,0,1
2025,3,Suzuka Circuit,max_verstappen,Max Verstappen,Red Bull,1,1,Finished,25.0,53,0
2025,3,Suzuka Circuit,norris,Lando Norris,McLaren,2,2,Finished,18.0,53,0
2025,3,Suzuka Circuit,piastri,Oscar Piastri,McLaren,3,3,Finished,15.0,53,0
2025,3,Suzuka Circuit,leclerc,Charles Leclerc,Ferrari,4,4,Finished,12.0,53,0
2025,3,Suzuka Circuit,russell,George Russell,Mercedes,5,5,Finished,10.0,53,0
2025,3,Suzuka Circuit,antonelli,Andrea Kimi Antonelli,Mercedes,6,6,Finished,8.0,53,0
2025,3,Suzuka Circuit,hamilton,Lewis Hamilton,Ferrari,8,7,Finished,6.0,53,0
2025,3,Suzuka Circuit,hadjar,Isack Hadjar,RB F1 Team,7,8,Finished,4.0,53,0
2025,3,Suzuka Circuit,albon,Alexander Albon,Williams,9,9,Finished,2.0,53,0
2025,3,Suzuka Circuit,bearman,Oliver Bearman,Haas F1 Team,10,10,Finished,1.0,53,0
2025,3,Suzuka Circuit,alonso,Fernando Alonso,Aston Martin,12,11,Finished,0.0,53,0
2025,3,Suzuka Circuit,tsunoda,Yuki Tsunoda,Red Bull,14,12,Finished,0.0,53,0
2025,3,Suzuka Circuit,gasly,Pierre Gasly,Alpine F1 Team,11,13,Finished,0.0,53,0
2025,3,Suzuka Circuit,sainz,Carlos Sainz,Williams,15,14,Finished,0.0,53,0
2025,3,Suzuka Circuit,doohan,Jack Doohan,Alpine F1 Team,19,15,Finished,0.0,53,0
2025,3,Suzuka Circuit,hulkenberg,Nico Hülkenberg,Sauber,16,16,Finished,0.0,53,0
2025,3,Suzuka Circuit,lawson,Liam Lawson,RB F1 Team,13,17,Finished,0.0,53,0
2025,3,Suzuka Circuit,ocon,Esteban Ocon,Haas F1 Team,18,18,Finished,0.0,53,0
2025,3,Suzuka Circuit,bortoleto,Gabriel Bortoleto,Sauber,17,19,Finished,0.0,53,0
2025,3,Suzuka Circuit,stroll,Lance Stroll,Aston Martin,20,20,Lapped,0.0,52,1
2025,4,Bahrain International Circuit,piastri,Oscar Piastri,McLaren,1,1,Finished,25.0,57,0
2025,4,Bahrain International Circuit,russell,George Russell,Mercedes,3,2,Finished,18.0,57,0
2025,4,Bahrain International Circuit,norris,Lando Norris,McLaren,6,3,Finished,15.0,57,0
2025,4,Bahrain International Circuit,leclerc,Charles Leclerc,Ferrari,2,4,Finished,12.0,57,0
2025,4,Bahrain International Circuit,hamilton,Lewis Hamilton,Ferrari,9,5,Finished,10.0,57,0
2025,4,Bahrain International Circuit,max_verstappen,Max Verstappen,Red Bull,7,6,Finished,8.0,57,0
2025,4,Bahrain International Circuit,gasly,Pierre Gasly,Alpine F1 Team,4,7,Finished,6.0,57,0
2025,4,Bahrain International Circuit,ocon,Esteban Ocon,Haas F1 Team,14,8,Finished,4.0,57,0
2025,4,Bahrain International Circuit,tsunoda,Yuki Tsunoda,Red Bull,10,9,Finished,2.0,57,0
2025,4,Bahrain International Circuit,bearman,Oliver Bearman,Haas F1 Team,20,10,Finished,1.0,57,0
2025,4,Bahrain International Circuit,antonelli,Andrea Kimi Antonelli,Mercedes,5,11,Finished,0.0,57,0
2025,4,Bahrain International Circuit,albon,Alexander Albon,Williams,15,12,Finished,0.0,57,0
2025,4,Bahrain International Circuit,hadjar,Isack Hadjar,RB F1 Team,12,13,Finished,0.0,57,0
2025,4,Bahrain International Circuit,doohan,Jack Doohan,Alpine F1 Team,11,14,Finished,0.0,57,0
2025,4,Bahrain International Circuit,alonso,Fernando Alonso,Aston Martin,13,15,Finished,0.0,57,0
2025,4,Bahrain International Circuit,lawson,Liam Lawson,RB F1 Team,17,16,Finished,0.0,57,0
2025,4,Bahrain International Circuit,stroll,Lance Stroll,Aston Martin,19,17,Finished,0.0,57,0
2025,4,Bahrain International Circuit,bortoleto,Gabriel Bortoleto,Sauber,18,18,Finished,0.0,57,0
2025,4,Bahrain International Circuit,sainz,Carlos Sainz,Williams,8,19,Retired,0.0,45,1
2025,4,Bahrain International Circuit,hulkenberg,Nico Hülkenberg,Sauber,16,20,Disqualified,0.0,0,1
2025,5,Jeddah Corniche Circuit,piastri,Oscar Piastri,McLaren,2,1,Finished,25.0,50,0
2025,5,Jeddah Corniche Circuit,max_verstappen,Max Verstappen,Red Bull,1,2,Finished,18.0,50,0
2025,5,Jeddah Corniche Circuit,leclerc,Charles Leclerc,Ferrari,4,3,Finished,15.0,50,0
2025,5,Jeddah Corniche Circuit,norris,Lando Norris,McLaren,10,4,Finished,12.0,50,0
2025,5,Jeddah Corniche Circuit,russell,George Russell,Mercedes,3,5,Finished,10.0,50,0
2025,5,Jeddah Corniche Circuit,antonelli,Andrea Kimi Antonelli,Mercedes,5,6,Finished,8.0,50,0
2025,5,Jeddah Corniche Circuit,hamilton,Lewis Hamilton,Ferrari,7,7,Finished,6.0,50,0
2025,5,Jeddah Corniche Circuit,sainz,Carlos Sainz,Williams,6,8,Finished,4.0,50,0
2025,5,Jeddah Corniche Circuit,albon,Alexander Albon,Williams,11,9,Finished,2.0,50,0
2025,5,Jeddah Corniche Circuit,hadjar,Isack Hadjar,RB F1 Team,14,10,Finished,1.0,50,0
2025,5,Jeddah Corniche Circuit,alonso,Fernando Alonso,Aston Martin,13,11,Finished,0.0,50,0
2025,5,Jeddah Corniche Circuit,lawson,Liam Lawson,RB F1 Team,12,12,Finished,0.0,50,0
2025,5,Jeddah Corniche Circuit,bearman,Oliver Bearman,Haas F1 Team,15,13,Finished,0.0,50,0
2025,5,Jeddah Corniche Circuit,ocon,Esteban Ocon,Haas F1 Team,19,14,Finished,0.0,50,0
2025,5,Jeddah Corniche Circuit,hulkenberg,Nico Hülkenberg,Sauber,18,15,Lapped,0.0,49,1
2025,5,Jeddah Corniche Circuit,stroll,Lance Stroll,Aston Martin,16,16,Lapped,0.0,49,1
2025,5,Jeddah Corniche Circuit,doohan,Jack Doohan,Alpine F1 Team,17,17,Lapped,0.0,49,1
2025,5,Jeddah Corniche Circuit,bortoleto,Gabriel Bortoleto,Sauber,20,18,Lapped,0.0,49,1
2025,5,Jeddah Corniche Circuit,tsunoda,Yuki Tsunoda,Red Bull,8,19,Retired,0.0,1,1
2025,5,Jeddah Corniche Circuit,gasly,Pierre Gasly,Alpine F1 Team,9,20,Retired,0.0,0,1
2025,6,Miami International Autodrome,piastri,Oscar Piastri,McLaren,4,1,Finished,25.0,57,0
2025,6,Miami International Autodrome,norris,Lando Norris,McLaren,2,2,Finished,18.0,57,0
2025,6,Miami International Autodrome,russell,George Russell,Mercedes,5,3,Finished,15.0,57,0
2025,6,Miami International Autodrome,max_verstappen,Max Verstappen,Red Bull,1,4,Finished,12.0,57,0
2025,6,Miami International Autodrome,albon,Alexander Albon,Williams,7,5,Finished,10.0,57,0
2025,6,Miami International Autodrome,antonelli,Andrea Kimi Antonelli,Mercedes,3,6,Finished,8.0,57,0
2025,6,Miami International Autodrome,leclerc,Charles Leclerc,Ferrari,8,7,Finished,6.0,57,0
2025,6,Miami International Autodrome,hamilton,Lewis Hamilton,Ferrari,12,8,Finished,4.0,57,0
2025,6,Miami International Autodrome,sainz,Carlos Sainz,Williams,6,9,Finished,2.0,57,0
2025,6,Miami International Autodrome,tsunoda,Yuki Tsunoda,Red Bull,10,10,Finished,1.0,57,0
2025,6,Miami International Autodrome,hadjar,Isack Hadjar,RB F1 Team,11,11,Finished,0.0,57,0
2025,6,Miami International Autodrome,ocon,Esteban Ocon,Haas F1 Team,9,12,Finished,0.0,57,0
2025,6,Miami International Autodrome,gasly,Pierre Gasly,Alpine F1 Team,20,13,Finished,0.0,57,0
2025,6,Miami International Autodrome,hulkenberg,Nico Hülkenberg,Sauber,16,14,Lapped,0.0,56,1
2025,6,Miami International Autodrome,alonso,Fernando Alonso,Aston Martin,17,15,Lapped,0.0,56,1
2025,6,Miami International Autodrome,stroll,Lance Stroll,Aston Martin,18,16,Lapped,0.0,56,1
2025,6,Miami International Autodrome,lawson,Liam Lawson,RB F1 Team,15,17,Retired,0.0,36,1
2025,6,Miami International Autodrome,bortoleto,Gabriel Bortoleto,Sauber,13,18,Retired,0.0,30,1
2025,6,Miami International Autodrome,bearman,Oliver Bearman,Haas F1 Team,19,19,Retired,0.0,27,1
2025,6,Miami International Autodrome,doohan,Jack Doohan,Alpine F1 Team,14,20,Retired,0.0,0,1
2025,7,Autodromo Enzo e Dino Ferrari,max_verstappen,Max Verstappen,Red Bull,2,1,Finished,25.0,63,0
2025,7,Autodromo Enzo e Dino Ferrari,norris,Lando Norris,McLaren,4,2,Finished,18.0,63,0
2025,7,Autodromo Enzo e Dino Ferrari,piastri,Oscar Piastri,McLaren,1,3,Finished,15.0,63,0
2025,7,Autodromo Enzo e Dino Ferrari,hamilton,Lewis Hamilton,Ferrari,12,4,Finished,12.0,63,0
2025,7,Autodromo Enzo e Dino Ferrari,albon,Alexander Albon,Williams,7,5,Finished,10.0,63,0
2025,7,Autodromo Enzo e Dino Ferrari,leclerc,Charles Leclerc,Ferrari,11,6,Finished,8.0,63,0
2025,7,Autodromo Enzo e Dino Ferrari,russell,George Russell,Mercedes,3,7,Finished,6.0,63,0
2025,7,Autodromo Enzo e Dino Ferrari,sainz,Carlos Sainz,Williams,6,8,Finished,4.0,63,0
2025,7,Autodromo Enzo e Dino Ferrari,hadjar,Isack Hadjar,RB F1 Team,9,9,Finished,2.0,63,0
2025,7,Autodromo Enzo e Dino Ferrari,tsunoda,Yuki Tsunoda,Red Bull,20,10,Finished,1.0,63,0
2025,7,Autodromo Enzo e Dino Ferrari,alonso,Fernando Alonso,Aston Martin,5,11,Finished,0.0,63,0
2025,7,Autodromo Enzo e Dino Ferrari,hulkenberg,Nico Hülkenberg,Sauber,17,12,Finished,0.0,63,0
2025,7,Autodromo Enzo e Dino Ferrari,gasly,Pierre Gasly,Alpine F1 Team,10,13,Finished,0.0,63,0
2025,7,Autodromo Enzo e Dino Ferrari,lawson,Liam Lawson,RB F1 Team,15,14,Finished,0.0,63,0
2025,7,Autodromo Enzo e Dino Ferrari,stroll,Lance Stroll,Aston Martin,8,15,Finished,0.0,63,0
2025,7,Autodromo Enzo e Dino Ferrari,colapinto,Franco Colapinto,Alpine F1 Team,16,16,Finished,0.0,63,0
2025,7,Autodromo Enzo e Dino Ferrari,bearman,Oliver Bearman,Haas F1 Team,19,17,Finished,0.0,63,0
2025,7,Autodromo Enzo e Dino Ferrari,bortoleto,Gabriel Bortoleto,Sauber,14,18,Finished,0.0,63,0
2025,7,Autodromo Enzo e Dino Ferrari,antonelli,Andrea Kimi Antonelli,Mercedes,13,19,Retired,0.0,44,1
2025,7,Autodromo Enzo e Dino Ferrari,ocon,Esteban Ocon,Haas F1 Team,18,20,Retired,0.0,27,1
2025,8,Circuit de Monaco,norris,Lando Norris,McLaren,1,1,Finished,25.0,78,0
2025,8,Circuit de Monaco,leclerc,Charles Leclerc,Ferrari,2,2,Finished,18.0,78,0
2025,8,Circuit de Monaco,piastri,Oscar Piastri,McLaren,3,3,Finished,15.0,78,0
2025,8,Circuit de Monaco,max_verstappen,Max Verstappen,Red Bull,4,4,Finished,12.0,78,0
2025,8,Circuit de Monaco,hamilton,Lewis Hamilton,Ferrari,7,5,Finished,10.0,78,0
2025,8,Circuit de Monaco,hadjar,Isack Hadjar,RB F1 Team,5,6,Lapped,8.0,77,1
2025,8,Circuit de Monaco,ocon,Esteban Ocon,Haas F1 Team,8,7,Lapped,6.0,77,1
2025,8,Circuit de Monaco,lawson,Liam Lawson,RB F1 Team,9,8,Lapped,4.0,77,1
2025,8,Circuit de Monaco,albon,Alexander Albon,Williams,10,9,Lapped,2.0,76,1
2025,8,Circuit de Monaco,sainz,Carlos Sainz,Williams,11,10,Lapped,1.0,76,1
2025,8,Circuit de Monaco,russell,George Russell,Mercedes,14,11,Lapped,0.0,76,1
2025,8,Circuit de Monaco,bearman,Oliver Bearman,Haas F1 Team,20,12,Lapped,0.0,76,1
2025,8,Circuit de Monaco,colapinto,Franco Colapinto,Alpine F1 Team,18,13,Lapped,0.0,76,1
2025,8,Circuit de Monaco,bortoleto,Gabriel Bortoleto,Sauber,16,14,Lapped,0.0,76,1
2025,8,Circuit de Monaco,stroll,Lance Stroll,Aston Martin,19,15,Lapped,0.0,76,1
2025,8,Circuit de Monaco,hulkenberg,Nico Hülkenberg,Sauber,13,16,Lapped,0.0,76,1
2025,8,Circuit de Monaco,tsunoda,Yuki Tsunoda,Red Bull,12,17,Lapped,0.0,76,1
2025,8,Circuit de Monaco,antonelli,Andrea Kimi Antonelli,Mercedes,15,18,Lapped,0.0,75,1
2025,8,Circuit de Monaco,alonso,Fernando Alonso,Aston Martin,6,19,Retired,0.0,36,1
2025,8,Circuit de Monaco,gasly,Pierre Gasly,Alpine F1 Team,17,20,Retired,0.0,7,1
2025,9,Circuit de Barcelona-Catalunya,piastri,Oscar Piastri,McLaren,1,1,Finished,25.0,66,0
2025,9,Circuit de Barcelona-Catalunya,norris,Lando Norris,McLaren,2,2,Finished,18.0,66,0
2025,9,Circuit de Barcelona-Catalunya,leclerc,Charles Leclerc,Ferrari,7,3,Finished,15.0,66,0
2025,9,Circuit de Barcelona-Catalunya,russell,George Russell,Mercedes,4,4,Finished,12.0,66,0
2025,9,Circuit de Barcelona-Catalunya,hulkenberg,Nico Hülkenberg,Sauber,15,5,Finished,10.0,66,0
2025,9,Circuit de Barcelona-Catalunya,hamilton,Lewis Hamilton,Ferrari,5,6,Finished,8.0,66,0
2025,9,Circuit de Barcelona-Catalunya,hadjar,Isack Hadjar,RB F1 Team,9,7,Finished,6.0,66,0
2025,9,Circuit de Barcelona-Catalunya,gasly,Pierre Gasly,Alpine F1 Team,8,8,Finished,4.0,66,0
2025,9,Circuit de Barcelona-Catalunya,alonso,Fernando Alonso,Aston Martin,10,9,Finished,2.0,66,0
2025,9,Circuit de Barcelona-Catalunya,max_verstappen,Max Verstappen,Red Bull,3,10,Finished,1.0,66,0
2025,9,Circuit de Barcelona-Catalunya,lawson,Liam Lawson,RB F1 Team,13,11,Finished,0.0,66,0
2025,9,Circuit de Barcelona-Catalunya,bortoleto,Gabriel Bortoleto,Sauber,12,12,Finished,0.0,66,0
2025,9,Circuit de Barcelona-Catalunya,tsunoda,Yuki Tsunoda,Red Bull,19,13,Finished,0.0,66,0
2025,9,Circuit de Barcelona-Catalunya,sainz,Carlos Sainz,Williams,17,14,Finished,0.0,66,0
2025,9,Circuit de Barcelona-Catalunya,colapinto,Franco Colapinto,Alpine F1 Team,18,15,Finished,0.0,66,0
2025,9,Circuit de Barcelona-Catalunya,ocon,Esteban Ocon,Haas F1 Team,16,16,Finished,0.0,66,0
2025,9,Circuit de Barcelona-Catalunya,bearman,Oliver Bearman,Haas F1 Team,14,17,Finished,0.0,66,0
2025,9,Circuit de Barcelona-Catalunya,antonelli,Andrea Kimi Antonelli,Mercedes,6,18,Retired,0.0,53,1
2025,9,Circuit de Barcelona-Catalunya,albon,Alexander Albon,Williams,11,19,Retired,0.0,27,1
2025,10,Circuit Gilles Villeneuve,russell,George Russell,Mercedes,1,1,Finished,25.0,70,0
2025,10,Circuit Gilles Villeneuve,max_verstappen,Max Verstappen,Red Bull,2,2,Finished,18.0,70,0
2025,10,Circuit Gilles Villeneuve,antonelli,Andrea Kimi Antonelli,Mercedes,4,3,Finished,15.0,70,0
2025,10,Circuit Gilles Villeneuve,piastri,Oscar Piastri,McLaren,3,4,Finished,12.0,70,0
2025,10,Circuit Gilles Villeneuve,leclerc,Charles Leclerc,Ferrari,8,5,Finished,10.0,70,0
2025,10,Circuit Gilles Villeneuve,hamilton,Lewis Hamilton,Ferrari,5,6,Finished,8.0,70,0
2025,10,Circuit Gilles Villeneuve,alonso,Fernando Alonso,Aston Martin,6,7,Finished,6.0,70,0
2025,10,Circuit Gilles Villeneuve,hulkenberg,Nico Hülkenberg,Sauber,11,8,Finished,4.0,70,0
2025,10,Circuit Gilles Villeneuve,ocon,Esteban Ocon,Haas F1 Team,14,9,Lapped,2.0,69,1
2025,10,Circuit Gilles Villeneuve,sainz,Carlos Sainz,Williams,16,10,Lapped,1.0,69,1
2025,10,Circuit Gilles Villeneuve,bearman,Oliver Bearman,Haas F1 Team,13,11,Lapped,0.0,69,1
2025,10,Circuit Gilles Villeneuve,tsunoda,Yuki Tsunoda,Red Bull,18,12,Lapped,0.0,69,1
2025,10,Circuit Gilles Villeneuve,colapinto,Franco Colapinto,Alpine F1 Team,10,13,Lapped,0.0,69,1
2025,10,Circuit Gilles Villeneuve,bortoleto,Gabriel Bortoleto,Sauber,15,14,Lapped,0.0,69,1
2025,10,Circuit Gilles Villeneuve,gasly,Pierre Gasly,Alpine F1 Team,20,15,Lapped,0.0,69,1
2025,10,Circuit Gilles Villeneuve,hadjar,Isack Hadjar,RB F1 Team,12,16,Lapped,0.0,69,1
2025,10,Circuit Gilles Villeneuve,stroll,Lance Stroll,Aston Martin,17,17,Lapped,0.0,69,1
2025,10,Circuit Gilles Villeneuve,norris,Lando Norris,McLaren,7,18,Retired,0.0,66,1
2025,10,Circuit Gilles Villeneuve,lawson,Liam Lawson,RB F1 Team,19,19,Retired,0.0,53,1
2025,10,Circuit Gilles Villeneuve,albon,Alexander Albon,Williams,9,20,Retired,0.0,46,1
2025,11,Red Bull Ring,norris,Lando Norris,McLaren,1,1,Finished,25.0,70,0
2025,11,Red Bull Ring,piastri,Oscar Piastri,McLaren,3,2,Finished,18.0,70,0
2025,11,Red Bull Ring,leclerc,Charles Leclerc,Ferrari,2,3,Finished,15.0,70,0
2025,11,Red Bull Ring,hamilton,Lewis Hamilton,Ferrari,4,4,Finished,12.0,70,0
2025,11,Red Bull Ring,russell,George Russell,Mercedes,5,5,Finished,10.0,70,0
2025,11,Red Bull Ring,lawson,Liam Lawson,RB F1 Team,6,6,Finished,8.0,70,0
2025,11,Red Bull Ring,alonso,Fernando Alonso,Aston Martin,11,7,Lapped,6.0,69,1
2025,11,Red Bull Ring,bortoleto,Gabriel Bortoleto,Sauber,8,8,Lapped,4.0,69,1
2025,11,Red Bull Ring,hulkenberg,Nico Hülkenberg,Sauber,20,9,Lapped,2.0,69,1
2025,11,Red Bull Ring,ocon,Esteban Ocon,Haas F1 Team,17,10,Lapped,1.0,69,1
2025,11,Red Bull Ring,bearman,Oliver Bearman,Haas F1 Team,15,11,Lapped,0.0,69,1
2025,11,Red Bull Ring,hadjar,Isack Hadjar,RB F1 Team,13,12,Lapped,0.0,69,1
2025,11,Red Bull Ring,gasly,Pierre Gasly,Alpine F1 Team,10,13,Lapped,0.0,69,1
2025,11,Red Bull Ring,stroll,Lance Stroll,Aston Martin,16,14,Lapped,0.0,69,1
2025,11,Red Bull Ring,colapinto,Franco Colapinto,Alpine F1 Team,14,15,Lapped,0.0,69,1
2025,11,Red Bull Ring,tsunoda,Yuki Tsunoda,Red Bull,18,16,Lapped,0.0,68,1
2025,11,Red Bull Ring,albon,Alexander Albon,Williams,12,17,Retired,0.0,15,1
2025,11,Red Bull Ring,max_verstappen,Max Verstappen,Red Bull,7,18,Retired,0.0,0,1
2025,11,Red Bull Ring,antonelli,Andrea Kimi Antonelli,Mercedes,9,19,Retired,0.0,0,1
2025,11,Red Bull Ring,sainz,Carlos Sainz,Williams,19,20,Did not start,0.0,0,1
2025,12,Silverstone Circuit,norris,Lando Norris,McLaren,3,1,Finished,25.0,52,0
2025,12,Silverstone Circuit,piastri,Oscar Piastri,McLaren,2,2,Finished,18.0,52,0
2025,12,Silverstone Circuit,hulkenberg,Nico Hülkenberg,Sauber,19,3,Finished,15.0,52,0
2025,12,Silverstone Circuit,hamilton,Lewis Hamilton,Ferrari,5,4,Finished,12.0,52,0
2025,12,Silverstone Circuit,max_verstappen,Max Verstappen,Red Bull,1,5,Finished,10.0,52,0
2025,12,Silverstone Circuit,gasly,Pierre Gasly,Alpine F1 Team,8,6,Finished,8.0,52,0
2025,12,Silverstone Circuit,stroll,Lance Stroll,Aston Martin,17,7,Finished,6.0,52,0
2025,12,Silverstone Circuit,albon,Alexander Albon,Williams,13,8,Finished,4.0,52,0
2025,12,Silverstone Circuit,alonso,Fernando Alonso,Aston Martin,7,9,Finished,2.0,52,0
2025,12,Silverstone Circuit,russell,George Russell,Mercedes,4,10,Finished,1.0,52,0
2025,12,Silverstone Circuit,bearman,Oliver Bearman,Haas F1 Team,18,11,Finished,0.0,52,0
2025,12,Silverstone Circuit,sainz,Carlos Sainz,Williams,9,12,Finished,0.0,52,0
2025,12,Silverstone Circuit,ocon,Esteban Ocon,Haas F1 Team,14,13,Finished,0.0,52,0
2025,12,Silverstone Circuit,leclerc,Charles Leclerc,Ferrari,6,14,Finished,0.0,52,0
2025,12,Silverstone Circuit,tsunoda,Yuki Tsunoda,Red Bull,11,15,Lapped,0.0,51,1
2025,12,Silverstone Circuit,antonelli,Andrea Kimi Antonelli,Mercedes,10,16,Retired,0.0,23,1
2025,12,Silverstone Circuit,hadjar,Isack Hadjar,RB F1 Team,12,17,Retired,0.0,17,1
2025,12,Silverstone Circuit,bortoleto,Gabriel Bortoleto,Sauber,16,18,Retired,0.0,3,1
2025,12,Silverstone Circuit,lawson,Liam Lawson,RB F1 Team,15,19,Retired,0.0,0,1
2025,12,Silverstone Circuit,colapinto,Franco Colapinto,Alpine F1 Team,20,20,Did not start,0.0,0,1
2025,13,Circuit de Spa-Francorchamps,piastri,Oscar Piastri,McLaren,2,1,Finished,25.0,44,0
2025,13,Circuit de Spa-Francorchamps,norris,Lando Norris,McLaren,1,2,Finished,18.0,44,0
2025,13,Circuit de Spa-Francorchamps,leclerc,Charles Leclerc,Ferrari,3,3,Finished,15.0,44,0
2025,13,Circuit de Spa-Francorchamps,max_verstappen,Max Verstappen,Red Bull,4,4,Finished,12.0,44,0
2025,13,Circuit de Spa-Francorchamps,russell,George Russell,Mercedes,6,5,Finished,10.0,44,0
2025,13,Circuit de Spa-Francorchamps,albon,Alexander Albon,Williams,5,6,Finished,8.0,44,0
2025,13,Circuit de Spa-Francorchamps,hamilton,Lewis Hamilton,Ferrari,18,7,Finished,6.0,44,0
2025,13,Circuit de Spa-Francorchamps,lawson,Liam Lawson,RB F1 Team,9,8,Finished,4.0,44,0
2025,13,Circuit de Spa-Francorchamps,bortoleto,Gabriel Bortoleto,Sauber,10,9,Finished,2.0,44,0
2025,13,Circuit de Spa-Francorchamps,gasly,Pierre Gasly,Alpine F1 Team,13,10,Finished,1.0,44,0
2025,13,Circuit de Spa-Francorchamps,bearman,Oliver Bearman,Haas F1 Team,12,11,Finished,0.0,44,0
2025,13,Circuit de Spa-Francorchamps,hulkenberg,Nico Hülkenberg,Sauber,14,12,Finished,0.0,44,0
2025,13,Circuit de Spa-Francorchamps,tsunoda,Yuki Tsunoda,Red Bull,7,13,Finished,0.0,44,0
2025,13,Circuit de Spa-Francorchamps,stroll,Lance Stroll,Aston Martin,16,14,Finished,0.0,44,0
2025,13,Circuit de Spa-Francorchamps,ocon,Esteban Ocon,Haas F1 Team,11,15,Finished,0.0,44,0
2025,13,Circuit de Spa-Francorchamps,antonelli,Andrea Kimi Antonelli,Mercedes,19,16,Finished,0.0,44,0
2025,13,Circuit de Spa-Francorchamps,alonso,Fernando Alonso,Aston Martin,20,17,Finished,0.0,44,0
2025,13,Circuit de Spa-Francorchamps,sainz,Carlos Sainz,Williams,17,18,Finished,0.0,44,0
2025,13,Circuit de Spa-Francorchamps,colapinto,Franco Colapinto,Alpine F1 Team,15,19,Finished,0.0,44,0
2025,13,Circuit de Spa-Francorchamps,hadjar,Isack Hadjar,RB F1 Team,8,20,Lapped,0.0,43,1
2025,14,Hungaroring,norris,Lando Norris,McLaren,3,1,Finished,25.0,70,0
2025,14,Hungaroring,piastri,Oscar Piastri,McLaren,2,2,Finished,18.0,70,0
2025,14,Hungaroring,russell,George Russell,Mercedes,4,3,Finished,15.0,70,0
2025,14,Hungaroring,leclerc,Charles Leclerc,Ferrari,1,4,Finished,12.0,70,0
2025,14,Hungaroring,alonso,Fernando Alonso,Aston Martin,5,5,Finished,10.0,70,0
2025,14,Hungaroring,bortoleto,Gabriel Bortoleto,Sauber,7,6,Finished,8.0,70,0
2025,14,Hungaroring,stroll,Lance Stroll,Aston Martin,6,7,Finished,6.0,70,0
2025,14,Hungaroring,lawson,Liam Lawson,RB F1 Team,9,8,Finished,4.0,70,0
2025,14,Hungaroring,max_verstappen,Max Verstappen,Red Bull,8,9,Finished,2.0,70,0
2025,14,Hungaroring,antonelli,Andrea Kimi Antonelli,Mercedes,15,10,Lapped,1.0,69,1
2025,14,Hungaroring,hadjar,Isack Hadjar,RB F1 Team,10,11,Lapped,0.0,69,1
2025,14,Hungaroring,hamilton,Lewis Hamilton,Ferrari,12,12,Lapped,0.0,69,1
2025,14,Hungaroring,hulkenberg,Nico Hülkenberg,Sauber,18,13,Lapped,0.0,69,1
2025,14,Hungaroring,sainz,Carlos Sainz,Williams,13,14,Lapped,0.0,69,1
2025,14,Hungaroring,albon,Alexander Albon,Williams,19,15,Lapped,0.0,69,1
2025,14,Hungaroring,ocon,Esteban Ocon,Haas F1 Team,17,16,Lapped,0.0,69,1
2025,14,Hungaroring,tsunoda,Yuki Tsunoda,Red Bull,20,17,Lapped,0.0,69,1
2025,14,Hungaroring,colapinto,Franco Colapinto,Alpine F1 Team,14,18,Lapped,0.0,69,1
2025,14,Hungaroring,gasly,Pierre Gasly,Alpine F1 Team,16,19,Lapped,0.0,69,1
2025,14,Hungaroring,bearman,Oliver Bearman,Haas F1 Team,11,20,Retired,0.0,48,1
2025,15,Circuit Park Zandvoort,piastri,Oscar Piastri,McLaren,1,1,Finished,25.0,72,0
2025,15,Circuit Park Zandvoort,max_verstappen,Max Verstappen,Red Bull,3,2,Finished,18.0,72,0
2025,15,Circuit Park Zandvoort,hadjar,Isack Hadjar,RB F1 Team,4,3,Finished,15.0,72,0
2025,15,Circuit Park Zandvoort,russell,George Russell,Mercedes,5,4,Finished,12.0,72,0
2025,15,Circuit Park Zandvoort,albon,Alexander Albon,Williams,15,5,Finished,10.0,72,0
2025,15,Circuit Park Zandvoort,bearman,Oliver Bearman,Haas F1 Team,20,6,Finished,8.0,72,0
2025,15,Circuit Park Zandvoort,stroll,Lance Stroll,Aston Martin,19,7,Finished,6.0,72,0
2025,15,Circuit Park Zandvoort,alonso,Fernando Alonso,Aston Martin,10,8,Finished,4.0,72,0
2025,15,Circuit Park Zandvoort,tsunoda,Yuki Tsunoda,Red Bull,12,9,Finished,2.0,72,0
2025,15,Circuit Park Zandvoort,ocon,Esteban Ocon,Haas F1 Team,18,10,Finished,1.0,72,0
2025,15,Circuit Park Zandvoort,colapinto,Franco Colapinto,Alpine F1 Team,16,11,Finished,0.0,72,0
2025,15,Circuit Park Zandvoort,lawson,Liam Lawson,RB F1 Team,8,12,Finished,0.0,72,0
2025,15,Circuit Park Zandvoort,sainz,Carlos Sainz,Williams,9,13,Finished,0.0,72,0
2025,15,Circuit Park Zandvoort,hulkenberg,Nico Hülkenberg,Sauber,17,14,Finished,0.0,72,0
2025,15,Circuit Park Zandvoort,bortoleto,Gabriel Bortoleto,Sauber,13,15,Finished,0.0,72,0
2025,15,Circuit Park Zandvoort,antonelli,Andrea Kimi Antonelli,Mercedes,11,16,Finished,0.0,72,0
2025,15,Circuit Park Zandvoort,gasly,Pierre Gasly,Alpine F1 Team,14,17,Finished,0.0,72,0
2025,15,Circuit Park Zandvoort,norris,Lando Norris,McLaren,2,18,Retired,0.0,64,1
2025,15,Circuit Park Zandvoort,leclerc,Charles Leclerc,Ferrari,6,19,Retired,0.0,52,1
2025,15,Circuit Park Zandvoort,hamilton,Lewis Hamilton,Ferrari,7,20,Retired,0.0,22,1
2025,16,Autodromo Nazionale di Monza,max_verstappen,Max Verstappen,Red Bull,1,1,Finished,25.0,53,0
2025,16,Autodromo Nazionale di Monza,norris,Lando Norris,McLaren,2,2,Finished,18.0,53,0
2025,16,Autodromo Nazionale di Monza,piastri,Oscar Piastri,McLaren,3,3,Finished,15.0,53,0
2025,16,Autodromo Nazionale di Monza,leclerc,Charles Leclerc,Ferrari,4,4,Finished,12.0,53,0
2025,16,Autodromo Nazionale di Monza,russell,George Russell,Mercedes,5,5,Finished,10.0,53,0
2025,16,Autodromo Nazionale di Monza,hamilton,Lewis Hamilton,Ferrari,10,6,Finished,8.0,53,0
2025,16,Autodromo Nazionale di Monza,albon,Alexander Albon,Williams,14,7,Finished,6.0,53,0
2025,16,Autodromo Nazionale di Monza,bortoleto,Gabriel Bortoleto,Sauber,7,8,Finished,4.0,53,0
2025,16,Autodromo Nazionale di Monza,antonelli,Andrea Kimi Antonelli,Mercedes,6,9,Finished,2.0,53,0
2025,16,Autodromo Nazionale di Monza,hadjar,Isack Hadjar,RB F1 Team,19,10,Finished,1.0,53,0
2025,16,Autodromo Nazionale di Monza,sainz,Carlos Sainz,Williams,13,11,Finished,0.0,53,0
2025,16,Autodromo Nazionale di Monza,bearman,Oliver Bearman,Haas F1 Team,11,12,Finished,0.0,53,0
2025,16,Autodromo Nazionale di Monza,tsunoda,Yuki Tsunoda,Red Bull,9,13,Finished,0.0,53,0
2025,16,Autodromo Nazionale di Monza,lawson,Liam Lawson,RB F1 Team,18,14,Finished,0.0,53,0
2025,16,Autodromo Nazionale di Monza,ocon,Esteban Ocon,Haas F1 Team,15,15,Lapped,0.0,52,1
2025,16,Autodromo Nazionale di Monza,gasly,Pierre Gasly,Alpine F1 Team,20,16,Lapped,0.0,52,1
2025,16,Autodromo Nazionale di Monza,colapinto,Franco Colapinto,Alpine F1 Team,17,17,Lapped,0.0,52,1
2025,16,Autodromo Nazionale di Monza,stroll,Lance Stroll,Aston Martin,16,18,Lapped,0.0,52,1
2025,16,Autodromo Nazionale di Monza,alonso,Fernando Alonso,Aston Martin,8,19,Retired,0.0,24,1
2025,16,Autodromo Nazionale di Monza,hulkenberg,Nico Hülkenberg,Sauber,12,20,Did not start,0.0,0,1
2025,17,Baku City Circuit,max_verstappen,Max Verstappen,Red Bull,1,1,Finished,25.0,51,0
2025,17,Baku City Circuit,russell,George Russell,Mercedes,5,2,Finished,18.0,51,0
2025,17,Baku City Circuit,sainz,Carlos Sainz,Williams,2,3,Finished,15.0,51,0
2025,17,Baku City Circuit,antonelli,Andrea Kimi Antonelli,Mercedes,4,4,Finished,12.0,51,0
2025,17,Baku City Circuit,lawson,Liam Lawson,RB F1 Team,3,5,Finished,10.0,51,0
2025,17,Baku City Circuit,tsunoda,Yuki Tsunoda,Red Bull,6,6,Finished,8.0,51,0
2025,17,Baku City Circuit,norris,Lando Norris,McLaren,7,7,Finished,6.0,51,0
2025,17,Baku City Circuit,hamilton,Lewis Hamilton,Ferrari,12,8,Finished,4.0,51,0
2025,17,Baku City Circuit,leclerc,Charles Leclerc,Ferrari,10,9,Finished,2.0,51,0
2025,17,Baku City Circuit,hadjar,Isack Hadjar,RB F1 Team,8,10,Finished,1.0,51,0
2025,17,Baku City Circuit,bortoleto,Gabriel Bortoleto,Sauber,13,11,Finished,0.0,51,0
2025,17,Baku City Circuit,bearman,Oliver Bearman,Haas F1 Team,15,12,Finished,0.0,51,0
2025,17,Baku City Circuit,albon,Alexander Albon,Williams,19,13,Finished,0.0,51,0
2025,17,Baku City Circuit,ocon,Esteban Ocon,Haas F1 Team,20,14,Finished,0.0,51,0
2025,17,Baku City Circuit,alonso,Fernando Alonso,Aston Martin,11,15,Finished,0.0,51,0
2025,17,Baku City Circuit,hulkenberg,Nico Hülkenberg,Sauber,17,16,Finished,0.0,51,0
2025,17,Baku City Circuit,stroll,Lance Stroll,Aston Martin,14,17,Finished,0.0,51,0
2025,17,Baku City Circuit,gasly,Pierre Gasly,Alpine F1 Team,18,18,Lapped,0.0,50,1
2025,17,Baku City Circuit,colapinto,Franco Colapinto,Alpine F1 Team,16,19,Lapped,0.0,50,1
2025,17,Baku City Circuit,piastri,Oscar Piastri,McLaren,9,20,Retired,0.0,0,1
2025,18,Marina Bay Street Circuit,russell,George Russell,Mercedes,1,1,Finished,25.0,62,0
2025,18,Marina Bay Street Circuit,max_verstappen,Max Verstappen,Red Bull,2,2,Finished,18.0,62,0
2025,18,Marina Bay Street Circuit,norris,Lando Norris,McLaren,5,3,Finished,15.0,62,0
2025,18,Marina Bay Street Circuit,piastri,Oscar Piastri,McLaren,3,4,Finished,12.0,62,0
2025,18,Marina Bay Street Circuit,antonelli,Andrea Kimi Antonelli,Mercedes,4,5,Finished,10.0,62,0
2025,18,Marina Bay Street Circuit,leclerc,Charles Leclerc,Ferrari,7,6,Finished,8.0,62,0
2025,18,Marina Bay Street Circuit,alonso,Fernando Alonso,Aston Martin,10,7,Finished,6.0,62,0
2025,18,Marina Bay Street Circuit,hamilton,Lewis Hamilton,Ferrari,6,8,Finished,4.0,62,0
2025,18,Marina Bay Street Circuit,bearman,Oliver Bearman,Haas F1 Team,9,9,Finished,2.0,62,0
2025,18,Marina Bay Street Circuit,sainz,Carlos Sainz,Williams,18,10,Lapped,1.0,61,1
2025,18,Marina Bay Street Circuit,hadjar,Isack Hadjar,RB F1 Team,8,11,Lapped,0.0,61,1
2025,18,Marina Bay Street Circuit,tsunoda,Yuki Tsunoda,Red Bull,13,12,Lapped,0.0,61,1
2025,18,Marina Bay Street Circuit,stroll,Lance Stroll,Aston Martin,15,13,Lapped,0.0,61,1
2025,18,Marina Bay Street Circuit,albon,Alexander Albon,Williams,20,14,Lapped,0.0,61,1
2025,18,Marina Bay Street Circuit,lawson,Liam Lawson,RB F1 Team,12,15,Lapped,0.0,61,1
2025,18,Marina Bay Street Circuit,colapinto,Franco Colapinto,Alpine F1 Team,16,16,Lapped,0.0,61,1
2025,18,Marina Bay Street Circuit,bortoleto,Gabriel Bortoleto,Sauber,14,17,Lapped,0.0,61,1
2025,18,Marina Bay Street Circuit,ocon,Esteban Ocon,Haas F1 Team,17,18,Lapped,0.0,61,1
2025,18,Marina Bay Street Circuit,gasly,Pierre Gasly,Alpine F1 Team,19,19,Lapped,0.0,61,1
2025,18,Marina Bay Street Circuit,hulkenberg,Nico Hülkenberg,Sauber,11,20,Lapped,0.0,61,1
2025,19,Circuit of the Americas,max_verstappen,Max Verstappen,Red Bull,1,1,Finished,25.0,56,0
2025,19,Circuit of the Americas,norris,Lando Norris,McLaren,2,2,Finished,18.0,56,0
2025,19,Circuit of the Americas,leclerc,Charles Leclerc,Ferrari,3,3,Finished,15.0,56,0
2025,19,Circuit of the Americas,hamilton,Lewis Hamilton,Ferrari,5,4,Finished,12.0,56,0
2025,19,Circuit of the Americas,piastri,Oscar Piastri,McLaren,6,5,Finished,10.0,56,0
2025,19,Circuit of the Americas,russell,George Russell,Mercedes,4,6,Finished,8.0,56,0
2025,19,Circuit of the Americas,tsunoda,Yuki Tsunoda,Red Bull,13,7,Finished,6.0,56,0
2025,19,Circuit of the Americas,hulkenberg,Nico Hülkenberg,Sauber,11,8,Finished,4.0,56,0
2025,19,Circuit of the Americas,bearman,Oliver Bearman,Haas F1 Team,8,9,Finished,2.0,56,0
2025,19,Circuit of the Americas,alonso,Fernando Alonso,Aston Martin,10,10,Finished,1.0,56,0
2025,19,Circuit of the Americas,lawson,Liam Lawson,RB F1 Team,12,11,Finished,0.0,56,0
2025,19,Circuit of the Americas,stroll,Lance Stroll,Aston Martin,19,12,Finished,0.0,56,0
2025,19,Circuit of the Americas,antonelli,Andrea Kimi Antonelli,Mercedes,7,13,Finished,0.0,56,0
2025,19,Circuit of the Americas,albon,Alexander Albon,Williams,18,14,Finished,0.0,56,0
2025,19,Circuit of the Americas,ocon,Esteban Ocon,Haas F1 Team,17,15,Finished,0.0,56,0
2025,19,Circuit of the Americas,hadjar,Isack Hadjar,RB F1 Team,20,16,Finished,0.0,56,0
2025,19,Circuit of the Americas,colapinto,Franco Colapinto,Alpine F1 Team,15,17,Lapped,0.0,55,1
2025,19,Circuit of the Americas,bortoleto,Gabriel Bortoleto,Sauber,16,18,Lapped,0.0,55,1
2025,19,Circuit of the Americas,gasly,Pierre Gasly,Alpine F1 Team,14,19,Lapped,0.0,55,1
2025,19,Circuit of the Americas,sainz,Carlos Sainz,Williams,9,20,Retired,0.0,5,1
2025,20,Autódromo Hermanos Rodríguez,norris,Lando Norris,McLaren,1,1,Finished,25.0,71,0
2025,20,Autódromo Hermanos Rodríguez,leclerc,Charles Leclerc,Ferrari,2,2,Finished,18.0,71,0
2025,20,Autódromo Hermanos Rodríguez,max_verstappen,Max Verstappen,Red Bull,5,3,Finished,15.0,71,0
2025,20,Autódromo Hermanos Rodríguez,bearman,Oliver Bearman,Haas F1 Team,9,4,Finished,12.0,71,0
2025,20,Autódromo Hermanos Rodríguez,piastri,Oscar Piastri,McLaren,7,5,Finished,10.0,71,0
2025,20,Autódromo Hermanos Rodríguez,antonelli,Andrea Kimi Antonelli,Mercedes,6,6,Finished,8.0,71,0
2025,20,Autódromo Hermanos Rodríguez,russell,George Russell,Mercedes,4,7,Finished,6.0,71,0
2025,20,Autódromo Hermanos Rodríguez,hamilton,Lewis Hamilton,Ferrari,3,8,Finished,4.0,71,0
2025,20,Autódromo Hermanos Rodríguez,ocon,Esteban Ocon,Haas F1 Team,11,9,Finished,2.0,71,0
2025,20,Autódromo Hermanos Rodríguez,bortoleto,Gabriel Bortoleto,Sauber,16,10,Finished,1.0,71,0
2025,20,Autódromo Hermanos Rodríguez,tsunoda,Yuki Tsunoda,Red Bull,10,11,Finished,0.0,71,0
2025,20,Autódromo Hermanos Rodríguez,albon,Alexander Albon,Williams,17,12,Lapped,0.0,70,1
2025,20,Autódromo Hermanos Rodríguez,hadjar,Isack Hadjar,RB F1 Team,8,13,Lapped,0.0,70,1
2025,20,Autódromo Hermanos Rodríguez,stroll,Lance Stroll,Aston Martin,19,14,Lapped,0.0,70,1
2025,20,Autódromo Hermanos Rodríguez,gasly,Pierre Gasly,Alpine F1 Team,18,15,Lapped,0.0,70,1
2025,20,Autódromo Hermanos Rodríguez,colapinto,Franco Colapinto,Alpine F1 Team,20,16,Lapped,0.0,70,1
2025,20,Autódromo Hermanos Rodríguez,sainz,Carlos Sainz,Williams,12,17,Retired,0.0,67,1
2025,20,Autódromo Hermanos Rodríguez,alonso,Fernando Alonso,Aston Martin,14,18,Retired,0.0,34,1
2025,20,Autódromo Hermanos Rodríguez,hulkenberg,Nico Hülkenberg,Sauber,13,19,Retired,0.0,25,1
2025,20,Autódromo Hermanos Rodríguez,lawson,Liam Lawson,RB F1 Team,15,20,Retired,0.0,5,1
2025,21,Autódromo José Carlos Pace,norris,Lando Norris,McLaren,1,1,Finished,25.0,71,0
2025,21,Autódromo José Carlos Pace,antonelli,Andrea Kimi Antonelli,Mercedes,2,2,Finished,18.0,71,0
2025,21,Autódromo José Carlos Pace,max_verstappen,Max Verstappen,Red Bull,19,3,Finished,15.0,71,0
2025,21,Autódromo José Carlos Pace,russell,George Russell,Mercedes,6,4,Finished,12.0,71,0
2025,21,Autódromo José Carlos Pace,piastri,Oscar Piastri,McLaren,4,5,Finished,10.0,71,0
2025,21,Autódromo José Carlos Pace,bearman,Oliver Bearman,Haas F1 Team,8,6,Finished,8.0,71,0
2025,21,Autódromo José Carlos Pace,lawson,Liam Lawson,RB F1 Team,7,7,Finished,6.0,71,0
2025,21,Autódromo José Carlos Pace,hadjar,Isack Hadjar,RB F1 Team,5,8,Finished,4.0,71,0
2025,21,Autódromo José Carlos Pace,hulkenberg,Nico Hülkenberg,Sauber,10,9,Finished,2.0,71,0
2025,21,Autódromo José Carlos Pace,gasly,Pierre Gasly,Alpine F1 Team,9,10,Finished,1.0,71,0
2025,21,Autódromo José Carlos Pace,albon,Alexander Albon,Williams,12,11,Finished,0.0,71,0
2025,21,Autódromo José Carlos Pace,ocon,Esteban Ocon,Haas F1 Team,20,12,Finished,0.0,71,0
2025,21,Autódromo José Carlos Pace,sainz,Carlos Sainz,Williams,15,13,Finished,0.0,71,0
2025,21,Autódromo José Carlos Pace,alonso,Fernando Alonso,Aston Martin,11,14,Finished,0.0,71,0
2025,21,Autódromo José Carlos Pace,colapinto,Franco Colapinto,Alpine F1 Team,16,15,Finished,0.0,71,0
2025,21,Autódromo José Carlos Pace,stroll,Lance Stroll,Aston Martin,14,16,Finished,0.0,71,0
2025,21,Autódromo José Carlos Pace,tsunoda,Yuki Tsunoda,Red Bull,17,17,Finished,0.0,71,0
2025,21,Autódromo José Carlos Pace,hamilton,Lewis Hamilton,Ferrari,13,18,Retired,0.0,37,1
2025,21,Autódromo José Carlos Pace,leclerc,Charles Leclerc,Ferrari,3,19,Retired,0.0,5,1
2025,21,Autódromo José Carlos Pace,bortoleto,Gabriel Bortoleto,Sauber,18,20,Retired,0.0,0,1
2025,22,Las Vegas Strip Street Circuit,max_verstappen,Max Verstappen,Red Bull,2,1,Finished,25.0,50,0
2025,22,Las Vegas Strip Street Circuit,russell,George Russell,Mercedes,4,2,Finished,18.0,50,0
2025,22,Las Vegas Strip Street Circuit,antonelli,Andrea Kimi Antonelli,Mercedes,17,3,Finished,15.0,50,0
2025,22,Las Vegas Strip Street Circuit,leclerc,Charles Leclerc,Ferrari,9,4,Finished,12.0,50,0
2025,22,Las Vegas Strip Street Circuit,sainz,Carlos Sainz,Williams,3,5,Finished,10.0,50,0
2025,22,Las Vegas Strip Street Circuit,hadjar,Isack Hadjar,RB F1 Team,8,6,Finished,8.0,50,0
2025,22,Las Vegas Strip Street Circuit,hulkenberg,Nico Hülkenberg,Sauber,11,7,Finished,6.0,50,0
2025,22,Las Vegas Strip Street Circuit,hamilton,Lewis Hamilton,Ferrari,19,8,Finished,4.0,50,0
2025,22,Las Vegas Strip Street Circuit,ocon,Esteban Ocon,Haas F1 Team,13,9,Finished,2.0,50,0
2025,22,Las Vegas Strip Street Circuit,bearman,Oliver Bearman,Haas F1 Team,14,10,Finished,1.0,50,0
2025,22,Las Vegas Strip Street Circuit,alonso,Fernando Alonso,Aston Martin,7,11,Finished,0.0,50,0
2025,22,Las Vegas Strip Street Circuit,tsunoda,Yuki Tsunoda,Red Bull,20,12,Finished,0.0,50,0
2025,22,Las Vegas Strip Street Circuit,gasly,Pierre Gasly,Alpine F1 Team,10,13,Finished,0.0,50,0
2025,22,Las Vegas Strip Street Circuit,lawson,Liam Lawson,RB F1 Team,6,14,Lapped,0.0,49,1
2025,22,Las Vegas Strip Street Circuit,colapinto,Franco Colapinto,Alpine F1 Team,15,15,Lapped,0.0,49,1
2025,22,Las Vegas Strip Street Circuit,albon,Alexander Albon,Williams,16,16,Retired,0.0,35,1
2025,22,Las Vegas Strip Street Circuit,bortoleto,Gabriel Bortoleto,Sauber,18,17,Retired,0.0,2,1
2025,22,Las Vegas Strip Street Circuit,stroll,Lance Stroll,Aston Martin,12,18,Retired,0.0,0,1
2025,22,Las Vegas Strip Street Circuit,norris,Lando Norris,McLaren,1,19,Disqualified,0.0,50,1
2025,22,Las Vegas Strip Street Circuit,piastri,Oscar Piastri,McLaren,5,20,Disqualified,0.0,50,1
2025,23,Losail International Circuit,max_verstappen,Max Verstappen,Red Bull,3,1,Finished,25.0,57,0
2025,23,Losail International Circuit,piastri,Oscar Piastri,McLaren,1,2,Finished,18.0,57,0
2025,23,Losail International Circuit,sainz,Carlos Sainz,Williams,7,3,Finished,15.0,57,0
2025,23,Losail International Circuit,norris,Lando Norris,McLaren,2,4,Finished,12.0,57,0
2025,23,Losail International Circuit,antonelli,Andrea Kimi Antonelli,Mercedes,5,5,Finished,10.0,57,0
2025,23,Losail International Circuit,russell,George Russell,Mercedes,4,6,Finished,8.0,57,0
2025,23,Losail International Circuit,alonso,Fernando Alonso,Aston Martin,8,7,Finished,6.0,57,0
2025,23,Losail International Circuit,leclerc,Charles Leclerc,Ferrari,10,8,Finished,4.0,57,0
2025,23,Losail International Circuit,lawson,Liam Lawson,RB F1 Team,12,9,Finished,2.0,57,0
2025,23,Losail International Circuit,tsunoda,Yuki Tsunoda,Red Bull,15,10,Finished,1.0,57,0
2025,23,Losail International Circuit,albon,Alexander Albon,Williams,14,11,Finished,0.0,57,0
2025,23,Losail International Circuit,hamilton,Lewis Hamilton,Ferrari,17,12,Finished,0.0,57,0
2025,23,Losail International Circuit,bortoleto,Gabriel Bortoleto,Sauber,19,13,Finished,0.0,57,0
2025,23,Losail International Circuit,colapinto,Franco Colapinto,Alpine F1 Team,20,14,Lapped,0.0,56,1
2025,23,Losail International Circuit,ocon,Esteban Ocon,Haas F1 Team,16,15,Lapped,0.0,56,1
2025,23,Losail International Circuit,gasly,Pierre Gasly,Alpine F1 Team,9,16,Lapped,0.0,56,1
2025,23,Losail International Circuit,stroll,Lance Stroll,Aston Martin,18,17,Retired,0.0,55,1
2025,23,Losail International Circuit,hadjar,Isack Hadjar,RB F1 Team,6,18,Retired,0.0,55,1
2025,23,Losail International Circuit,bearman,Oliver Bearman,Haas F1 Team,13,19,Retired,0.0,41,1
2025,23,Losail International Circuit,hulkenberg,Nico Hülkenberg,Sauber,11,20,Retired,0.0,6,1
2025,24,Yas Marina Circuit,max_verstappen,Max Verstappen,Red Bull,1,1,Finished,25.0,58,0
2025,24,Yas Marina Circuit,piastri,Oscar Piastri,McLaren,3,2,Finished,18.0,58,0
2025,24,Yas Marina Circuit,norris,Lando Norris,McLaren,2,3,Finished,15.0,58,0
2025,24,Yas Marina Circuit,leclerc,Charles Leclerc,Ferrari,5,4,Finished,12.0,58,0
2025,24,Yas Marina Circuit,russell,George Russell,Mercedes,4,5,Finished,10.0,58,0
2025,24,Yas Marina Circuit,alonso,Fernando Alonso,Aston Martin,6,6,Finished,8.0,58,0
2025,24,Yas Marina Circuit,ocon,Esteban Ocon,Haas F1 Team,8,7,Finished,6.0,58,0
2025,24,Yas Marina Circuit,hamilton,Lewis Hamilton,Ferrari,16,8,Finished,4.0,58,0
2025,24,Yas Marina Circuit,hulkenberg,Nico Hülkenberg,Sauber,18,9,Finished,2.0,58,0
2025,24,Yas Marina Circuit,stroll,Lance Stroll,Aston Martin,15,10,Finished,1.0,58,0
2025,24,Yas Marina Circuit,bortoleto,Gabriel Bortoleto,Sauber,7,11,Finished,0.0,58,0
2025,24,Yas Marina Circuit,bearman,Oliver Bearman,Haas F1 Team,11,12,Finished,0.0,58,0
2025,24,Yas Marina Circuit,sainz,Carlos Sainz,Williams,12,13,Finished,0.0,58,0
2025,24,Yas Marina Circuit,tsunoda,Yuki Tsunoda,Red Bull,10,14,Finished,0.0,58,0
2025,24,Yas Marina Circuit,antonelli,Andrea Kimi Antonelli,Mercedes,14,15,Finished,0.0,58,0
2025,24,Yas Marina Circuit,albon,Alexander Albon,Williams,17,16,Finished,0.0,58,0
2025,24,Yas Marina Circuit,hadjar,Isack Hadjar,RB F1 Team,9,17,Lapped,0.0,57,1
2025,24,Yas Marina Circuit,lawson,Liam Lawson,RB F1 Team,13,18,Lapped,0.0,57,1
2025,24,Yas Marina Circuit,gasly,Pierre Gasly,Alpine F1 Team,19,19,Lapped,0.0,57,1
2025,24,Yas Marina Circuit,colapinto,Franco Colapinto,Alpine F1 Team,20,20,Lapped,0.0,57,1
